dataset,display_name,model,seed,accuracy,balanced_accuracy,precision_weighted,recall_weighted,f1_weighted,precision_macro,recall_macro,f1_macro,roc_auc_weighted,train_time_s,inference_time_s,peak_memory_mb
abalone,Abalone,Adaptive Weighted NBEM,13,0.24035317200784828,0.1703511551989787,0.1939679524131554,0.24035317200784828,0.20802217072534757,0.1096895904523465,0.1587549077471363,0.12077348150032412,0.6977068162534883,0.022775623574852945,0.027235696488060058,0.9417973518371582
abalone,Abalone,Adaptive Weighted NBEM,21,0.24108292313517604,0.16929085431805838,0.1945746184090562,0.24108292313517604,0.21059652087824654,0.10885629877789463,0.1564228850578507,0.12051675729304641,0.6976734601044687,0.022171831503510476,0.02670076284557581,0.9416361808776855
abalone,Abalone,Adaptive Weighted NBEM,42,0.24081729831445847,0.16243902800189,0.1954383908509767,0.24081729831445847,0.2080691328627305,0.10275029106256375,0.14994353993931128,0.11448288194374982,0.6980964597215408,0.021123151248320936,0.026346646272577344,0.9359465599060058
abalone,Abalone,Adaptive Weighted NBEM,87,0.24011967459525202,0.1684901020212004,0.1920457910672483,0.24011967459525202,0.20896137300135714,0.10502124241438685,0.15536313713240726,0.12029131793441916,0.6980925917645905,0.022800142597407102,0.032172565907239915,0.9416457176208496
abalone,Abalone,Adaptive Weighted NBEM,123,0.2408459835002811,0.17340367696809025,0.19654732362093166,0.2408459835002811,0.20883381782634536,0.1054573805093035,0.16200494733858423,0.12001697849361341,0.698340695075111,0.02176854871213436,0.030834484705701472,0.9415780067443847
abalone,Abalone,Bernoulli NB,42,0.186749738964809,0.1051367531662073,0.14082795647752977,0.186749738964809,0.09111173746734769,0.06451006488433336,0.1051367531662073,0.04728120541647507,0.628050953926645,0.012340551405213774,0.005701188906095922,1.1648200035095215
abalone,Abalone,Categorical NB,42,0.22982111918121007,0.12755991475245615,0.18149737766447563,0.22982111918121007,0.18735805123226396,0.08036926436116139,0.12755991475245615,0.08459021820250423,0.711577011426386,0.027872635750100017,0.004093995806761086,0.9352577209472657
abalone,Abalone,Dependency-Aware NBEM,42,0.2487378518238041,0.1047373658943942,0.18066445120805252,0.2487378518238041,0.2028206210761514,0.07281591971702286,0.1047373658943942,0.08257332773203603,0.7283364863098185,0.16502773547545074,0.03591129239648581,1.2633745193481445
abalone,Abalone,Gaussian NB,42,0.2403416979335192,0.16413316762407656,0.19800789782784595,0.2403416979335192,0.20772382409296558,0.10745623965478764,0.1507499821295885,0.11657541520104822,0.7111915529839925,0.0120674247154966,0.012613122793845832,0.4662797927856445
abalone,Abalone,Hybrid NBEM,13,0.2738700905304464,0.1502894204419904,0.23283421586346548,0.2738700905304464,0.24569153596426538,0.13903188458856766,0.1502894204419904,0.13886120950015907,0.770794816566771,5.4109075116924945,0.10124496067874134,7.450830554962158
abalone,Abalone,Hybrid NBEM,21,0.2817894966323592,0.15727424413183463,0.2484532051448151,0.2817894966323592,0.25723278550420314,0.14802621790223852,0.15727424413183463,0.14534533629512167,0.7800307576405958,8.07753116353415,0.08937125310767442,7.441206932067871
abalone,Abalone,Hybrid NBEM,42,0.2750685575941161,0.15588779810252523,0.23359964376341677,0.2750685575941161,0.24802198662231775,0.14170457405726417,0.15588779810252523,0.14223163171233297,0.7730258261792343,6.039297098107636,0.10703828816767783,7.42600679397583
abalone,Abalone,Hybrid NBEM,87,0.26956329673103624,0.15157755297676442,0.23229950042574554,0.26956329673103624,0.24250221554551882,0.13908275473019407,0.15157755297676442,0.1374704113445399,0.7715809157048475,6.187393668876029,0.10821046051569283,7.438275623321533
abalone,Abalone,Hybrid NBEM,123,0.27388041719734263,0.1504873481545058,0.24746504242755893,0.27388041719734263,0.24880161189606267,0.14390953686890265,0.1504873481545058,0.13798087284696164,0.7767872299867121,6.2351116899168115,0.10342288340907543,7.4392165184021
abalone,Abalone,Hybrid w/o Adaptive,42,0.27459238350946036,0.1489752049554928,0.23035276283272016,0.27459238350946036,0.24621684281403583,0.13575884565216872,0.1489752049554928,0.13553983734924763,0.7716329784051112,5.9786036364967,0.05554377988446504,6.634243583679199
abalone,Abalone,Hybrid w/o Deep,42,0.26382166993677786,0.14032596542273099,0.20940840040716568,0.26382166993677786,0.2286078327166709,0.12793957711186568,0.14032596542273099,0.12697069971002417,0.7374856474034741,1.0247869961196556,0.08472126459237188,5.754076099395752
abalone,Abalone,Hybrid w/o Dependency,42,0.2743514279485503,0.15419484898128316,0.23207881539534495,0.2743514279485503,0.24699488955146237,0.13907996174196965,0.15419484898128316,0.140439384108201,0.7726834742877734,5.8313139725942165,0.05442948797717691,6.567915248870849
abalone,Abalone,NBEM,13,0.24035317200784828,0.17302674104821333,0.19488232499544786,0.24035317200784828,0.20795412226500493,0.10997046728338988,0.1613290488874603,0.12288159539525571,0.7114827919544991,0.023310642689466476,0.024976570345461368,0.9426243782043457
abalone,Abalone,NBEM,21,0.24132215758493683,0.1704386344278437,0.19623226238286534,0.24132215758493683,0.21019360383476457,0.10904055193385898,0.15578197428695612,0.11970247979784754,0.7116423624705215,0.02336113331839442,0.02534401386510581,0.9417536735534668
abalone,Abalone,NBEM,42,0.24345346689155853,0.16575698981509648,0.19871806544699058,0.24345346689155853,0.21049224533537245,0.10640990500776788,0.15227034123186348,0.11724993611478285,0.7113034808291051,0.019461196195334197,0.0218260447261855,0.9359353065490723
abalone,Abalone,NBEM,87,0.2410789072091609,0.17115098639837617,0.20348673355405,0.2410789072091609,0.2097731810961907,0.11579775860784161,0.15693029284744303,0.12219493144102148,0.7123836730920214,0.022106603998690844,0.022553542605601253,0.9417632102966309
abalone,Abalone,NBEM,123,0.2413238786960862,0.1755262369684768,0.19934282230692058,0.2413238786960862,0.20921533624253055,0.10857932689017144,0.1638753516290365,0.12179706255521258,0.7119514064599461,0.019074957142584024,0.02183813329320401,0.9416887283325195
abalone,Abalone,Probabilistic Deep NBEM,42,0.2700411919268413,0.1460686366001165,0.23223565523447248,0.2700411919268413,0.2388197494378174,0.1429923244897911,0.1460686366001165,0.13286046341265995,0.7672210193631848,4.8924363040365275,0.0070990305859595535,2.068052959442139
abalone,Abalone,WNB,13,0.2465824469610914,0.09520249711798386,0.1669653914341434,0.2465824469610914,0.19534001167169796,0.06214270110813962,0.09520249711798386,0.07363826312824902,0.7209365046785303,0.08693015661556273,0.016884219995699824,0.46536054611206057
abalone,Abalone,WNB,21,0.24251947724117356,0.09647852466941412,0.16951359504216107,0.24251947724117356,0.19503222526806113,0.0641764750134584,0.09647852466941412,0.07458423453451841,0.7204194116379836,0.08052825275808573,0.014056627848185599,0.4568593978881836
abalone,Abalone,WNB,42,0.24921746813075854,0.10146055251845446,0.17404933008885692,0.24921746813075854,0.20068724317702463,0.06859663115295092,0.10146055251845446,0.07987626568508843,0.7189385041291162,0.07440250862855464,0.013805072871036828,0.45600080490112305
abalone,Abalone,WNB,87,0.24563124619921287,0.09701246817227216,0.168744759260522,0.24563124619921287,0.19617342071458285,0.06399790874093901,0.09701246817227216,0.07536848436252763,0.720979816708145,0.08989678949583321,0.01655158957000822,0.45609588623046876
abalone,Abalone,WNB,123,0.24468865099308115,0.09704308298631806,0.17238237247802013,0.24468865099308115,0.19823696217091186,0.06584512272190139,0.09704308298631806,0.0767392277613248,0.7195752467096064,0.08201340609230101,0.012222270737402141,0.45621356964111326
bank_marketing,Bank,Adaptive Weighted NBEM,13,0.8864214529453733,0.5490863274663773,0.85648369356321,0.8864214529453733,0.850518577378143,0.735666961319841,0.5490863274663773,0.5609298915022412,0.8620270054938205,0.043451494770124555,0.03414122271351516,3.9122525215148927
bank_marketing,Bank,Adaptive Weighted NBEM,21,0.8864657154029146,0.5495231165372267,0.8566427937602865,0.8864657154029146,0.8506689783179698,0.7360363944149716,0.5495231165372267,0.5615163137006626,0.862225661259839,0.04569361952599138,0.03439337608870119,3.9122868537902833
bank_marketing,Bank,Adaptive Weighted NBEM,42,0.8865541767295401,0.5494091115080039,0.8570470054737951,0.8865541767295401,0.8506831117034975,0.7378462793172693,0.5494091115080039,0.5614021946287864,0.8619279221470038,0.041627560090273616,0.03207850530743599,3.9123425483703613
bank_marketing,Bank,Adaptive Weighted NBEM,87,0.8865540740097246,0.5495686314527614,0.8569361162562734,0.8865540740097246,0.8507304617342525,0.7372422473407115,0.5495686314527614,0.5616070283901466,0.8621129587420665,0.03809545165859163,0.028024662495590748,3.9121856689453125
bank_marketing,Bank,Adaptive Weighted NBEM,123,0.8865320675121584,0.5492303552665543,0.8567708931941123,0.8865320675121584,0.8505977038455657,0.7367931668269296,0.5492303552665543,0.5610644892374566,0.8619514251802451,0.03679461851716041,0.029883453459478914,3.912183475494385
bank_marketing,Bank,Bernoulli NB,42,0.8830151953911869,0.5,0.7797158396407783,0.8830151953911869,0.8281567120930153,0.44150759769559345,0.5,0.46893683934467917,0.7326487844922069,0.028852287074550988,0.0067534144967794415,10.55718822479248
bank_marketing,Bank,Categorical NB,42,0.8907124705084073,0.6778924450786867,0.8790004343291052,0.8907124705084073,0.8832761082503028,0.7341987505596113,0.6778924450786867,0.700223967157479,0.8724475770384729,0.024602120695635676,0.008134895632974804,2.2168366432189943
bank_marketing,Bank,Dependency-Aware NBEM,42,0.8830151953911869,0.5,0.7797158396407783,0.8830151953911869,0.8281567120930153,0.44150759769559345,0.5,0.46893683934467917,0.872071973054083,0.33935809661634264,0.015698762726970017,19.932591247558594
bank_marketing,Bank,Gaussian NB,42,0.8360797481427523,0.6827161882064405,0.8607088257566865,0.8360797481427523,0.8467246961264578,0.6405650972316446,0.6827161882064405,0.6563439136959983,0.8154461880616646,0.02320637258235365,0.00605658667627722,8.839651489257813
bank_marketing,Bank,Hybrid NBEM,13,0.9016167511952918,0.6919437678786969,0.8899274000752875,0.9016167511952918,0.8931287878608675,0.7714994508467116,0.6919437678786969,0.7217963697157612,0.9158298413570053,58.02673613156658,0.19400308758486062,61.13133726119995
bank_marketing,Bank,Hybrid NBEM,21,0.9009975659316917,0.6922468490599606,0.889570657346875,0.9009975659316917,0.8927090053209483,0.7695749997335476,0.6922468490599606,0.7212323034354639,0.9156515028979468,58.77385745120701,0.20103945329319686,61.13010482788086
bank_marketing,Bank,Hybrid NBEM,42,0.9001791482492484,0.6898965332046332,0.8885228871887122,0.9001791482492484,0.8918439287586152,0.7669268720987809,0.6898965332046332,0.7190078769452685,0.9159759746375734,62.55477493300568,0.17895595864392816,61.13076124191284
bank_marketing,Bank,Hybrid NBEM,87,0.9027227599033886,0.6936296188822653,0.8912946303893797,0.9027227599033886,0.8941661130772596,0.7761544619720442,0.6936296188822653,0.7241742708133642,0.9169283881076176,54.133264303975736,0.21977345107588916,61.12993679046631
bank_marketing,Bank,Hybrid NBEM,123,0.9031651839305903,0.699218242055961,0.8924565645337357,0.9031651839305903,0.895348398260365,0.7766819932045591,0.699218242055961,0.7286800248509389,0.9163394837623653,59.562058881600386,0.18227418779861182,61.12997999191284
bank_marketing,Bank,Hybrid w/o Adaptive,42,0.9003340008164757,0.6903945405297194,0.8887197731427111,0.9003340008164757,0.8920268801835103,0.767389578346326,0.6903945405297194,0.7195143900492603,0.9166400506626449,62.411871357890774,0.1381301799090579,60.50472364425659
bank_marketing,Bank,Hybrid w/o Deep,42,0.8959987794929377,0.6306139035257122,0.8777112708595022,0.8959987794929377,0.878423423137383,0.7669896004461458,0.6306139035257122,0.6664960474912407,0.8949536615609148,0.7571742962813005,0.08001053384505212,19.932942199707032
bank_marketing,Bank,Hybrid w/o Dependency,42,0.8999137153551743,0.6920431143773769,0.8886354168972556,0.8999137153551743,0.8919766809788451,0.7656063084994775,0.6920431143773769,0.7202148237902415,0.9098837453109543,61.71845224206336,0.1421590763842687,60.48752393722534
bank_marketing,Bank,NBEM,13,0.8864213893569163,0.5672940824559609,0.8573906202015913,0.8864213893569163,0.8565335010864704,0.7264773007638673,0.5672940824559609,0.5877027992455701,0.8597287515426876,0.046336539764888586,0.02604323378764093,3.9125697135925295
bank_marketing,Bank,NBEM,21,0.8864878344031357,0.5670049108212415,0.8574812689579974,0.8864878344031357,0.8564667071342811,0.7270776918419712,0.5670049108212415,0.5872753490420839,0.8599824217734227,0.04532134898472577,0.02660960643552244,3.9125853538513184
bank_marketing,Bank,NBEM,42,0.8860455277700086,0.5659338776140453,0.8563210020098664,0.8860455277700086,0.855906916754823,0.7228582436021559,0.5659338776140453,0.5856606718543615,0.8596976576826538,0.04263595901429653,0.02244256604462862,3.912594795227051
bank_marketing,Bank,NBEM,87,0.8861338570283002,0.5670446974319914,0.8566556167447494,0.8861338570283002,0.8562964213546216,0.7234772405779127,0.5670446974319914,0.5872161503135911,0.8599394263477453,0.03773381693754345,0.02050885099451989,3.9125327110290526
bank_marketing,Bank,NBEM,123,0.8864657740999519,0.5667437438341955,0.857150533524211,0.8864657740999519,0.8563768473542519,0.725848017197397,0.5667437438341955,0.586910014973211,0.8598486713412022,0.04005394193809479,0.022470716340467333,3.9125584602355956
bank_marketing,Bank,Probabilistic Deep NBEM,42,0.8989184141508384,0.6840181199194777,0.8867058998277557,0.8989184141508384,0.8899668016502782,0.7636252157423662,0.6840181199194777,0.7131197537686964,0.9082551645384302,60.47463894204702,0.04009866574779153,11.795428276062012
bank_marketing,Bank,WNB,13,0.8830151953911869,0.5,0.7797158396407783,0.8830151953911869,0.8281567120930153,0.44150759769559345,0.5,0.46893683934467917,0.8720077383487365,0.2247265530284494,0.009665199881419539,7.203107261657715
bank_marketing,Bank,WNB,21,0.8830151953911869,0.5,0.7797158396407783,0.8830151953911869,0.8281567120930153,0.44150759769559345,0.5,0.46893683934467917,0.8720645477962901,0.19098997951950877,0.0075990649638697505,7.202449893951416
bank_marketing,Bank,WNB,42,0.8830151953911869,0.5,0.7797158396407783,0.8830151953911869,0.8281567120930153,0.44150759769559345,0.5,0.46893683934467917,0.8722153223438592,0.15937045882456005,0.009142995369620622,7.203079795837402
bank_marketing,Bank,WNB,87,0.8830151953911869,0.5,0.7797158396407783,0.8830151953911869,0.8281567120930153,0.44150759769559345,0.5,0.46893683934467917,0.872213390195466,0.18681443848181517,0.008242753706872464,7.202876949310303
bank_marketing,Bank,WNB,123,0.8830151953911869,0.5,0.7797158396407783,0.8830151953911869,0.8281567120930153,0.44150759769559345,0.5,0.46893683934467917,0.8723379107349457,0.186279377178289,0.008635912742465734,7.202903461456299
car_evaluation,Car Evaluation,Adaptive Weighted NBEM,13,0.8495463099879016,0.5606883148749178,0.8508403870751821,0.8495463099879016,0.83867679313416,0.8012933236809303,0.5606883148749178,0.6102379445079466,0.9730498619151342,0.007150631421245635,0.0036092538153752684,0.11526699066162109
car_evaluation,Car Evaluation,Adaptive Weighted NBEM,21,0.8501109020029574,0.5555424639156696,0.8461803038169149,0.8501109020029574,0.8376196743726444,0.7727012518757622,0.5555424639156696,0.6014233161139639,0.9756385875373648,0.009640809008851647,0.00526262279599905,0.11531333923339844
car_evaluation,Car Evaluation,Adaptive Weighted NBEM,42,0.8454933458798225,0.5607702504831691,0.8443069718321021,0.8454933458798225,0.8340543077151968,0.7904139701707026,0.5607702504831691,0.6092719930400897,0.9742890620383499,0.006388875260017812,0.0033042181516066194,0.11543693542480468
car_evaluation,Car Evaluation,Adaptive Weighted NBEM,87,0.852456647398844,0.5569576954146332,0.8502121160243117,0.852456647398844,0.8400777517697297,0.7776261791423507,0.5569576954146332,0.6003728777351828,0.9736480357505574,0.008165651396848262,0.004198351269587874,0.11528244018554687
car_evaluation,Car Evaluation,Adaptive Weighted NBEM,123,0.8524364833983062,0.5598349417727408,0.8475441362597109,0.8524364833983062,0.839717319043279,0.774106735761234,0.5598349417727408,0.605404311729087,0.9745234671034864,0.008590591023676097,0.004243245953693986,0.11530303955078125
car_evaluation,Car Evaluation,Bernoulli NB,42,0.7002352466729399,0.25,0.49033204638936273,0.7002352466729399,0.5767793786747555,0.17505881166823498,0.25,0.20592277866778114,0.5,0.005847918801009655,0.003390803700312972,0.18423957824707032
car_evaluation,Car Evaluation,Categorical NB,42,0.8454933458798225,0.5607702504831691,0.8443069718321021,0.8454933458798225,0.8340543077151968,0.7904139701707026,0.5607702504831691,0.6092719930400897,0.9742890620383499,0.007139952550642192,0.0015372241148725152,0.11489276885986328
car_evaluation,Car Evaluation,Dependency-Aware NBEM,42,0.7002352466729399,0.25,0.49033204638936273,0.7002352466729399,0.5767793786747555,0.17505881166823498,0.25,0.20592277866778114,0.9733931767708827,0.06876082306262106,0.004561651754193008,0.4887886047363281
car_evaluation,Car Evaluation,Gaussian NB,42,0.6261795940314558,0.4765684076688862,0.7177470515213263,0.6261795940314558,0.6266558699925564,0.3746740228936817,0.4765684076688862,0.3055235401869256,0.7822375929128803,0.005157541064545512,0.003250182210467756,0.1549764633178711
car_evaluation,Car Evaluation,Hybrid NBEM,13,0.9542982927812877,0.8779673874769569,0.9556828702256424,0.9542982927812877,0.9536626443110112,0.9161403281451743,0.8779673874769569,0.8903840825116165,0.9949810503086942,7.232117761368864,0.028962964308448136,2.6344577789306642
car_evaluation,Car Evaluation,Hybrid NBEM,21,0.9450026885334051,0.8465500408682226,0.9473254021557563,0.9450026885334051,0.9439651504444407,0.9071499141237591,0.8465500408682226,0.8654572075740754,0.9932871390037695,6.4991787831066175,0.02629124338272959,2.633463001251221
car_evaluation,Car Evaluation,Hybrid NBEM,42,0.9310962494959,0.823686739894874,0.9317314519188351,0.9310962494959,0.9291339318662335,0.8793014298074986,0.823686739894874,0.840232448182511,0.990894596991953,4.767224325332791,0.027803948475047947,2.63106689453125
car_evaluation,Car Evaluation,Hybrid NBEM,87,0.9502587713402338,0.866847247648683,0.9534610193990355,0.9502587713402338,0.9496021459511441,0.9235543941758475,0.866847247648683,0.8846893533197209,0.9942940255356003,7.213634293666109,0.02771702129393816,2.6336316108703612
car_evaluation,Car Evaluation,Hybrid NBEM,123,0.9247714746605726,0.8141993572615582,0.929149722200146,0.9247714746605726,0.9227998663610185,0.8867464217802313,0.8141993572615582,0.8281944976959121,0.9884957179626473,4.430858918186277,0.035031340550631285,2.6307399749755858
car_evaluation,Car Evaluation,Hybrid w/o Adaptive,42,0.9195120311869875,0.7141868896653586,0.9029795781537772,0.9195120311869875,0.9074182819344297,0.744030401183736,0.7141868896653586,0.714910499934234,0.9876446259052563,4.684900971315801,0.03242736780084669,2.5779850006103517
car_evaluation,Car Evaluation,Hybrid w/o Deep,42,0.8952715418739079,0.7264198719940347,0.8977664966692682,0.8952715418739079,0.8912574126323266,0.8062598284641881,0.7264198719940347,0.740021719827525,0.9811384083322767,0.21888427252415568,0.018452882766723633,0.6245108604431152
car_evaluation,Car Evaluation,Hybrid w/o Dependency,42,0.9281959940852265,0.8217342466146293,0.9291075416073109,0.9281959940852265,0.9263288354761101,0.8772365414849371,0.8217342466146293,0.8381850495871339,0.9880954433847945,4.610028500435874,0.015901407692581415,2.5618253707885743
car_evaluation,Car Evaluation,NBEM,13,0.8495463099879016,0.5606883148749178,0.8508403870751821,0.8495463099879016,0.83867679313416,0.8012933236809303,0.5606883148749178,0.6102379445079466,0.9730498619151342,0.007180532696656883,0.002900422946549952,0.11560497283935547
car_evaluation,Car Evaluation,NBEM,21,0.8501109020029574,0.5555424639156696,0.8461803038169149,0.8501109020029574,0.8376196743726444,0.7727012518757622,0.5555424639156696,0.6014233161139639,0.9756385875373648,0.008419043198227883,0.0031975131947547196,0.11563587188720703
car_evaluation,Car Evaluation,NBEM,42,0.8454933458798225,0.5607702504831691,0.8443069718321021,0.8454933458798225,0.8340543077151968,0.7904139701707026,0.5607702504831691,0.6092719930400897,0.9742890620383499,0.007703634025529027,0.003007042221724987,0.11568222045898438
car_evaluation,Car Evaluation,NBEM,87,0.852456647398844,0.5569576954146332,0.8502121160243117,0.852456647398844,0.8400777517697297,0.7776261791423507,0.5569576954146332,0.6003728777351828,0.9736480357505574,0.009892065008170903,0.00375004590023309,0.11566677093505859
car_evaluation,Car Evaluation,NBEM,123,0.8524364833983062,0.5598349417727408,0.8475441362597109,0.8524364833983062,0.839717319043279,0.774106735761234,0.5598349417727408,0.605404311729087,0.9745234671034864,0.008467269572429359,0.0032889256719499825,0.11559467315673828
car_evaluation,Car Evaluation,Probabilistic Deep NBEM,42,0.8389971770399247,0.6100171758066495,0.8073277533109959,0.8389971770399247,0.8018436813782073,0.6697629770411068,0.6100171758066495,0.614939096233907,0.897238424594464,4.4559456530027095,0.0042182142613455655,1.3427885055541993
car_evaluation,Car Evaluation,WNB,13,0.7002352466729399,0.25,0.49033204638936273,0.7002352466729399,0.5767793786747555,0.17505881166823498,0.25,0.20592277866778114,0.9538597297295552,0.041405308456160125,0.0019126559142023324,0.1769275665283203
car_evaluation,Car Evaluation,WNB,21,0.7002352466729399,0.25,0.49033204638936273,0.7002352466729399,0.5767793786747555,0.17505881166823498,0.25,0.20592277866778114,0.9541958479643631,0.04232105612754822,0.002644980605691671,0.17665910720825195
car_evaluation,Car Evaluation,WNB,42,0.7002352466729399,0.25,0.49033204638936273,0.7002352466729399,0.5767793786747555,0.17505881166823498,0.25,0.20592277866778114,0.9527446226115224,0.03605076046660542,0.0021085943561047317,0.17562580108642578
car_evaluation,Car Evaluation,WNB,87,0.7002352466729399,0.25,0.49033204638936273,0.7002352466729399,0.5767793786747555,0.17505881166823498,0.25,0.20592277866778114,0.9535355785324319,0.047120764316059646,0.002382874581962824,0.17660818099975586
car_evaluation,Car Evaluation,WNB,123,0.7002352466729399,0.25,0.49033204638936273,0.7002352466729399,0.5767793786747555,0.17505881166823498,0.25,0.20592277866778114,0.9527183679393584,0.04488474759273231,0.0024212337331846355,0.17671661376953124
cardiotocography,Fetal Health,Adaptive Weighted NBEM,13,0.8358269111524492,0.7739251414245916,0.8782315940489583,0.8358269111524492,0.8481325887721539,0.6975601881840323,0.7739251414245916,0.7189695193014518,0.9279458138831795,0.009064483153633774,0.008634674013592303,0.5251697540283203
cardiotocography,Fetal Health,Adaptive Weighted NBEM,21,0.8316059881300382,0.7686870711069739,0.8748672232053872,0.8316059881300382,0.8441528046218568,0.6910911833771521,0.7686870711069739,0.7131835298562875,0.927805725399453,0.009209761093370617,0.011221090890467167,0.5251229286193848
cardiotocography,Fetal Health,Adaptive Weighted NBEM,42,0.8339600496058109,0.7710640509052005,0.8758777365243045,0.8339600496058109,0.8465773116111643,0.6900583265545583,0.7710640509052005,0.7155494238766241,0.927107061873769,0.008372354554012418,0.008724036370404064,0.5252241134643555
cardiotocography,Fetal Health,Adaptive Weighted NBEM,87,0.8339556205155461,0.7708429702994575,0.87566541321491,0.8339556205155461,0.8463868783118915,0.6922195639450719,0.7708429702994575,0.7162362864696601,0.9282666641688083,0.008764061005786061,0.010745489946566522,0.5244009971618653
cardiotocography,Fetal Health,Adaptive Weighted NBEM,123,0.8315993444946408,0.7711535444542117,0.874904036305973,0.8315993444946408,0.8446117149341917,0.6890283833200623,0.7711535444542117,0.7149311778882784,0.9272826867088193,0.007787613780237734,0.008266589324921369,0.5244178771972656
cardiotocography,Fetal Health,Bernoulli NB,42,0.803848879440163,0.7272138658101169,0.8440653569159888,0.803848879440163,0.8173450433040056,0.6454201046817365,0.7272138658101169,0.6744901144517919,0.9066791313412003,0.0071361081441864375,0.0037662780843675135,0.6536811828613281
cardiotocography,Fetal Health,Categorical NB,42,0.8174949065461954,0.7744832095402735,0.8655045737131379,0.8174949065461954,0.8321972926576822,0.674424849869247,0.7744832095402735,0.7080014784955042,0.9205539499311974,0.015965738031081856,0.0027694552671164276,0.1234354019165039
cardiotocography,Fetal Health,Dependency-Aware NBEM,42,0.7784657631322526,0.3333333333333333,0.6060246016680859,0.7784657631322526,0.6815018938427884,0.2594885877107509,0.3333333333333333,0.29180987747390563,0.922240410644261,0.13706509687472135,0.008259242307394743,1.2908218383789063
cardiotocography,Fetal Health,Gaussian NB,42,0.7516653379395872,0.7567489101199603,0.8752009734554029,0.7516653379395872,0.781680283090462,0.6639415277218231,0.7567489101199603,0.6640606443166497,0.9325332408122954,0.00608029451686889,0.003854785696603358,0.5456094741821289
cardiotocography,Fetal Health,Hybrid NBEM,13,0.9195765789706793,0.8270520144791267,0.9198098187059379,0.9195765789706793,0.9186096955370585,0.8669845328823911,0.8270520144791267,0.8434591629322228,0.9761575027679161,4.778245675563812,0.04450137061066926,3.1938514709472656
cardiotocography,Fetal Health,Hybrid NBEM,21,0.9285056249446363,0.8538141279852954,0.9287398583966133,0.9285056249446363,0.9275228882029513,0.8843270500182667,0.8538141279852954,0.8657047823037693,0.9805530932004702,4.267074349080213,0.03677625053096563,3.1927690505981445
cardiotocography,Fetal Health,Hybrid NBEM,42,0.9327398352378422,0.8630379102411656,0.9328019044301887,0.9327398352378422,0.9316643833760663,0.8958047184667308,0.8630379102411656,0.8757146003601868,0.9813000097395228,5.353652610606514,0.03943451601080596,3.192225933074951
cardiotocography,Fetal Health,Hybrid NBEM,87,0.9266232615820711,0.8486818912916814,0.9267156517103496,0.9266232615820711,0.9260720797607881,0.8796407309972532,0.8486818912916814,0.8623089175159926,0.9787224244980886,4.676744247437455,0.039287615171633664,3.1882884025573732
cardiotocography,Fetal Health,Hybrid NBEM,123,0.917209230224112,0.8349489263629394,0.9178005600494468,0.917209230224112,0.9163457444901718,0.859941414259262,0.8349489263629394,0.844144656494301,0.9787074791043878,4.191479975776747,0.03881470514461398,3.188358783721924
cardiotocography,Fetal Health,Hybrid w/o Adaptive,42,0.931796439011427,0.8607390596664528,0.931805155746655,0.931796439011427,0.9306274961395766,0.8933664478613705,0.8607390596664528,0.8732389355193106,0.9807968048850381,5.318916224176064,0.022531116451136767,3.144410514831543
cardiotocography,Fetal Health,Hybrid w/o Deep,42,0.8635795907520596,0.7253510182677563,0.8665987413735732,0.8635795907520596,0.8628649188828457,0.7655720454602729,0.7253510182677563,0.7381682263947608,0.9430670750210721,0.29234664272516964,0.031206199922598897,1.291180419921875
cardiotocography,Fetal Health,Hybrid w/o Dependency,42,0.931326955443352,0.8598358298891059,0.9315841349024121,0.931326955443352,0.9303023236940705,0.8920577408698233,0.8598358298891059,0.87211594839443,0.9806985691863648,5.0883014714811,0.024658463499508797,3.1223318099975588
cardiotocography,Fetal Health,NBEM,13,0.8137279652759324,0.7706323653455793,0.8733306479535751,0.8137279652759324,0.8305343722452248,0.6741313305531786,0.7706323653455793,0.6995977343085806,0.9338033438746809,0.00924794899765402,0.007985731214284897,0.5253676414489746
cardiotocography,Fetal Health,NBEM,21,0.8132717689786517,0.7678033131563277,0.871688397544428,0.8132717689786517,0.8299426181003866,0.6691992230981595,0.7678033131563277,0.6970566862565054,0.9336456471689651,0.01004003353882581,0.008397770719602704,0.5253217697143555
cardiotocography,Fetal Health,NBEM,42,0.8146780051377448,0.7701362484790721,0.8738796467069575,0.8146780051377448,0.8317097516662313,0.6714624021218154,0.7701362484790721,0.6995486739197662,0.9325839190990088,0.008643387746997178,0.009143294487148523,0.5252693176269532
cardiotocography,Fetal Health,NBEM,87,0.8151563468863495,0.7700948675559492,0.8732918461625767,0.8151563468863495,0.8320301555699544,0.673770178167641,0.7700948675559492,0.7013551366231864,0.9331952381859899,0.009329878352582454,0.008568421611562372,0.5246213912963867
cardiotocography,Fetal Health,NBEM,123,0.8174971210913279,0.7740892769759555,0.874761857913461,0.8174971210913279,0.8339080903354313,0.6761052438843819,0.7740892769759555,0.7046399760545119,0.9326572381474435,0.008797892276197672,0.0077157225226983425,0.5246260643005372
cardiotocography,Fetal Health,Probabilistic Deep NBEM,42,0.9317920099211621,0.8591486457230977,0.9324849586848625,0.9317920099211621,0.9306000304997089,0.8947467034265563,0.8591486457230977,0.8720244328232539,0.9822266231649677,4.9553668074076995,0.004322826187126339,1.668418025970459
cardiotocography,Fetal Health,WNB,13,0.7784657631322526,0.3333333333333333,0.6060246016680859,0.7784657631322526,0.6815018938427884,0.2594885877107509,0.3333333333333333,0.29180987747390563,0.9259675997734901,0.1159605696098879,0.004900646582245827,0.4376973152160645
cardiotocography,Fetal Health,WNB,21,0.7784657631322526,0.3333333333333333,0.6060246016680859,0.7784657631322526,0.6815018938427884,0.2594885877107509,0.3333333333333333,0.29180987747390563,0.9240659800911617,0.1272038300288841,0.0053683451376855375,0.43703060150146483
cardiotocography,Fetal Health,WNB,42,0.7784657631322526,0.3333333333333333,0.6060246016680859,0.7784657631322526,0.6815018938427884,0.2594885877107509,0.3333333333333333,0.29180987747390563,0.9241809380094483,0.09799635889939964,0.004589630826376379,0.43439626693725586
cardiotocography,Fetal Health,WNB,87,0.7784657631322526,0.3333333333333333,0.6060246016680859,0.7784657631322526,0.6815018938427884,0.2594885877107509,0.3333333333333333,0.29180987747390563,0.9252088872469837,0.14417480621486903,0.005682223150506616,0.432452392578125
cardiotocography,Fetal Health,WNB,123,0.7784657631322526,0.3333333333333333,0.6060246016680859,0.7784657631322526,0.6815018938427884,0.2594885877107509,0.3333333333333333,0.29180987747390563,0.9261821496987753,0.12207388349343092,0.004491511918604374,0.4329523086547852
chronic_kidney_disease,Kidney Disease,Adaptive Weighted NBEM,13,0.9475,0.958,0.9553502321981424,0.9475,0.9481239522658795,0.9404669762641898,0.958,0.9456444524802903,0.9978666666666667,0.011578581691719592,0.009647472598589956,0.07368183135986328
chronic_kidney_disease,Kidney Disease,Adaptive Weighted NBEM,21,0.9475,0.958,0.9562959558823529,0.9475,0.9481741172413205,0.9417279411764706,0.958,0.9458324441910456,0.9986666666666666,0.011548851151019335,0.00947840241715312,0.07362165451049804
chronic_kidney_disease,Kidney Disease,Adaptive Weighted NBEM,42,0.9475,0.958,0.9555147058823529,0.9475,0.9481170069822296,0.9406862745098039,0.958,0.945669453930987,0.9984,0.01387470008339733,0.011277476022951306,0.07387495040893555
chronic_kidney_disease,Kidney Disease,Adaptive Weighted NBEM,87,0.95,0.96,0.9570772058823529,0.95,0.9505920643082527,0.9427696078431372,0.96,0.9481606015932298,0.9992000000000001,0.01241539001930505,0.011222372273914516,0.07431716918945312
chronic_kidney_disease,Kidney Disease,Adaptive Weighted NBEM,123,0.9475,0.958,0.9550091911764707,0.9475,0.9481293352650226,0.9400122549019608,0.958,0.9455855796489683,0.9989333333333332,0.013624639925546944,0.010820926446467639,0.07422094345092774
chronic_kidney_disease,Kidney Disease,Bernoulli NB,42,0.9349999999999999,0.9480000000000001,0.9460574690402476,0.9349999999999999,0.9358423823033061,0.9280766253869969,0.9480000000000001,0.9329689537738408,0.9708,0.005600293516181409,0.0032366840168833733,0.1421834945678711
chronic_kidney_disease,Kidney Disease,Categorical NB,42,0.9875,0.99,0.9885569852941176,0.9875,0.9875965204630239,0.9847426470588235,0.99,0.9868917324994515,1.0,0.013651337381452322,0.002170020225457847,0.07510051727294922
chronic_kidney_disease,Kidney Disease,Dependency-Aware NBEM,42,0.97,0.968,0.9713576643264143,0.97,0.9698986760786287,0.96940756003256,0.968,0.9678162871206496,0.9965333333333334,0.13973241769708694,0.007680268445983529,0.3283233642578125
chronic_kidney_disease,Kidney Disease,Gaussian NB,42,0.9650000000000001,0.9719999999999999,0.9693014705882353,0.9650000000000001,0.9653665109504835,0.9590686274509803,0.9719999999999999,0.963576199962733,0.9720000000000001,0.0038152735447511076,0.002412903937511146,0.1317056655883789
chronic_kidney_disease,Kidney Disease,Hybrid NBEM,13,0.9800000000000001,0.9800000000000001,0.9805649038461539,0.9800000000000001,0.9800258434853364,0.9780352564102565,0.9800000000000001,0.9787288690782209,0.9986666666666666,1.0337265776004643,0.0363493031822145,1.4346561431884766
chronic_kidney_disease,Kidney Disease,Hybrid NBEM,21,0.9824999999999999,0.9806666666666667,0.9825961538461538,0.9824999999999999,0.9824814063556456,0.982076923076923,0.9806666666666667,0.9812954699121027,0.9975999999999999,0.862331751966849,0.034935315046459435,1.4334218978881836
chronic_kidney_disease,Kidney Disease,Hybrid NBEM,42,0.9800000000000001,0.9786666666666667,0.9814634133567957,0.9800000000000001,0.9799621032153343,0.9803177895089661,0.9786666666666667,0.9786214782182231,0.9994666666666667,0.9906057907966896,0.03869360510725528,1.4350412368774415
chronic_kidney_disease,Kidney Disease,Hybrid NBEM,87,0.9824999999999999,0.982,0.9838672595106418,0.9824999999999999,0.9824806968596885,0.9822408664320429,0.982,0.9813260083061204,0.9989333333333332,1.0146741315489636,0.03741502689663321,1.4379115104675293
chronic_kidney_disease,Kidney Disease,Hybrid NBEM,123,0.9875,0.9846666666666668,0.9882189280626781,0.9875,0.9873952075054374,0.9893251424501426,0.9846666666666668,0.9864631229406283,0.9997333333333334,1.036466217180714,0.0386133843800053,1.4394887924194335
chronic_kidney_disease,Kidney Disease,Hybrid w/o Adaptive,42,0.9775,0.9766666666666666,0.9791196633567957,0.9775,0.9774769155918979,0.977192789508966,0.9766666666666666,0.9759881668291515,0.9975999999999999,0.9936749425949529,0.016986353695392607,1.4247570037841797
chronic_kidney_disease,Kidney Disease,Hybrid w/o Deep,42,0.9775,0.9766666666666666,0.9791196633567957,0.9775,0.9774769155918979,0.977192789508966,0.9766666666666666,0.9759881668291515,0.9997333333333334,0.24363218338694423,0.02762689031660557,0.32867431640625
chronic_kidney_disease,Kidney Disease,Hybrid w/o Dependency,42,0.9800000000000001,0.9800000000000001,0.9820290242165243,0.9800000000000001,0.9800301609151367,0.9797898860398859,0.9800000000000001,0.978797397732297,0.9992000000000001,0.8394521574256941,0.023389496235176922,1.372850513458252
chronic_kidney_disease,Kidney Disease,NBEM,13,0.9275,0.942,0.9412877321981424,0.9275,0.9284911529095778,0.9217169762641898,0.942,0.9255142498616085,0.9978666666666667,0.01124697660561651,0.0077021389035508035,0.07419862747192382
chronic_kidney_disease,Kidney Disease,NBEM,21,0.925,0.9400000000000001,0.94109423374613,0.925,0.9260808948988665,0.9214589783281735,0.9400000000000001,0.923292880733406,0.9986666666666666,0.01275805865880102,0.008606267999857664,0.07383537292480469
chronic_kidney_disease,Kidney Disease,NBEM,42,0.9225,0.938,0.9383793813578063,0.9225,0.9235366798686198,0.9178391751437417,0.938,0.9205616335849653,0.9984,0.012819569907151163,0.00847461661323905,0.0740579605102539
chronic_kidney_disease,Kidney Disease,NBEM,87,0.9275,0.942,0.9412352111897391,0.9275,0.9284726116842548,0.9216469482529854,0.942,0.9254940056259388,0.9992000000000001,0.012873562751337886,0.008998316223733127,0.07461347579956054
chronic_kidney_disease,Kidney Disease,NBEM,123,0.925,0.9399999999999998,0.9378869969040247,0.925,0.9260203563701992,0.9171826625386996,0.9399999999999998,0.9227013118341274,0.9989333333333332,0.013190473592840136,0.009015658753924072,0.07460012435913085
chronic_kidney_disease,Kidney Disease,Probabilistic Deep NBEM,42,0.915,0.9226666666666666,0.9280446241393836,0.915,0.9159497054744099,0.9142692906427763,0.9226666666666666,0.9125426864437592,0.9789333333333333,0.7213078557280823,0.002371853683143854,1.3625832557678224
chronic_kidney_disease,Kidney Disease,WNB,13,0.9875,0.9833333333333334,0.9879807692307694,0.9875,0.9874070317782285,0.9903846153846153,0.9833333333333334,0.9864773495605139,0.9994666666666667,0.09788269146811217,0.004034065105952322,0.1090005874633789
chronic_kidney_disease,Kidney Disease,WNB,21,0.9800000000000001,0.9733333333333334,0.9811253561253561,0.9800000000000001,0.9797607902577476,0.9849002849002849,0.9733333333333334,0.9781928686594001,0.9989333333333332,0.12967969770543278,0.004478739830665291,0.10863513946533203
chronic_kidney_disease,Kidney Disease,WNB,42,0.9800000000000001,0.9733333333333334,0.9811253561253561,0.9800000000000001,0.9797607902577476,0.9849002849002849,0.9733333333333334,0.9781928686594001,0.9991999999999999,0.10207023536786437,0.003801604197360575,0.10820655822753907
chronic_kidney_disease,Kidney Disease,WNB,87,0.975,0.968,0.976763925729443,0.975,0.9745267650237224,0.9800778072502212,0.968,0.9724525349190664,0.9997333333333334,0.10300460746511816,0.0036880220053717495,0.1107945442199707
chronic_kidney_disease,Kidney Disease,WNB,123,0.9875,0.9833333333333334,0.9884958791208792,0.9875,0.9872584101955681,0.9907967032967033,0.9833333333333334,0.9862051955894048,0.9984,0.09960790907498449,0.003746030549518764,0.11165399551391601
cirrhosis_patient_survival_prediction_dataset_1,Cirrhosis Survival,Adaptive Weighted NBEM,13,0.7103368176538909,0.490478473998295,0.6914213254418399,0.7103368176538909,0.6823149052206544,0.5231276806248998,0.490478473998295,0.48827902460756123,0.8164350353682831,0.011899636080488562,0.011184867401607335,0.07697467803955078
cirrhosis_patient_survival_prediction_dataset_1,Cirrhosis Survival,Adaptive Weighted NBEM,21,0.7155632984901278,0.49421355498721226,0.696364880261743,0.7155632984901278,0.6888554037383272,0.5118259112521255,0.49421355498721226,0.48968946363070553,0.8185869980350085,0.012300953641533852,0.010212051216512918,0.07599716186523438
cirrhosis_patient_survival_prediction_dataset_1,Cirrhosis Survival,Adaptive Weighted NBEM,42,0.707897793263647,0.4942171071327081,0.6986178224434699,0.707897793263647,0.6808280013754178,0.5298578857567194,0.4942171071327081,0.4923577438596699,0.8136337138708768,0.010386161762289703,0.009415268176235258,0.07668676376342773
cirrhosis_patient_survival_prediction_dataset_1,Cirrhosis Survival,Adaptive Weighted NBEM,87,0.6936701509872242,0.47728225348110254,0.6830098482319988,0.6936701509872242,0.6646157775472831,0.5157472901261752,0.47728225348110254,0.4738302617553553,0.8198427272580033,0.010987690184265375,0.008810450648888945,0.07694940567016602
cirrhosis_patient_survival_prediction_dataset_1,Cirrhosis Survival,Adaptive Weighted NBEM,123,0.7131242740998839,0.4926204177323103,0.6950498010738888,0.7131242740998839,0.6852012001580503,0.5057134194748973,0.4926204177323103,0.48488269571901965,0.8126745941620781,0.012915723724290729,0.01148674227297306,0.0763819694519043
cirrhosis_patient_survival_prediction_dataset_1,Cirrhosis Survival,Bernoulli NB,42,0.7104529616724738,0.49811025859619207,0.6760723129225017,0.7104529616724738,0.687089641103,0.4740216954655618,0.49811025859619207,0.4815054845011389,0.816293522920288,0.006084437691606581,0.003954399866051972,0.11197452545166016
cirrhosis_patient_survival_prediction_dataset_1,Cirrhosis Survival,Categorical NB,42,0.7437862950058072,0.5448174197215118,0.7315394668260063,0.7437862950058072,0.7320053239623976,0.5520205184678868,0.5448174197215118,0.5389876577102074,0.844606139723919,0.011667388561181723,0.0020689541939646005,0.06671028137207032
cirrhosis_patient_survival_prediction_dataset_1,Cirrhosis Survival,Dependency-Aware NBEM,42,0.7271777003484321,0.49319053708439897,0.6967394327642558,0.7271777003484321,0.692336492225844,0.4971731909754549,0.49319053708439897,0.48057922461257013,0.8258742597320902,0.12402793120127172,0.005969360703602433,0.2611217498779297
cirrhosis_patient_survival_prediction_dataset_1,Cirrhosis Survival,Gaussian NB,42,0.3968060394889663,0.47848998294970163,0.7433724359587623,0.3968060394889663,0.46058704509595466,0.553900995084138,0.47848998294970163,0.3628706016079094,0.75458389341605,0.004341535805724561,0.0028955958783626556,0.10672321319580078
cirrhosis_patient_survival_prediction_dataset_1,Cirrhosis Survival,Hybrid NBEM,13,0.7655632984901277,0.5324737141233304,0.7231558807707773,0.7655632984901277,0.7383304212075184,0.512009433445877,0.5324737141233304,0.5179188968094272,0.8580124418561518,0.7799654681002721,0.037509472318924965,1.346013355255127
cirrhosis_patient_survival_prediction_dataset_1,Cirrhosis Survival,Hybrid NBEM,21,0.7538327526132405,0.5311683006535948,0.7181114626146018,0.7538327526132405,0.7294996154796012,0.5368269256996933,0.5311683006535948,0.5247378169884224,0.8423559658736167,0.8530889714602381,0.03939555874094367,1.3419113159179688
cirrhosis_patient_survival_prediction_dataset_1,Cirrhosis Survival,Hybrid NBEM,42,0.7558652729384436,0.5228331912475135,0.717646962021786,0.7558652729384436,0.727925338472651,0.5077826161894108,0.5228331912475135,0.5088372007862073,0.8432076625532978,0.795302383066155,0.03507623518817127,1.3439528465270996
cirrhosis_patient_survival_prediction_dataset_1,Cirrhosis Survival,Hybrid NBEM,87,0.7559814169570267,0.5260638675760159,0.7116097931181368,0.7559814169570267,0.7307155361430225,0.5033918516124398,0.5260638675760159,0.5126549624059971,0.8579307276425376,0.8658779992023483,0.042195513285696505,1.3454319953918457
cirrhosis_patient_survival_prediction_dataset_1,Cirrhosis Survival,Hybrid NBEM,123,0.7513937282229965,0.529450838306337,0.7226668342851047,0.7513937282229965,0.7271566871454069,0.5390837135663331,0.529450838306337,0.5222804396305797,0.8554487472067702,0.7878718331921846,0.03696928436402232,1.3440011978149413
cirrhosis_patient_survival_prediction_dataset_1,Cirrhosis Survival,Hybrid w/o Adaptive,42,0.7461672473867595,0.5158283603296392,0.7066476481758351,0.7461672473867595,0.7184506940659363,0.49947152979239445,0.5158283603296392,0.501869207951185,0.8385034328577332,0.8033396725310012,0.01989433744456619,1.3391688346862793
cirrhosis_patient_survival_prediction_dataset_1,Cirrhosis Survival,Hybrid w/o Deep,42,0.7558652729384436,0.5222612958226769,0.7136040056138119,0.7558652729384436,0.7266459952167362,0.5037534200768813,0.5222612958226769,0.5071376074027877,0.8454098863742638,0.2653952221153304,0.030050558783113957,0.26149559020996094
cirrhosis_patient_survival_prediction_dataset_1,Cirrhosis Survival,Hybrid w/o Dependency,42,0.7412891986062717,0.5116616936629724,0.7011083730000977,0.7412891986062717,0.7132082984461008,0.49605733931785256,0.5116616936629724,0.4980929767644101,0.8214210470150778,0.6435413694242016,0.026674107532016933,1.3212042808532716
cirrhosis_patient_survival_prediction_dataset_1,Cirrhosis Survival,NBEM,13,0.7056910569105691,0.49875319693094633,0.6988940530701798,0.7056910569105691,0.6861296708611224,0.5375090321864515,0.49875319693094633,0.5012325483222371,0.8161503434816979,0.013891786360181868,0.009534103982150554,0.07732763290405273
cirrhosis_patient_survival_prediction_dataset_1,Cirrhosis Survival,NBEM,21,0.7036585365853659,0.49542128445581135,0.690508362097353,0.7036585365853659,0.681830600099371,0.5093325764119702,0.49542128445581135,0.49068960814058854,0.8160385050336911,0.012018258310854435,0.009141585999168455,0.07642126083374023
cirrhosis_patient_survival_prediction_dataset_1,Cirrhosis Survival,NBEM,42,0.7102787456445994,0.5072907786302927,0.7052108909498426,0.7102787456445994,0.6883715766621187,0.5410364469192408,0.5072907786302927,0.5066467637410514,0.8125977771455949,0.012699152855202556,0.00812883002217859,0.07702007293701171
cirrhosis_patient_survival_prediction_dataset_1,Cirrhosis Survival,NBEM,87,0.6984901277584205,0.4825944870701904,0.6941403910299482,0.6984901277584205,0.6774755297324828,0.5235381028236515,0.4825944870701904,0.4840969762399608,0.8212493201421314,0.012222014297731221,0.008647360722534359,0.07730655670166016
cirrhosis_patient_survival_prediction_dataset_1,Cirrhosis Survival,NBEM,123,0.7035423925667829,0.4861892583120205,0.6932221666660242,0.7035423925667829,0.6808608444610736,0.4998917331175396,0.4861892583120205,0.47923430589347793,0.8141877773963782,0.012934817699715495,0.008830741140991449,0.07674570083618164
cirrhosis_patient_survival_prediction_dataset_1,Cirrhosis Survival,Probabilistic Deep NBEM,42,0.7247386759581882,0.5010034811025859,0.6861877273987942,0.7247386759581882,0.6982411028493172,0.4845298769014996,0.5010034811025859,0.48753945133851745,0.8066832694358368,0.5676522977882996,0.0027757773408666254,1.3163103103637694
cirrhosis_patient_survival_prediction_dataset_1,Cirrhosis Survival,WNB,13,0.720034843205575,0.4807846689400398,0.7143522504431166,0.720034843205575,0.6764160967383479,0.5170556543012049,0.4807846689400398,0.46741220644138276,0.8429272985726772,0.09049092743080109,0.004216462699696421,0.09665660858154297
cirrhosis_patient_survival_prediction_dataset_1,Cirrhosis Survival,WNB,21,0.7178281068524971,0.4796426541631146,0.7117542561694159,0.7178281068524971,0.6748658993226766,0.5140020558199792,0.4796426541631146,0.4661916711950422,0.8377369054541711,0.10064736215863376,0.004145084507763385,0.0950545310974121
cirrhosis_patient_survival_prediction_dataset_1,Cirrhosis Survival,WNB,42,0.7080720092915215,0.4718190537084399,0.6966582072336565,0.7080720092915215,0.6619775155042358,0.5018493769622474,0.4718190537084399,0.45579167858785674,0.8377094461189454,0.0857505515916273,0.004475151468068361,0.09485139846801757
cirrhosis_patient_survival_prediction_dataset_1,Cirrhosis Survival,WNB,87,0.7081881533101045,0.47227017618641665,0.6958241129608134,0.7081881533101045,0.6658485526826812,0.5020050015973592,0.47227017618641665,0.45940047817502583,0.8462052646991671,0.10665875556878746,0.00423722283449024,0.09662599563598633
cirrhosis_patient_survival_prediction_dataset_1,Cirrhosis Survival,WNB,123,0.7297909407665506,0.48860649332196643,0.7274467159414677,0.7297909407665506,0.6889214816417129,0.5272723684445451,0.48860649332196643,0.4772916043482602,0.8448546695067878,0.08261010718997568,0.003758931043557823,0.09547758102416992
credit_approval,Credit Approval,Adaptive Weighted NBEM,13,0.7898550724637682,0.7717637455922686,0.8083970773927159,0.7898550724637682,0.7818359022464679,0.8155652190024105,0.7717637455922686,0.7755091321852842,0.9086503272241812,0.013864576467312872,0.010767574002966285,0.06684951782226563
credit_approval,Credit Approval,Adaptive Weighted NBEM,21,0.7840579710144928,0.7654196595707632,0.8060739391044522,0.7840579710144928,0.7742350681485906,0.8134100287457977,0.7654196595707632,0.767454307995362,0.9070718151872651,0.01444342229515314,0.009568704245612025,0.06674652099609375
credit_approval,Credit Approval,Adaptive Weighted NBEM,42,0.782608695652174,0.7638267815941839,0.802908720925039,0.782608695652174,0.7734659122197055,0.8102611485374955,0.7638267815941839,0.766785481020341,0.9052709938618257,0.013883456983603538,0.010715631255879998,0.0668701171875
credit_approval,Credit Approval,Adaptive Weighted NBEM,87,0.7797101449275362,0.7608105872622002,0.8059735910835044,0.7797101449275362,0.7689363119981253,0.8138014989094753,0.7608105872622002,0.7619843426371317,0.9083107686503272,0.015544386929832399,0.010984699823893607,0.06691551208496094
credit_approval,Credit Approval,Adaptive Weighted NBEM,123,0.7869565217391304,0.7673503547951765,0.8144517161416308,0.7869565217391304,0.7759672370306634,0.8229884883298076,0.7673503547951765,0.7689199293005777,0.908074093422141,0.01519338833168149,0.01272422717884183,0.06686544418334961
credit_approval,Credit Approval,Bernoulli NB,42,0.8115942028985508,0.8046774193548387,0.8143681185354298,0.8115942028985508,0.8097428029087205,0.8148430003214088,0.8046774193548387,0.8063848011490109,0.8852228897305299,0.005268346704542637,0.002752283401787281,0.15328140258789064
credit_approval,Credit Approval,Categorical NB,42,0.8608695652173912,0.8558412781332985,0.862582308090287,0.8608695652173912,0.859960957788965,0.8632244489341867,0.8558412781332985,0.8576927830425471,0.9181782827623234,0.008783838897943496,0.00176690851803869,0.07817058563232422
credit_approval,Credit Approval,Dependency-Aware NBEM,42,0.8521739130434783,0.8496946149492839,0.8557599063531256,0.8521739130434783,0.8516838296319609,0.8547704157463091,0.8496946149492839,0.8499059192384536,0.9263334929548851,0.11237489527557046,0.0063036995008587835,0.34948253631591797
credit_approval,Credit Approval,Gaussian NB,42,0.8014492753623188,0.7892420878498977,0.8094557468208995,0.8014492753623188,0.7975607151952078,0.8133080259564387,0.7892420878498977,0.7930460390771702,0.8891717092565988,0.0037184358341619374,0.0021840311819687486,0.1370269775390625
credit_approval,Credit Approval,Hybrid NBEM,13,0.863768115942029,0.8608889469330896,0.8646434616155855,0.863768115942029,0.8633437355452868,0.8637975472413151,0.8608889469330896,0.8614544325801624,0.9266160231015919,1.2287433609133587,0.0387226521037519,1.3880867958068848
credit_approval,Credit Approval,Hybrid NBEM,21,0.8579710144927537,0.8548831134909234,0.8622396337984609,0.8579710144927537,0.8574627154571225,0.8618112252643618,0.8548831134909234,0.8556300676984563,0.9258724768911526,1.2313526308164,0.03678603256121278,1.3873918533325196
credit_approval,Credit Approval,Hybrid NBEM,42,0.863768115942029,0.8613756475556136,0.8670082505676634,0.863768115942029,0.8633191946503409,0.8660191650540046,0.8613756475556136,0.8615623897532962,0.9250827855411897,1.5198461539112031,0.037190340319648386,1.3879326820373534
credit_approval,Credit Approval,Hybrid NBEM,87,0.8608695652173912,0.85896652300727,0.8641495607012848,0.8608695652173912,0.860568248877539,0.8627054435144931,0.85896652300727,0.8588412853361882,0.9277702320316921,1.32732270907145,0.03614016510546207,1.3882180213928224
credit_approval,Credit Approval,Hybrid NBEM,123,0.8565217391304347,0.854634539201602,0.86261135539794,0.8565217391304347,0.8552986183776674,0.860484113451724,0.854634539201602,0.853191432375912,0.9265212659440163,1.5837747614830733,0.035512238601222636,1.3887328147888183
credit_approval,Credit Approval,Hybrid w/o Adaptive,42,0.8623188405797102,0.8600598580819294,0.8657559393665031,0.8623188405797102,0.8618784249531686,0.8646523455989499,0.8600598580819294,0.860130334673981,0.9244885580369452,1.4999324230011553,0.016834497987292706,1.3809872627258302
credit_approval,Credit Approval,Hybrid w/o Deep,42,0.8565217391304347,0.8521226764180924,0.8596704714182242,0.8565217391304347,0.8555985235991429,0.8599262833065813,0.8521226764180924,0.8534437476876249,0.9294889208131993,0.23587310435250403,0.029300037166103722,0.34984874725341797
credit_approval,Credit Approval,Hybrid w/o Dependency,42,0.8608695652173912,0.8574681119672631,0.8645350441094533,0.8608695652173912,0.860189161401099,0.8642241899651492,0.8574681119672631,0.858229321928406,0.9174398154194419,1.3678120985161513,0.023823620099574328,1.3678407669067383
credit_approval,Credit Approval,NBEM,13,0.7811594202898551,0.7609862435244439,0.8059853649114842,0.7811594202898551,0.7710637047709316,0.814533954106419,0.7609862435244439,0.7640043390533607,0.9044942173465094,0.013040369213558733,0.008313491754233838,0.06730594635009765
credit_approval,Credit Approval,NBEM,21,0.7768115942028986,0.7567071524966262,0.8033585581381321,0.7768115942028986,0.7652705469899155,0.8114794105219472,0.7567071524966262,0.7579047821919812,0.9030790997344479,0.016958374809473754,0.009275201801210642,0.06682186126708985
credit_approval,Credit Approval,NBEM,42,0.773913043478261,0.7536909581646424,0.7972632127197585,0.773913043478261,0.763129484869451,0.8051731086803511,0.7536909581646424,0.7558067479942858,0.9014486381379421,0.01286356772761792,0.008239977387711405,0.06721305847167969
credit_approval,Credit Approval,NBEM,87,0.7782608695652173,0.7589205955334988,0.8063350623331873,0.7782608695652173,0.7666385627223912,0.8144425829687252,0.7589205955334988,0.7594867089787005,0.9059419848214414,0.014641368412412703,0.01046958619263023,0.0672983169555664
credit_approval,Credit Approval,NBEM,123,0.7782608695652173,0.7578825475599669,0.8072780415169849,0.7782608695652173,0.7661675506819916,0.8160193026191372,0.7578825475599669,0.7586798560406887,0.9044209365431776,0.013610372808761895,0.008832449512556195,0.06718606948852539
credit_approval,Credit Approval,Probabilistic Deep NBEM,42,0.8565217391304347,0.8536620086195639,0.8605994326086688,0.8565217391304347,0.8558435511496045,0.859712722739722,0.8536620086195639,0.8538803844072123,0.9165037075733171,1.264411897608079,0.0032287816749885677,1.3617244720458985
credit_approval,Credit Approval,WNB,13,0.8594202898550725,0.8569552914544426,0.8607553182533124,0.8594202898550725,0.8591151614480085,0.859590060634113,0.8569552914544426,0.8572704466251746,0.9238838825765822,0.07200878420844674,0.002453825972042978,0.1287303924560547
credit_approval,Credit Approval,WNB,21,0.8579710144927535,0.8553689434504376,0.8641849313392426,0.8579710144927535,0.8573479572259082,0.8633552600516999,0.8553689434504376,0.8555170683845559,0.9254555744199207,0.08349257921800017,0.003885370632633567,0.1283278465270996
credit_approval,Credit Approval,WNB,42,0.8608695652173912,0.8579939924252319,0.8645159427632917,0.8608695652173912,0.860234960996382,0.8639226414058732,0.8579939924252319,0.8584327716862765,0.9216709474264653,0.06438541386742144,0.00259517387021333,0.1275470733642578
credit_approval,Credit Approval,WNB,87,0.8623188405797102,0.8597964825214401,0.8655164645737077,0.8623188405797102,0.8620222260413939,0.8648151519069959,0.8597964825214401,0.860358488249628,0.9252857951329938,0.08449542445596307,0.003354494902305305,0.12888555526733397
credit_approval,Credit Approval,WNB,123,0.8666666666666666,0.863980888946933,0.8709072124925251,0.8666666666666666,0.8658660280426232,0.8697004771881781,0.863980888946933,0.8638464184330481,0.9242967219537677,0.09120061278808862,0.0034369370667263867,0.12866830825805664
diabetes_130_us_hospitals_for_years_1999_2008,Diabetes,Adaptive Weighted NBEM,13,0.5619922407331667,0.38326866538029847,0.5242087438795042,0.5619922407331667,0.4768062894841242,0.47161692398768873,0.38326866538029847,0.3520870669829081,0.6502620673471202,0.19011536759790032,0.09194699102081358,16.48438205718994
diabetes_130_us_hospitals_for_years_1999_2008,Diabetes,Adaptive Weighted NBEM,21,0.5619580259858598,0.3831936830049916,0.5240424642034023,0.5619580259858598,0.4768110413840157,0.47133478251456307,0.3831936830049916,0.3519692171225738,0.6505088447756412,0.21397128098178655,0.08782715157140046,16.633807373046874
diabetes_130_us_hospitals_for_years_1999_2008,Diabetes,Adaptive Weighted NBEM,42,0.5620528136018812,0.38338065258599696,0.524207942037163,0.5620528136018812,0.47702740491375273,0.4708139844617835,0.38338065258599696,0.352185996429616,0.6504643018928058,0.20554228499531746,0.0862576344050467,16.633403491973876
diabetes_130_us_hospitals_for_years_1999_2008,Diabetes,Adaptive Weighted NBEM,87,0.5615868040924161,0.38307416839877084,0.5237960491869845,0.5615868040924161,0.47655781624326965,0.4715933950819854,0.38307416839877084,0.3519538016474938,0.6504628876820491,0.19749380375724285,0.07744825158733874,16.48462829589844
diabetes_130_us_hospitals_for_years_1999_2008,Diabetes,Adaptive Weighted NBEM,123,0.5620351401551433,0.3831560895888398,0.5244578141338744,0.5620351401551433,0.476895553744442,0.4712854377015813,0.3831560895888398,0.3519089276736206,0.6503088175871483,0.18906164690852165,0.07292747909668833,16.484912109375
diabetes_130_us_hospitals_for_years_1999_2008,Diabetes,Bernoulli NB,42,0.5620282771633346,0.3861477218510194,0.49754704974617336,0.5620282771633346,0.5079469608153201,0.3978149651341137,0.3861477218510194,0.3595840437636346,0.6207813927355098,0.23443540860898793,0.04533779455814511,69.79197444915772
diabetes_130_us_hospitals_for_years_1999_2008,Diabetes,Categorical NB,42,0.5505641112348256,0.4126115157491025,0.5209104694340391,0.5505641112348256,0.5297714842856143,0.4328101308770299,0.4126115157491025,0.407623942190356,0.641478279278093,0.25207224311307075,0.04126208103261888,5.68230972290039
diabetes_130_us_hospitals_for_years_1999_2008,Diabetes,Dependency-Aware NBEM,42,0.5391682474247647,0.33333966746954397,0.33723946467557586,0.5391682474247647,0.3777919553608835,0.22417124804568628,0.33333966746954397,0.23356610186890947,0.6412543742605223,1.590173119911924,0.09829708016477526,131.4342514038086
diabetes_130_us_hospitals_for_years_1999_2008,Diabetes,Gaussian NB,42,0.5032383782126831,0.4033751722322691,0.4974104907113704,0.5032383782126831,0.4278279035003313,0.41067738718449504,0.4033751722322691,0.33686748884018486,0.6189441254253776,0.17129038511775435,0.06792435680981726,35.482493209838864
diabetes_130_us_hospitals_for_years_1999_2008,Diabetes,Hybrid NBEM,13,0.5806066468118227,0.4105300883207148,0.54799932307922,0.5806066468118227,0.5348342661364075,0.5013223493303476,0.4105300883207148,0.39520508984872904,0.6618781538141522,338.3148239372531,0.606233773403801,138.9085741996765
diabetes_130_us_hospitals_for_years_1999_2008,Diabetes,Hybrid NBEM,21,0.582490235091361,0.41406798194290684,0.5496616155934398,0.582490235091361,0.5385989639089042,0.5011975528141432,0.41406798194290684,0.40031514962938913,0.6670316656219641,449.4266027719947,0.6567493137903512,138.9118154525757
diabetes_130_us_hospitals_for_years_1999_2008,Diabetes,Hybrid NBEM,42,0.5800637722603665,0.4094107059598516,0.5476964379572975,0.5800637722603665,0.533084931475848,0.5030227883741079,0.4094107059598516,0.3940922720782226,0.6590116581346541,266.0152235033223,0.5579206318361685,138.90828866958617
diabetes_130_us_hospitals_for_years_1999_2008,Diabetes,Hybrid NBEM,87,0.5810482402188919,0.4113001935932414,0.5493516319707843,0.5810482402188919,0.5353798537451492,0.5052165663283793,0.4113001935932414,0.3965818729954146,0.6616515290063123,420.0609996933723,0.6629268724936992,138.90854921340943
diabetes_130_us_hospitals_for_years_1999_2008,Diabetes,Hybrid NBEM,123,0.5816080577595717,0.41161850531892225,0.5498682423786534,0.5816080577595717,0.5358446404240407,0.5050930659031787,0.41161850531892225,0.3969076185583577,0.6616787774632364,401.9241820935393,0.6143168970942497,138.91196336746216
diabetes_130_us_hospitals_for_years_1999_2008,Diabetes,Hybrid w/o Adaptive,42,0.5776058436227619,0.40662517921795444,0.5457476028175566,0.5776058436227619,0.5307655515105345,0.5023645992634809,0.40662517921795444,0.38926548613230266,0.6571692763046629,261.8457564978395,0.41647354708984496,136.6895933151245
diabetes_130_us_hospitals_for_years_1999_2008,Diabetes,Hybrid w/o Deep,42,0.5772318082612056,0.4052051357589674,0.5422619113992673,0.5772318082612056,0.5278408428630736,0.4946703611890161,0.4052051357589674,0.3887516434420871,0.6542411115823434,6.495143735408783,0.2586359125562012,131.43460998535156
diabetes_130_us_hospitals_for_years_1999_2008,Diabetes,Hybrid w/o Dependency,42,0.5745656624658474,0.4006702088652684,0.5384058974930642,0.5745656624658474,0.5189781414970484,0.4920094359141743,0.4006702088652684,0.38352122820008194,0.6539143462716294,259.1025363962399,0.39729645566549154,136.72983140945433
diabetes_130_us_hospitals_for_years_1999_2008,Diabetes,NBEM,13,0.564730265825715,0.3759164069314064,0.5324571093585856,0.564730265825715,0.4794476891212853,0.49480518722590966,0.3759164069314064,0.33836652784961174,0.644546212716193,0.19227628936059774,0.05925025562755763,16.484608268737794
diabetes_130_us_hospitals_for_years_1999_2008,Diabetes,NBEM,21,0.5648500201360567,0.37602677183121125,0.5336046806196958,0.5648500201360567,0.4793484358218184,0.49739747931134987,0.37602677183121125,0.33843182783351716,0.6447944382451644,0.25236232806928455,0.062204372510313986,16.634126281738283
diabetes_130_us_hospitals_for_years_1999_2008,Diabetes,NBEM,42,0.5640104903800771,0.37520973900778964,0.5316419845736563,0.5640104903800771,0.4781958643669483,0.4944571040658355,0.37520973900778964,0.33726341511303737,0.6448121908681658,0.22125112893991172,0.06331520457752049,16.63370018005371
diabetes_130_us_hospitals_for_years_1999_2008,Diabetes,NBEM,87,0.5648283574925633,0.3761597709010406,0.5351785134150958,0.5648283574925633,0.47942658778954383,0.5024969992895991,0.3761597709010406,0.33872708796165935,0.644833170191194,0.19290955553296954,0.062164902803488076,16.484864807128908
diabetes_130_us_hospitals_for_years_1999_2008,Diabetes,NBEM,123,0.5646128983636702,0.3757200234063234,0.5327873860821082,0.5646128983636702,0.4791238995841671,0.49602710665975047,0.3757200234063234,0.3379746720871938,0.6446514500375811,0.19303603789303453,0.06462189015001059,16.485189819335936
diabetes_130_us_hospitals_for_years_1999_2008,Diabetes,Probabilistic Deep NBEM,42,0.5740544373973409,0.39450524626302436,0.5405652287345656,0.5740544373973409,0.5156221119700115,0.502175037021843,0.39450524626302436,0.36978090228486316,0.6424669528490271,255.0707700598985,0.15729599427431823,48.39771957397461
diabetes_130_us_hospitals_for_years_1999_2008,Diabetes,WNB,13,0.5394756032694269,0.3337034460429912,0.4815207939454108,0.5394756032694269,0.37891072498353884,0.3617299619456214,0.3337034460429912,0.2346094777070745,0.6377723039779981,1.1112975100520999,0.06100887728389352,37.84859638214111
diabetes_130_us_hospitals_for_years_1999_2008,Diabetes,WNB,21,0.5394406479571245,0.33367482523993847,0.48550795665109414,0.5394406479571245,0.37881245082251785,0.36601814028292273,0.33367482523993847,0.23452067585762187,0.637963173881351,1.1783198735909537,0.0664905481506139,37.850071048736574
diabetes_130_us_hospitals_for_years_1999_2008,Diabetes,WNB,42,0.5394388153276791,0.3336637580824679,0.4794857164576216,0.5394388153276791,0.3787920992812832,0.35962525995260786,0.3336637580824679,0.23449734261059926,0.6378639407194023,1.107689794059843,0.0652246139710769,37.848827266693114
diabetes_130_us_hospitals_for_years_1999_2008,Diabetes,WNB,87,0.5394594047700085,0.3337076657521839,0.4957863121595853,0.5394594047700085,0.3788132588180696,0.3755836404146895,0.3337076657521839,0.23455094730708734,0.6378927961524423,0.9849637211300433,0.06096513587981463,37.84834814071655
diabetes_130_us_hospitals_for_years_1999_2008,Diabetes,WNB,123,0.5394706747741704,0.33367524494952533,0.4713921154983246,0.5394706747741704,0.3788258791755461,0.3522581379249422,0.33367524494952533,0.23451280939552405,0.6377374846568438,1.082802329515107,0.06234905207529664,37.85022525787353
dry_bean_dataset,Dry Beans,Adaptive Weighted NBEM,13,0.8965548028194696,0.9069811649527981,0.8981738850627645,0.8965548028194696,0.8965960286576131,0.9061042567794187,0.9069811649527981,0.9058436190594268,0.9901490806937273,0.010095863416790963,0.012455543014220893,1.5615457534790038
dry_bean_dataset,Dry Beans,Adaptive Weighted NBEM,21,0.8970682673727209,0.9075543489161284,0.8985566818212494,0.8970682673727209,0.897155378376632,0.9065486959286222,0.9075543489161284,0.9064687327047546,0.9901670484840052,0.010222644591704012,0.012314067268744112,1.5615663528442383
dry_bean_dataset,Dry Beans,Adaptive Weighted NBEM,42,0.8969960327607431,0.9074603788742998,0.8984967897569056,0.8969960327607431,0.8971119655795732,0.9065126617219855,0.9074603788742998,0.9064433848677045,0.990086023416454,0.009099553083069622,0.011110498849302531,1.5616230010986327
dry_bean_dataset,Dry Beans,Adaptive Weighted NBEM,87,0.8971421203852656,0.9075921624953706,0.8987701634592034,0.8971421203852656,0.8972525975242354,0.9066511790489388,0.9075921624953706,0.9065057262617906,0.9901390561105352,0.009804625203832984,0.012782235979102552,1.561556053161621
dry_bean_dataset,Dry Beans,Adaptive Weighted NBEM,123,0.8971408796114975,0.907670653371585,0.8986472631139419,0.8971408796114975,0.8972299382924762,0.9067273770924335,0.907670653371585,0.9066173333408661,0.9901468494393255,0.010190137894824147,0.011549321399070323,1.5615663528442383
dry_bean_dataset,Dry Beans,Bernoulli NB,42,0.7827486052084446,0.7813210596669519,0.8063863956285353,0.7827486052084446,0.7789917609863177,0.7894190794090045,0.7813210596669519,0.7712523355508092,0.9561625488719836,0.01721586750354618,0.005642197979614139,3.1798637390136717
dry_bean_dataset,Dry Beans,Categorical NB,42,0.854970216034897,0.8328394710805744,0.856687901161267,0.854970216034897,0.854829539279819,0.8360776175937904,0.8328394710805744,0.8331143997645152,0.9837634753523435,0.021183295594528317,0.005735276360064745,1.1381430625915527
dry_bean_dataset,Dry Beans,Dependency-Aware NBEM,42,0.803468178468583,0.6944724932347535,0.7736793850490801,0.803468178468583,0.7861806279897501,0.6796159233464028,0.6944724932347535,0.6846068027106351,0.9786977523567358,0.17342858160845936,0.013995501212775707,6.046639251708984
dry_bean_dataset,Dry Beans,Gaussian NB,42,0.8969960327607431,0.9074603788742998,0.8984967897569056,0.8969960327607431,0.8971119655795732,0.9065126617219855,0.9074603788742998,0.9064433848677045,0.9900860533331421,0.011144629213958979,0.009464049688540399,1.561448860168457
dry_bean_dataset,Dry Beans,Hybrid NBEM,13,0.9297628180022247,0.9397187723363007,0.93000921430411,0.9297628180022247,0.929696770262151,0.9423513586606251,0.9397187723363007,0.9408747145012508,0.993311505223258,24.387324768002145,0.12023538281209767,19.552580165863038
dry_bean_dataset,Dry Beans,Hybrid NBEM,21,0.9299092293068606,0.9401494514960579,0.9304306854625768,0.9299092293068606,0.9299653392979261,0.9426871374143901,0.9401494514960579,0.9412214741833695,0.9934634912211923,23.778261096123607,0.08644708041101694,19.55327272415161
dry_bean_dataset,Dry Beans,Hybrid NBEM,42,0.9299106319206855,0.9398410173364281,0.930264580309547,0.9299106319206855,0.9299131218322936,0.941929867722525,0.9398410173364281,0.9407131655438701,0.9935454425981488,24.116268894379026,0.13819814112503082,19.552654361724855
dry_bean_dataset,Dry Beans,Hybrid NBEM,87,0.9307912576159234,0.9406123859509528,0.931213118828896,0.9307912576159234,0.9307828763064011,0.9439203985878422,0.9406123859509528,0.9420599505178593,0.9935181998241978,23.820094376965425,0.12390708718448877,19.552598094940187
dry_bean_dataset,Dry Beans,Hybrid NBEM,123,0.9291012158503994,0.9392990870680263,0.9294755062068336,0.9291012158503994,0.9290617509275769,0.941781297742765,0.9392990870680263,0.9403356389329612,0.9932926897828234,22.326503115333615,0.11071943305432796,19.552955150604248
dry_bean_dataset,Dry Beans,Hybrid w/o Adaptive,42,0.9307189151105746,0.940213233544692,0.931056315867048,0.9307189151105746,0.9307237186628177,0.9424568928440598,0.940213233544692,0.9411691463237837,0.9935065425578239,23.84781443097163,0.08238413901999593,18.894964599609374
dry_bean_dataset,Dry Beans,Hybrid w/o Deep,42,0.8979507272552683,0.9069157759997521,0.8980910549463997,0.8979507272552683,0.8977063149522586,0.9079217233085279,0.9069157759997521,0.9070727423816839,0.9872048758602707,0.7514343207702041,0.060801618988625704,7.114100646972656
dry_bean_dataset,Dry Beans,Hybrid w/o Dependency,42,0.9308656500953237,0.9405917270167251,0.9313132948156306,0.9308656500953237,0.930914232927317,0.9426334716680955,0.9405917270167251,0.9414356529034004,0.9930587967922548,23.750197220011614,0.06985614909790457,18.863808631896973
dry_bean_dataset,Dry Beans,NBEM,13,0.8965548028194696,0.9069811649527981,0.8981738850627645,0.8965548028194696,0.8965960286576131,0.9061042567794187,0.9069811649527981,0.9058436190594268,0.9901490806937273,0.011900020577013493,0.010525758238509297,1.5618389129638672
dry_bean_dataset,Dry Beans,NBEM,21,0.8970682673727209,0.9075543489161284,0.8985566818212494,0.8970682673727209,0.897155378376632,0.9065486959286222,0.9075543489161284,0.9064687327047546,0.9901670484840052,0.01011850293725729,0.01018402948975563,1.5618595123291015
dry_bean_dataset,Dry Beans,NBEM,42,0.8969960327607431,0.9074603788742998,0.8984967897569056,0.8969960327607431,0.8971119655795732,0.9065126617219855,0.9074603788742998,0.9064433848677045,0.990086023416454,0.00924683860503137,0.00920399408787489,1.5618234634399415
dry_bean_dataset,Dry Beans,NBEM,87,0.8971421203852656,0.9075921624953706,0.8987701634592034,0.8971421203852656,0.8972525975242354,0.9066511790489388,0.9075921624953706,0.9065057262617906,0.9901390561105352,0.010137725085951389,0.01005280581302941,1.56182861328125
dry_bean_dataset,Dry Beans,NBEM,123,0.8971408796114975,0.907670653371585,0.8986472631139419,0.8971408796114975,0.8972299382924762,0.9067273770924335,0.907670653371585,0.9066173333408661,0.9901468494393255,0.010870776185765863,0.010433619655668736,1.5618234634399415
dry_bean_dataset,Dry Beans,Probabilistic Deep NBEM,42,0.9296901518167626,0.9400187625416571,0.9304374029154682,0.9296901518167626,0.9297820261571343,0.9416011792314078,0.9400187625416571,0.9405410767878735,0.9945684072676275,23.082258981117047,0.02035938771441579,4.050731754302978
dry_bean_dataset,Dry Beans,WNB,13,0.8191178961655774,0.7128518846240055,0.7948527014416342,0.8191178961655774,0.8029971453108941,0.7024630591604438,0.7128518846240055,0.7031739399732398,0.9798825285838733,0.13502929026726634,0.010720458067953586,2.185473346710205
dry_bean_dataset,Dry Beans,WNB,21,0.8197049979446313,0.7132883995381342,0.7956396628892306,0.8197049979446313,0.803565547384777,0.703195714886196,0.7132883995381342,0.7036585751001092,0.9799464040595766,0.11703517858404666,0.008952652406878769,2.1851606369018555
dry_bean_dataset,Dry Beans,WNB,42,0.8186029750518158,0.7123290160495014,0.7942573683732312,0.8186029750518158,0.8024675800254017,0.7019400602075269,0.7123290160495014,0.702700234376397,0.9799154352674506,0.11134449748788029,0.008208068367093802,2.184550380706787
dry_bean_dataset,Dry Beans,WNB,87,0.8198509776757825,0.7134975986519221,0.7955095923262676,0.8198509776757825,0.8037559767508423,0.702897065877692,0.7134975986519221,0.703794697513597,0.9799398130565924,0.13576973117887975,0.01069529859814793,2.1849103927612306
dry_bean_dataset,Dry Beans,WNB,123,0.8194100714146224,0.7130466499974222,0.7954465795529975,0.8194100714146224,0.8033429037083109,0.703158052854864,0.7130466499974222,0.7035310649409035,0.9798451839941087,0.11892015419434757,0.009325008979067207,2.18533992767334
ecoli,E. coli,Adaptive Weighted NBEM,13,0.8125,0.4649960182225368,0.7910636713403034,0.8125,0.7976111081320749,0.46874058153998244,0.4649960182225368,0.46233436623412527,0.9577570888492914,0.009423597948625684,0.012983770458959043,0.0778970718383789
ecoli,E. coli,Adaptive Weighted NBEM,21,0.8571428571428571,0.5582753204848684,0.8477808281933207,0.8571428571428571,0.8500251705193737,0.5429434692110008,0.5582753204848684,0.5483725575831615,0.969200800370926,0.008995795506052673,0.01025357109028846,0.07807731628417969
ecoli,E. coli,Adaptive Weighted NBEM,42,0.8541666666666666,0.5538581563638932,0.8399321308524463,0.8541666666666666,0.8448666539161555,0.5758732112253784,0.5538581563638932,0.5576792163753269,0.9710532804032228,0.006368756061419845,0.010627763927914202,0.07807731628417969
ecoli,E. coli,Adaptive Weighted NBEM,87,0.8244047619047619,0.4966900677037271,0.8132881812733788,0.8244047619047619,0.8177960896981566,0.4903255941379667,0.4966900677037271,0.4925803285071265,0.9598806412075231,0.006199173512868583,0.008475727052427828,0.07805156707763672
ecoli,E. coli,Adaptive Weighted NBEM,123,0.8511904761904763,0.5873156098581114,0.8404927664260389,0.8511904761904763,0.8432495388779173,0.5582222015310907,0.5873156098581114,0.5681586873836177,0.967581113337793,0.006248937104828656,0.007961639086715877,0.07686710357666016
ecoli,E. coli,Bernoulli NB,42,0.5386904761904763,0.281662837461114,0.5268668509776375,0.5386904761904763,0.5083923699118928,0.303489413473774,0.281662837461114,0.26485778596656656,0.8050375206343118,0.0036787099670618773,0.0022524194791913033,0.07434988021850586
ecoli,E. coli,Categorical NB,42,0.8035714285714286,0.5511684160724981,0.7907207942781251,0.8035714285714286,0.7937262801736416,0.5924821267913374,0.5511684160724981,0.559225672481721,0.9633755734280374,0.0064823804423213005,0.0018122299807146192,0.06949615478515625
ecoli,E. coli,Dependency-Aware NBEM,42,0.7351190476190477,0.3211085847066203,0.6040112346075182,0.7351190476190477,0.6591724400973906,0.26589412735688517,0.3211085847066203,0.2884106868553873,0.9565001946502063,0.09502344636712223,0.01088448753580451,0.12123394012451172
ecoli,E. coli,Gaussian NB,42,0.8065476190476191,0.5214241069115867,0.8040205823266416,0.8065476190476191,0.7955278250075792,0.4992037595559267,0.5214241069115867,0.4919657823578553,0.9551719074197109,0.0029501868411898613,0.0024696311447769403,0.06452655792236328
ecoli,E. coli,Hybrid NBEM,13,0.8154761904761905,0.45433503908729295,0.7885154900812512,0.8154761904761905,0.7921921620665587,0.47033707746999837,0.45433503908729295,0.4514541716713722,0.9556337313296813,0.46627308055758476,0.04156745842192322,1.1217541694641113
ecoli,E. coli,Hybrid NBEM,21,0.8422619047619048,0.5002777152349411,0.8189195812010654,0.8422619047619048,0.8289966471748517,0.49784893451835066,0.5002777152349411,0.4972040326492381,0.9667774692304096,0.39123222255147994,0.033379424130544066,1.1212496757507324
ecoli,E. coli,Hybrid NBEM,42,0.8690476190476191,0.5590648067475266,0.8546715421243349,0.8690476190476191,0.8576706900939717,0.5950665199042993,0.5590648067475266,0.5675549601518735,0.9689266964340956,0.5732128225499764,0.040480760973878205,1.1209602355957031
ecoli,E. coli,Hybrid NBEM,87,0.8244047619047619,0.49126735627772616,0.8009500464024106,0.8244047619047619,0.8079653939885019,0.48994743367388915,0.49126735627772616,0.48671047444055837,0.9633526488609467,0.5884611870860681,0.035172004951164126,1.1229228973388672
ecoli,E. coli,Hybrid NBEM,123,0.8511904761904763,0.5197875151966282,0.8280269678960114,0.8511904761904763,0.8382619188682743,0.5115442800556695,0.5197875151966282,0.5138838991724939,0.966855683725141,0.40584134054370224,0.030368366627953947,1.1170845031738281
ecoli,E. coli,Hybrid w/o Adaptive,42,0.7619047619047619,0.34346548250365894,0.6300487727091882,0.7619047619047619,0.6866924079176853,0.27454176951055953,0.34346548250365894,0.3038144576213768,0.9607151108163504,0.5425881595583633,0.036072887014597654,1.1181516647338867
ecoli,E. coli,Hybrid w/o Deep,42,0.8720238095238095,0.5607095435896318,0.8601128600656529,0.8720238095238095,0.8605854145071494,0.601063994651774,0.5607095435896318,0.5699759440996797,0.9689786644856189,0.16376560262870044,0.033054140978492796,0.15845632553100586
ecoli,E. coli,Hybrid w/o Dependency,42,0.8601190476190477,0.5504756254609768,0.8443721193249122,0.8601190476190477,0.8474819803624072,0.5857862168739962,0.5504756254609768,0.5580353244783371,0.9658834369016316,0.45683004753664136,0.023805679520592093,1.092003345489502
ecoli,E. coli,NBEM,13,0.8125,0.4694698430088616,0.7928211217732004,0.8125,0.7995907048703053,0.46998500348817757,0.4694698430088616,0.4662727857915419,0.9610638159797597,0.011466494528576732,0.012667670962400734,0.07816505432128906
ecoli,E. coli,NBEM,21,0.8571428571428572,0.5601449786045265,0.8497540036212653,0.8571428571428572,0.8502204248598326,0.54366261000467,0.5601449786045265,0.548971279350777,0.9691583335596432,0.010446861502714455,0.011010286514647305,0.0782938003540039
ecoli,E. coli,NBEM,42,0.8482142857142858,0.5532449686908464,0.8368386831873571,0.8482142857142858,0.8398288612419902,0.5732649082499988,0.5532449686908464,0.5555438827549677,0.9701607381271666,0.0060919554671272635,0.007065882557071745,0.07827281951904297
ecoli,E. coli,NBEM,87,0.8184523809523809,0.49264148470777563,0.809414079716499,0.8184523809523809,0.8127429468575496,0.48250873924914134,0.49264148470777563,0.486434814637021,0.9665891321819491,0.008150017005391419,0.00735186692327261,0.07831954956054688
ecoli,E. coli,NBEM,123,0.8511904761904763,0.5883839859264874,0.843049132687529,0.8511904761904763,0.8439422625791371,0.5551187031475106,0.5883839859264874,0.5663417846377142,0.9695021612416188,0.00635017454624176,0.006554357591085136,0.0770578384399414
ecoli,E. coli,Probabilistic Deep NBEM,42,0.7291666666666667,0.34391070189694173,0.6666112554230216,0.7291666666666667,0.6762453677145024,0.3434141880391941,0.34391070189694173,0.3251634028085155,0.9485356807048171,0.33430875500198454,0.003831420443020761,1.0881776809692383
ecoli,E. coli,WNB,13,0.7321428571428572,0.3171811740890689,0.6032111942106602,0.7321428571428572,0.6552736435483284,0.2689391129228063,0.3171811740890689,0.28690376718869365,0.9444709191986527,0.04105123446788639,0.0037632875610142946,0.06906509399414062
ecoli,E. coli,WNB,21,0.7232142857142857,0.31074631691408006,0.5926786801281058,0.7232142857142857,0.6432883061469146,0.2652509037589852,0.31074631691408006,0.2804663649027907,0.952431799203802,0.045676746405661106,0.00399822648614645,0.06938409805297852
ecoli,E. coli,WNB,42,0.7113095238095238,0.30267909752713307,0.5866897441508852,0.7113095238095238,0.6337757218606299,0.26139179985559,0.30267909752713307,0.274050352103517,0.9518465285044455,0.02941814693622291,0.0025999144418165088,0.06892204284667969
ecoli,E. coli,WNB,87,0.7113095238095237,0.30499859820189695,0.5795596268810554,0.7113095238095237,0.6342072631062469,0.25792392914103446,0.30499859820189695,0.27629808832263986,0.9484900878216065,0.04204075247980654,0.003978149965405464,0.06923198699951172
ecoli,E. coli,WNB,123,0.7321428571428572,0.3194270209651974,0.6045423657267786,0.7321428571428572,0.6559387779131111,0.26820110236089434,0.3194270209651974,0.2874325695617256,0.9539935967987722,0.036485739052295685,0.004707740969024599,0.06830930709838867
glass_identification,Glass Identification,Adaptive Weighted NBEM,13,0.46256038647343,0.5008450911228688,0.4833357974395911,0.46256038647343,0.4233198344804139,0.44604775519808204,0.5008450911228688,0.4344114962133687,0.7650176061860844,0.002828422700986266,0.0038741123086462417,0.029470443725585938
glass_identification,Glass Identification,Adaptive Weighted NBEM,21,0.43961352657004826,0.5218988830099941,0.4386168157303423,0.43961352657004826,0.4045177618071383,0.45620022981134084,0.5218988830099941,0.4499433696921769,0.7720818051547218,0.0030931198400341803,0.0044142336636367775,0.029779434204101562
glass_identification,Glass Identification,Adaptive Weighted NBEM,42,0.4524959742351047,0.5140726043503822,0.43216329863814945,0.4524959742351047,0.4061773050522097,0.45458459478067315,0.5140726043503822,0.44899753183506047,0.757749896959589,0.002832788663605849,0.003927554909346832,0.02980804443359375
glass_identification,Glass Identification,Adaptive Weighted NBEM,87,0.48148148148148145,0.5365593768371546,0.4799739115107472,0.48148148148148145,0.4448761956576677,0.4948516504072059,0.5365593768371546,0.48019696607587903,0.7713027444911503,0.0034371741478227908,0.004733512798945109,0.02971649169921875
glass_identification,Glass Identification,Adaptive Weighted NBEM,123,0.47161835748792275,0.544973544973545,0.5353371160285412,0.47161835748792275,0.4434818494590821,0.5092292995070773,0.544973544973545,0.4757514258800509,0.7694961280332657,0.003260709241860443,0.0045332693132675355,0.029722213745117188
glass_identification,Glass Identification,Bernoulli NB,42,0.5368357487922705,0.3465241034685479,0.4757543393714891,0.5368357487922705,0.49086503329045694,0.3112134264912043,0.3465241034685479,0.31813239680363264,0.7852647528598615,0.005668567907479074,0.003404994753913747,0.03499825795491537
glass_identification,Glass Identification,Categorical NB,42,0.6348631239935588,0.6186434450323339,0.6329604294882072,0.6348631239935588,0.617702025123018,0.5721074193296416,0.6186434450323339,0.5697363835822729,0.8647183424130889,0.010042079206970003,0.0019613333149916595,0.027167002360026043
glass_identification,Glass Identification,Dependency-Aware NBEM,42,0.6537842190016102,0.3949514991181658,0.5623772027757535,0.6537842190016102,0.5925249068905312,0.36584691029135474,0.3949514991181658,0.3701654447999478,0.8729087915908568,0.08025224524964061,0.0076424788114511305,0.09243371751573351
glass_identification,Glass Identification,Gaussian NB,42,0.4524959742351047,0.5140726043503822,0.43216329863814945,0.4524959742351047,0.4061773050522097,0.45458459478067315,0.5140726043503822,0.44899753183506047,0.757749896959589,0.004082946753543284,0.003096299737484919,0.029550552368164062
glass_identification,Glass Identification,Hybrid NBEM,13,0.7145732689210951,0.6024029982363316,0.6452548223381557,0.7145732689210951,0.6711932836272885,0.5580283399727844,0.6024029982363316,0.5720096562459823,0.8986604637646304,0.5987812052222176,0.023081689089950588,1.2018294864230685
glass_identification,Glass Identification,Hybrid NBEM,21,0.6682769726247987,0.5576499118165785,0.6096851015329275,0.6682769726247987,0.6294166013016501,0.5005772005772006,0.5576499118165785,0.5147465158903067,0.8754361136381063,0.5798977015074342,0.02126597033606635,1.2053824530707464
glass_identification,Glass Identification,Hybrid NBEM,42,0.6817632850241546,0.5730085243974132,0.6248628596756616,0.6817632850241546,0.644137670269309,0.516881112714446,0.5730085243974132,0.5315431703245601,0.8694485725962174,0.5959220271195389,0.02397630653447575,1.204857932196723
glass_identification,Glass Identification,Hybrid NBEM,87,0.7192028985507246,0.606003821281599,0.6688384448348217,0.7192028985507246,0.6799343900624916,0.576921997755331,0.606003821281599,0.573387581153319,0.8780673692584924,0.5378964850161638,0.0254431771269689,1.2050247192382812
glass_identification,Glass Identification,Hybrid NBEM,123,0.664049919484702,0.5843253968253967,0.621497438194298,0.664049919484702,0.6253184703332211,0.530602062546507,0.5843253968253967,0.536695856793896,0.8607541512432816,0.47482375112465686,0.018968603703089885,1.2049554189046223
glass_identification,Glass Identification,Hybrid w/o Adaptive,42,0.6819645732689211,0.431547619047619,0.5809461159702706,0.6819645732689211,0.6186678543085865,0.38289719539719536,0.431547619047619,0.3979386016889195,0.8640646130908812,0.6622856566941159,0.014588353275838826,1.2028332816229925
glass_identification,Glass Identification,Hybrid w/o Deep,42,0.6537842190016102,0.5356407995296883,0.5882297352406048,0.6537842190016102,0.6117728177673437,0.47592191758858426,0.5356407995296883,0.4939314044706202,0.8591529511819367,0.15446405487859416,0.018980042258691456,0.13234308030870226
glass_identification,Glass Identification,Hybrid w/o Dependency,42,0.5980273752012882,0.5369268077601411,0.5462511589323183,0.5980273752012882,0.5554160853075767,0.4762813318368874,0.5369268077601411,0.488963582952231,0.8237423079135036,0.5103035018417157,0.011712563094786473,1.176420317755805
glass_identification,Glass Identification,NBEM,13,0.46256038647343,0.5008450911228688,0.4833357974395911,0.46256038647343,0.4233198344804139,0.44604775519808204,0.5008450911228688,0.4344114962133687,0.7650176061860844,0.0034639431784550347,0.004049200900933809,0.029706954956054688
glass_identification,Glass Identification,NBEM,21,0.43961352657004826,0.5218988830099941,0.4386168157303423,0.43961352657004826,0.4045177618071383,0.45620022981134084,0.5218988830099941,0.4499433696921769,0.7720818051547218,0.0029607473665641416,0.003437079049439894,0.02997589111328125
glass_identification,Glass Identification,NBEM,42,0.4524959742351047,0.5140726043503822,0.43216329863814945,0.4524959742351047,0.4061773050522097,0.45458459478067315,0.5140726043503822,0.44899753183506047,0.757749896959589,0.002786750439554453,0.00294546433724463,0.029970169067382812
glass_identification,Glass Identification,NBEM,87,0.48148148148148145,0.5365593768371546,0.4799739115107472,0.48148148148148145,0.4448761956576677,0.4948516504072059,0.5365593768371546,0.48019696607587903,0.7713027444911503,0.004045878795699941,0.004468957686589824,0.029964447021484375
glass_identification,Glass Identification,NBEM,123,0.47161835748792275,0.544973544973545,0.5353371160285412,0.47161835748792275,0.4434818494590821,0.5092292995070773,0.544973544973545,0.4757514258800509,0.7694961280332657,0.0038716442003432247,0.004009000413740675,0.029987335205078125
glass_identification,Glass Identification,Probabilistic Deep NBEM,42,0.5889694041867954,0.39840534979423864,0.5246190580468038,0.5889694041867954,0.5162694033074998,0.3652994223857657,0.39840534979423864,0.35719404162492563,0.8162921049696412,0.4505131198351996,0.00199707232726117,1.174772368537055
glass_identification,Glass Identification,WNB,13,0.626207729468599,0.3747795414462081,0.5286295617515424,0.626207729468599,0.5638922582159297,0.34438005410227635,0.3747795414462081,0.35087585075507777,0.8473586037218284,0.05878925879692866,0.004023144332071145,0.0436965094672309
glass_identification,Glass Identification,WNB,21,0.6030595813204509,0.36438124632569074,0.5213040381518642,0.6030595813204509,0.5459581342212846,0.3462387406831851,0.36438124632569074,0.3440374658339914,0.8459141100445449,0.05479416486600207,0.003520612863616811,0.045495563083224826
glass_identification,Glass Identification,WNB,42,0.6447262479871175,0.38738242210464435,0.5606574484291875,0.6447262479871175,0.5837172913863735,0.3716916828027939,0.38738242210464435,0.36578648806909675,0.8495953430962488,0.04544019442982972,0.0026995620121144587,0.0452728271484375
glass_identification,Glass Identification,WNB,87,0.6354669887278583,0.3802910052910053,0.5518509369052848,0.6354669887278583,0.5760763020636115,0.36410400299289186,0.3802910052910053,0.3596596110828997,0.8551069757704721,0.059322403381682105,0.003795134990165631,0.045402844746907554
glass_identification,Glass Identification,WNB,123,0.6398953301127215,0.3830099941211052,0.55819205284785,0.6398953301127215,0.5765989948643139,0.36983903442236776,0.3830099941211052,0.3594932577992583,0.8463361945019554,0.055371354101225734,0.0036796115649243197,0.04554324679904514
haberman_s_survival,Haberman Survival,Adaptive Weighted NBEM,13,0.7484946236559139,0.5665651075977163,0.7174223733873345,0.7484946236559139,0.6928584561737077,0.6726773083238601,0.5665651075977163,0.5532905534751672,0.6537631752305665,0.0031457415083423258,0.004328806418925524,0.018742942810058595
haberman_s_survival,Haberman Survival,Adaptive Weighted NBEM,21,0.7448387096774194,0.5649868247694335,0.6917564068979644,0.7448387096774194,0.6890617393895178,0.6237763940216665,0.5649868247694335,0.5494183333866867,0.658945432586737,0.00343949981033802,0.0047009488800540565,0.018706893920898436
haberman_s_survival,Haberman Survival,Adaptive Weighted NBEM,42,0.7448387096774194,0.5711462450592886,0.6890203808056978,0.7448387096774194,0.6916105548063756,0.6233955412403688,0.5711462450592886,0.5575536406628447,0.6257767896354853,0.0027128137880936265,0.0036693553440272806,0.0186553955078125
haberman_s_survival,Haberman Survival,Adaptive Weighted NBEM,87,0.7452688172043012,0.5746267018006148,0.7038857749879555,0.7452688172043012,0.6903158249556084,0.6407667399659105,0.5746267018006148,0.554145114853755,0.6490146025472112,0.002812513220123947,0.003841800056397915,0.01877899169921875
haberman_s_survival,Haberman Survival,Adaptive Weighted NBEM,123,0.7453763440860215,0.5725433684672815,0.7219144026986074,0.7453763440860215,0.699084151379892,0.6796885043436768,0.5725433684672815,0.5687232828359237,0.615139163372859,0.0029861539835110305,0.004366310825571418,0.018768692016601564
haberman_s_survival,Haberman Survival,Bernoulli NB,42,0.7224731182795698,0.5030385375494071,0.5727740532472314,0.7224731182795698,0.6302586985296663,0.4265781203100447,0.5030385375494071,0.4464093314093314,0.683197463768116,0.005868038022890687,0.0035169013310223816,0.02587718963623047
haberman_s_survival,Haberman Survival,Categorical NB,42,0.7321505376344086,0.5735891523935003,0.7105957730812014,0.7321505376344086,0.6943630529796486,0.6607144120247568,0.5735891523935003,0.572059879876168,0.6830245388669302,0.006990702264010907,0.002117265947163105,0.019765281677246095
haberman_s_survival,Haberman Survival,Dependency-Aware NBEM,42,0.7450537634408602,0.5307806324110672,0.6412415592907179,0.7450537634408602,0.6574435925486299,0.5489390327877536,0.5307806324110672,0.48640745483808745,0.6695611001317523,0.03504992218222469,0.0019428986823186278,0.06136035919189453
haberman_s_survival,Haberman Survival,Gaussian NB,42,0.7448387096774194,0.5711462450592886,0.6890203808056978,0.7448387096774194,0.6916105548063756,0.6233955412403688,0.5711462450592886,0.5575536406628447,0.6257767896354853,0.003388753393664956,0.002354724914766848,0.0184661865234375
haberman_s_survival,Haberman Survival,Hybrid NBEM,13,0.7417204301075269,0.5774319279754063,0.7151065001373521,0.7417204301075269,0.6984911173597198,0.6643734705523288,0.5774319279754063,0.5715010792278359,0.7406071585419411,0.5468119695317,0.015226835221983492,1.1604488372802735
haberman_s_survival,Haberman Survival,Hybrid NBEM,21,0.735268817204301,0.5591595300834431,0.6998896354218899,0.735268817204301,0.6843247171354448,0.6439436648507838,0.5591595300834431,0.5477782644609035,0.7220794905577514,0.44093966018408537,0.014293915801681578,1.1600998878479003
haberman_s_survival,Haberman Survival,Hybrid NBEM,42,0.7416129032258064,0.5688735177865613,0.6907035855422952,0.7416129032258064,0.6926900378197749,0.6275579975579976,0.5688735177865613,0.5616334309947756,0.6952816205533596,0.5780342736979946,0.014702367084100842,1.1593502044677735
haberman_s_survival,Haberman Survival,Hybrid NBEM,87,0.7517204301075269,0.5790733421168204,0.75799277608232,0.7517204301075269,0.701513865320678,0.7480503452486211,0.5790733421168204,0.5719909242239042,0.7054183135704875,0.3871176373679191,0.014733806136064231,1.1598984718322753
haberman_s_survival,Haberman Survival,Hybrid NBEM,123,0.7291397849462365,0.5505379885814669,0.6886975506969909,0.7291397849462365,0.6777783961664643,0.6269283181285406,0.5505379885814669,0.5383646661991021,0.7146286231884058,0.4244004156673327,0.014480841252952814,1.160198974609375
haberman_s_survival,Haberman Survival,Hybrid w/o Adaptive,42,0.741505376344086,0.5645998023715415,0.6889604762312215,0.741505376344086,0.6896015898887069,0.6265107995452823,0.5645998023715415,0.5551713155430302,0.6926136363636364,0.5714037534082308,0.009225694043561817,1.1579590797424317
haberman_s_survival,Haberman Survival,Hybrid w/o Deep,42,0.7317204301075269,0.554100790513834,0.6769971058754892,0.7317204301075269,0.6798077732514166,0.6076232228818436,0.554100790513834,0.5423617083196915,0.6832756916996047,0.08860603717621415,0.011798441410064697,0.06519908905029297
haberman_s_survival,Haberman Survival,Hybrid w/o Dependency,42,0.7416129032258064,0.5486907114624506,0.6797357821967605,0.7416129032258064,0.6752988997918252,0.6155291322198997,0.5486907114624506,0.5254560625895254,0.6707866710584102,0.5265642418060452,0.010722337593324482,1.1474295616149903
haberman_s_survival,Haberman Survival,NBEM,13,0.7484946236559139,0.5665651075977163,0.7174223733873345,0.7484946236559139,0.6928584561737077,0.6726773083238601,0.5665651075977163,0.5532905534751672,0.6537631752305665,0.0029246855294331906,0.0032592379255220296,0.018881607055664062
haberman_s_survival,Haberman Survival,NBEM,21,0.7448387096774194,0.5649868247694335,0.6917564068979644,0.7448387096774194,0.6890617393895178,0.6237763940216665,0.5649868247694335,0.5494183333866867,0.658945432586737,0.003733856417238712,0.004216462909244001,0.018989753723144532
haberman_s_survival,Haberman Survival,NBEM,42,0.7448387096774194,0.5711462450592886,0.6890203808056978,0.7448387096774194,0.6916105548063756,0.6233955412403688,0.5711462450592886,0.5575536406628447,0.6257767896354853,0.002890598005615175,0.0034133576089516284,0.01897773742675781
haberman_s_survival,Haberman Survival,NBEM,87,0.7452688172043012,0.5746267018006148,0.7038857749879555,0.7452688172043012,0.6903158249556084,0.6407667399659105,0.5746267018006148,0.554145114853755,0.6490146025472112,0.003343943925574422,0.0035412923898547888,0.01893310546875
haberman_s_survival,Haberman Survival,NBEM,123,0.7453763440860215,0.5725433684672815,0.7219144026986074,0.7453763440860215,0.699084151379892,0.6796885043436768,0.5725433684672815,0.5687232828359237,0.615139163372859,0.0037638430250808595,0.004218214307911694,0.01897430419921875
haberman_s_survival,Haberman Survival,Probabilistic Deep NBEM,42,0.7483870967741935,0.5442907334211682,0.6621077435328754,0.7483870967741935,0.6705775729894415,0.581211989715883,0.5442907334211682,0.5099297021985701,0.5836791831357049,0.46170933614484966,0.0021094061667099595,1.1466404914855957
haberman_s_survival,Haberman Survival,WNB,13,0.735268817204301,0.5,0.5407094461787489,0.735268817204301,0.6231313020966095,0.3676344086021505,0.5,0.42370316615599635,0.7245018115942029,0.023176385601982475,0.0010453908704221248,0.04025392532348633
haberman_s_survival,Haberman Survival,WNB,21,0.735268817204301,0.5,0.5407094461787489,0.735268817204301,0.6231313020966095,0.3676344086021505,0.5,0.42370316615599635,0.7067838713219148,0.0269431765191257,0.001172001427039504,0.04014396667480469
haberman_s_survival,Haberman Survival,WNB,42,0.735268817204301,0.5,0.5407094461787489,0.735268817204301,0.6231313020966095,0.3676344086021505,0.5,0.42370316615599635,0.6849761198945982,0.021075095632113516,0.000886572734452784,0.03957014083862305
haberman_s_survival,Haberman Survival,WNB,87,0.735268817204301,0.5,0.5407094461787489,0.735268817204301,0.6231313020966095,0.3676344086021505,0.5,0.42370316615599635,0.7073657773386034,0.025166998547501863,0.0010400941129773856,0.040112781524658206
haberman_s_survival,Haberman Survival,WNB,123,0.735268817204301,0.5,0.5407094461787489,0.735268817204301,0.6231313020966095,0.3676344086021505,0.5,0.42370316615599635,0.7104894049187528,0.02745312126353383,0.0014050603145733475,0.04027223587036133
heart_disease,Heart Disease,Adaptive Weighted NBEM,13,0.5541935483870968,0.2673676470588235,0.4486871132525521,0.5541935483870968,0.4898699466738516,0.24209916094584286,0.2673676470588235,0.24638111564427354,0.8218140535565451,0.00669168985914439,0.0077967124059796335,0.04726362228393555
heart_disease,Heart Disease,Adaptive Weighted NBEM,21,0.560752688172043,0.2711372549019608,0.48718316947112994,0.560752688172043,0.5002591615660066,0.2766020485997603,0.2711372549019608,0.2543072447950497,0.8182125812472865,0.008833389286883176,0.008851372636854649,0.04712457656860351
heart_disease,Heart Disease,Adaptive Weighted NBEM,42,0.5641935483870968,0.2802107843137255,0.4642819718058516,0.5641935483870968,0.49934717049193234,0.24979351408825093,0.2802107843137255,0.25453011161060696,0.8192746192161839,0.006541457120329141,0.0073326444951817395,0.04707355499267578
heart_disease,Heart Disease,Adaptive Weighted NBEM,87,0.5509677419354839,0.256656862745098,0.449102118599941,0.5509677419354839,0.48646530052217657,0.23569055929238997,0.256656862745098,0.2376273224167961,0.81222995989303,0.006651024008169771,0.008197774016298353,0.04724254608154297
heart_disease,Heart Disease,Adaptive Weighted NBEM,123,0.5710752688172043,0.28012745098039216,0.48102211450041227,0.5710752688172043,0.5085601106806539,0.28492403043181075,0.28012745098039216,0.2675654225654226,0.8242131806636627,0.006390882842242718,0.006905654515139759,0.04731044769287109
heart_disease,Heart Disease,Bernoulli NB,42,0.5580645161290322,0.31046568627450977,0.52744726062468,0.5580645161290322,0.5367741547914613,0.2878924394319131,0.31046568627450977,0.29316434164778815,0.803984020235179,0.00668852892704308,0.0037077140528708695,0.05952596664428711
heart_disease,Heart Disease,Categorical NB,42,0.5549462365591398,0.33313235294117644,0.5287849248053232,0.5549462365591398,0.5320539124510203,0.3207702315744111,0.33313235294117644,0.314460250145456,0.8130981243800488,0.009899283945560455,0.0017338890116661786,0.043017005920410155
heart_disease,Heart Disease,Dependency-Aware NBEM,42,0.557741935483871,0.22833333333333333,0.3663419891469576,0.557741935483871,0.42157604559429507,0.20570016701051186,0.22833333333333333,0.1891702534020801,0.7927307849629874,0.08727846378460527,0.006174867879599333,0.13736991882324218
heart_disease,Heart Disease,Gaussian NB,42,0.5483870967741936,0.34058333333333335,0.563518039889432,0.5483870967741936,0.549376338682365,0.3230496623259781,0.34058333333333335,0.32310680066914116,0.812157137945069,0.004176352499052882,0.002918021916411817,0.05726432800292969
heart_disease,Heart Disease,Hybrid NBEM,13,0.6002150537634409,0.3360343137254902,0.5456251201240215,0.6002150537634409,0.5643887368480398,0.31783090078136517,0.3360343137254902,0.3185170316439666,0.8270208482525316,0.673042940767482,0.03300693936180323,1.290965747833252
heart_disease,Heart Disease,Hybrid NBEM,21,0.5743010752688172,0.2933676470588235,0.5077286389259933,0.5743010752688172,0.5222162644845157,0.28707286642553836,0.2933676470588235,0.2717631484999906,0.8210010158561142,0.5516364110168069,0.03580155461095273,1.2884320259094237
heart_disease,Heart Disease,Hybrid NBEM,42,0.5908602150537634,0.32036764705882353,0.5193879981616261,0.5908602150537634,0.5472512581130378,0.28740153292438253,0.32036764705882353,0.29762148644269387,0.8150778500177089,0.7506854652892798,0.03145233008544892,1.2891738891601563
heart_disease,Heart Disease,Hybrid NBEM,87,0.5775268817204301,0.2928970588235294,0.516531964145421,0.5775268817204301,0.538585054061335,0.2783962021324722,0.2928970588235294,0.27751775679716856,0.8182783370072023,0.6713805156527087,0.03262497235555202,1.292318630218506
heart_disease,Heart Disease,Hybrid NBEM,123,0.5910752688172043,0.3162941176470588,0.5207861163604197,0.5910752688172043,0.5478933300563182,0.29654047887097423,0.3162941176470588,0.29845262659736344,0.8328226309882595,0.5401765796821565,0.03225163358729333,1.2910271644592286
heart_disease,Heart Disease,Hybrid w/o Adaptive,42,0.590752688172043,0.3035539215686275,0.5236445410461125,0.590752688172043,0.5381664939606778,0.32424388003375754,0.3035539215686275,0.2936326888953428,0.8030428374794708,0.7680141456658021,0.01729480696376413,1.286135768890381
heart_disease,Heart Disease,Hybrid w/o Deep,42,0.5908602150537634,0.31828431372549015,0.5029170822738771,0.5908602150537634,0.5346779054537968,0.2858561431576306,0.31828431372549015,0.29223567877515244,0.8250426626368043,0.1974293452920392,0.028581723221577704,0.1698301315307617
heart_disease,Heart Disease,Hybrid w/o Dependency,42,0.6005376344086021,0.3277941176470588,0.5264256700646188,0.6005376344086021,0.5543405788089675,0.2934707244453846,0.3277941176470588,0.3033256418269067,0.8126702838922156,0.6262132867705077,0.020013686106540262,1.2685805320739747
heart_disease,Heart Disease,NBEM,13,0.5738709677419355,0.3085147058823529,0.5330227046109899,0.5738709677419355,0.5467440121492853,0.29472917588087866,0.3085147058823529,0.29475934935377657,0.8189309724970645,0.006947772647254169,0.006397461076267064,0.047507858276367186
heart_disease,Heart Disease,NBEM,21,0.5511827956989247,0.29538235294117643,0.5296432339017478,0.5511827956989247,0.5345428319221014,0.2972703326944813,0.29538235294117643,0.2898488199024252,0.818718766001024,0.00739061061758548,0.0068994179833680395,0.04712209701538086
heart_disease,Heart Disease,NBEM,42,0.5707526881720429,0.3243578431372549,0.5311034171450131,0.5707526881720429,0.5442017812052267,0.30860799056464694,0.3243578431372549,0.30982941674672426,0.8157450807806018,0.0067889542318880555,0.006603096402250231,0.04724102020263672
heart_disease,Heart Disease,NBEM,87,0.5640860215053763,0.2973039215686274,0.5135754805669417,0.5640860215053763,0.5336234149354093,0.2774181308887191,0.2973039215686274,0.2830920642778228,0.8120824673218815,0.006188622280023992,0.0063708061818033455,0.04757061004638672
heart_disease,Heart Disease,NBEM,123,0.5678494623655914,0.29927450980392156,0.5227427151581251,0.5678494623655914,0.5393941011284464,0.2860407513882746,0.29927450980392156,0.2870427963222081,0.8204429003857072,0.006772295129485429,0.006347099016420543,0.047493362426757814
heart_disease,Heart Disease,Probabilistic Deep NBEM,42,0.5740860215053762,0.2565,0.4410603108361534,0.5740860215053762,0.4762735175882821,0.2548315529331863,0.2565,0.23288248012436794,0.756278777501766,0.5331122347153723,0.002409016853198409,1.26517333984375
heart_disease,Heart Disease,WNB,13,0.5411827956989248,0.2,0.29299630015030637,0.5411827956989248,0.3801338615181085,0.10823655913978494,0.2,0.1404463459759482,0.8099272919200988,0.07674945890903473,0.0038933583302423356,0.06479806900024414
heart_disease,Heart Disease,WNB,21,0.5411827956989248,0.2,0.29299630015030637,0.5411827956989248,0.3801338615181085,0.10823655913978494,0.2,0.1404463459759482,0.8108779549142545,0.0744041743921116,0.003661922598257661,0.06279973983764649
heart_disease,Heart Disease,WNB,42,0.5411827956989248,0.2,0.29299630015030637,0.5411827956989248,0.3801338615181085,0.10823655913978494,0.2,0.1404463459759482,0.8134121396963628,0.05849759802222252,0.0036548316245898606,0.06250905990600586
heart_disease,Heart Disease,WNB,87,0.5411827956989248,0.2,0.29299630015030637,0.5411827956989248,0.3801338615181085,0.10823655913978494,0.2,0.1404463459759482,0.8081788121277368,0.06810419145040214,0.0030372424283996225,0.0646641731262207
heart_disease,Heart Disease,WNB,123,0.5411827956989248,0.2,0.29299630015030637,0.5411827956989248,0.3801338615181085,0.10823655913978494,0.2,0.1404463459759482,0.8157865829078844,0.07382755030412227,0.0031546690966933965,0.06438837051391602
heart_failure_clinical_records,Heart Failure,Adaptive Weighted NBEM,13,0.7427586206896551,0.6395634920634921,0.7424582912654377,0.7427586206896551,0.7139222466873515,0.7341151943869335,0.6395634920634921,0.647875192272725,0.8419867724867725,0.005882305162958801,0.0066451720194891095,0.036500740051269534
heart_failure_clinical_records,Heart Failure,Adaptive Weighted NBEM,21,0.745632183908046,0.6375396825396825,0.7301591723193421,0.745632183908046,0.7087318937257507,0.7138210963754442,0.6375396825396825,0.6362973567781542,0.8487222222222222,0.007334310584701598,0.008280813810415566,0.03655223846435547
heart_failure_clinical_records,Heart Failure,Adaptive Weighted NBEM,42,0.7490804597701148,0.645515873015873,0.742361797164096,0.7490804597701148,0.7176444133874993,0.7364672364672364,0.645515873015873,0.6527844203283611,0.8485740740740741,0.006293832068331539,0.00676746794488281,0.03662805557250977
heart_failure_clinical_records,Heart Failure,Adaptive Weighted NBEM,87,0.7493103448275862,0.6482539682539683,0.7541647256957601,0.7493103448275862,0.719485741040687,0.751985347985348,0.6482539682539683,0.6557859534660941,0.84744708994709,0.007455111737363041,0.008001920464448632,0.036510562896728514
heart_failure_clinical_records,Heart Failure,Adaptive Weighted NBEM,123,0.749080459770115,0.6434126984126983,0.7550991136854706,0.749080459770115,0.7182513224896505,0.7554401363531797,0.6434126984126983,0.6521617128022885,0.8568968253968254,0.0067750717047601935,0.008014051895588636,0.03640804290771484
heart_failure_clinical_records,Heart Failure,Bernoulli NB,42,0.825977011494253,0.7709126984126984,0.8277517016573356,0.825977011494253,0.8162463461884755,0.819910503366453,0.7709126984126984,0.7808008835315403,0.8787791005291006,0.0055733824148774145,0.0034626091131940485,0.05462074279785156
heart_failure_clinical_records,Heart Failure,Categorical NB,42,0.8395402298850575,0.8107142857142857,0.8407960850401868,0.8395402298850575,0.8383442122390223,0.8218526429710641,0.8107142857142857,0.8139085868872952,0.8916613756613756,0.010638912883587181,0.0020516540855169295,0.03450469970703125
heart_failure_clinical_records,Heart Failure,Dependency-Aware NBEM,42,0.812528735632184,0.7286904761904762,0.832985874787474,0.812528735632184,0.7896541942538129,0.8460498044628479,0.7286904761904762,0.7408812890588811,0.9017830687830688,0.09033497117925435,0.004367122682742775,0.13178424835205077
heart_failure_clinical_records,Heart Failure,Gaussian NB,42,0.7658620689655172,0.6848015873015874,0.7593562904694838,0.7658620689655172,0.7488764246432831,0.7486058253340862,0.6848015873015874,0.6980339748377874,0.8485132275132274,0.004452469456009567,0.002416107524186373,0.05525150299072266
heart_failure_clinical_records,Heart Failure,Hybrid NBEM,13,0.8329885057471265,0.7926984126984127,0.8383121553448232,0.8329885057471265,0.8292263416733643,0.8252521042395184,0.7926984126984127,0.8005191300247333,0.8908835978835979,0.6371214818675071,0.027292038802988826,1.2566229820251464
heart_failure_clinical_records,Heart Failure,Hybrid NBEM,21,0.8293103448275863,0.7711507936507938,0.8286757469028834,0.8293103448275863,0.8211350176185508,0.8223184484597528,0.7711507936507938,0.786224342267346,0.8948756613756614,0.5972962422994896,0.025247689173556864,1.2556557655334473
heart_failure_clinical_records,Heart Failure,Hybrid NBEM,42,0.8327586206896551,0.7878174603174604,0.8322939133266207,0.8327586206896551,0.8284636581338154,0.8205502557447637,0.7878174603174604,0.798736370300797,0.9004761904761904,0.7020085533848033,0.025894282595254482,1.2558479309082031
heart_failure_clinical_records,Heart Failure,Hybrid NBEM,87,0.8397701149425287,0.7912301587301587,0.8466145001661849,0.8397701149425287,0.8343522522940487,0.8419056740996101,0.7912301587301587,0.8046230526144743,0.8983835978835979,0.5998735175933689,0.027696261066012084,1.2556636810302735
heart_failure_clinical_records,Heart Failure,Hybrid NBEM,123,0.8260919540229885,0.7748809523809523,0.8292387058635186,0.8260919540229885,0.819578968588426,0.8202275079992472,0.7748809523809523,0.7866432822861142,0.9001825396825398,0.6400927279610187,0.02747200187295675,1.2552279472351073
heart_failure_clinical_records,Heart Failure,Hybrid w/o Adaptive,42,0.8394252873563218,0.7983730158730158,0.8389630070094443,0.8394252873563218,0.8354460868997599,0.8259028665207155,0.7983730158730158,0.8071661194162507,0.9003915343915343,0.6935706725576892,0.013089193776249886,1.251729965209961
heart_failure_clinical_records,Heart Failure,Hybrid w/o Deep,42,0.8191954022988506,0.7626587301587302,0.8198585513622483,0.8191954022988506,0.8086432441739813,0.8086777441983392,0.7626587301587302,0.7706363550118992,0.9043439153439154,0.19198189012240618,0.02098945006728172,0.13853864669799804
heart_failure_clinical_records,Heart Failure,Hybrid w/o Dependency,42,0.7959770114942529,0.7372619047619048,0.7911436877160265,0.7959770114942529,0.7874162849841609,0.7767655593199072,0.7372619047619048,0.7488208397627085,0.8697275132275133,0.5585911462781951,0.01671749888919294,1.2345962524414062
heart_failure_clinical_records,Heart Failure,NBEM,13,0.7427586206896551,0.6395634920634921,0.7424582912654377,0.7427586206896551,0.7139222466873515,0.7341151943869335,0.6395634920634921,0.647875192272725,0.8393148148148148,0.006562559003941715,0.005633654701523483,0.03675060272216797
heart_failure_clinical_records,Heart Failure,NBEM,21,0.755632183908046,0.6530952380952381,0.7494554686156385,0.755632183908046,0.724942456212909,0.7394771810315288,0.6530952380952381,0.658733274457233,0.8388227513227513,0.0071282909950241445,0.006442270381376148,0.036683177947998045
heart_failure_clinical_records,Heart Failure,NBEM,42,0.7524137931034482,0.655515873015873,0.7451643606768044,0.7524137931034482,0.7266026427358523,0.7374382067208154,0.655515873015873,0.6661945381487188,0.8349788359788359,0.007613203977234662,0.006263033789582551,0.03679361343383789
heart_failure_clinical_records,Heart Failure,NBEM,87,0.7493103448275862,0.6514285714285715,0.7518429308239652,0.7493103448275862,0.7209113147474817,0.7465173992673992,0.6514285714285715,0.6585415307082578,0.8382724867724868,0.008181285625323654,0.00754537102766335,0.036688804626464844
heart_failure_clinical_records,Heart Failure,NBEM,123,0.7557471264367817,0.6534126984126984,0.7592016777880346,0.7557471264367817,0.7271770183718681,0.758517059430103,0.6534126984126984,0.6636178894758565,0.8438518518518519,0.008269451232627035,0.007255371101200581,0.0366368293762207
heart_failure_clinical_records,Heart Failure,Probabilistic Deep NBEM,42,0.8026436781609195,0.7464285714285714,0.7974335061906277,0.8026436781609195,0.7921706181468349,0.7821260116694899,0.7464285714285714,0.7539250080424444,0.8650608465608466,0.4883900645887479,0.0023319143801927567,1.231887435913086
heart_failure_clinical_records,Heart Failure,WNB,13,0.8196551724137932,0.7403571428571428,0.8357771166272903,0.8196551724137932,0.8031361136967904,0.848503050534515,0.7403571428571428,0.7605595677990266,0.8863068783068784,0.06210710797458887,0.0020873222034424543,0.06335973739624023
heart_failure_clinical_records,Heart Failure,WNB,21,0.8159770114942528,0.7308333333333333,0.8089236044713056,0.8159770114942528,0.7894889157891656,0.8069195711695711,0.7308333333333333,0.7384562128751279,0.8953544973544973,0.06658542051445693,0.002399662183597684,0.06299810409545899
heart_failure_clinical_records,Heart Failure,WNB,42,0.8293103448275863,0.7542460317460318,0.8464048134662827,0.8293103448275863,0.8109946863431322,0.8576733954451345,0.7542460317460318,0.7681460463717538,0.9026428571428571,0.05401142577175051,0.0023595089558511974,0.06206445693969727
heart_failure_clinical_records,Heart Failure,WNB,87,0.825977011494253,0.7468650793650793,0.8427036685851028,0.825977011494253,0.8078930564172,0.8564917369265196,0.7468650793650793,0.7643711655413213,0.9030476190476191,0.07210006851237268,0.00300541901960969,0.06316471099853516
heart_failure_clinical_records,Heart Failure,WNB,123,0.8127586206896552,0.7303571428571428,0.827076695168899,0.8127586206896552,0.7938805875543513,0.8384663826511651,0.7303571428571428,0.748186349825042,0.8965661375661377,0.07334515710826964,0.0028178095584735275,0.06318321228027343
hepatitis,Hepatitis,Adaptive Weighted NBEM,13,0.8458333333333334,0.7689102564102563,0.8623859126984128,0.8458333333333334,0.8461883449883449,0.7990231990231991,0.7689102564102563,0.770493672993673,0.8737179487179487,0.0069944615941494705,0.0068754541454836724,0.03198671340942383
hepatitis,Hepatitis,Adaptive Weighted NBEM,21,0.8375,0.7551282051282051,0.8603350122100123,0.8375,0.8350455137455137,0.7939407814407814,0.7551282051282051,0.7489226514226515,0.8653311965811966,0.007311927154660225,0.007818198530003428,0.0320124626159668
hepatitis,Hepatitis,Adaptive Weighted NBEM,42,0.85125,0.7798076923076923,0.8595306776556777,0.85125,0.8510936507936508,0.7851648351648353,0.7798076923076923,0.7747887667887667,0.8674145299145299,0.005890934006310999,0.007239224691875279,0.0320124626159668
hepatitis,Hepatitis,Adaptive Weighted NBEM,87,0.8262499999999999,0.7381410256410257,0.8386614635364635,0.8262499999999999,0.8252073854486899,0.7611954711954712,0.7381410256410257,0.7340528979876806,0.8636217948717949,0.006700574583373964,0.0081691111670807,0.03198671340942383
hepatitis,Hepatitis,Adaptive Weighted NBEM,123,0.85,0.7544871794871795,0.8494679487179487,0.85,0.8436365597365597,0.7748992673992674,0.7544871794871795,0.7535500425500425,0.8509615384615385,0.0060944336000829935,0.006737865693867207,0.03201761245727539
hepatitis,Hepatitis,Bernoulli NB,42,0.8375,0.7714743589743589,0.8468939393939394,0.8375,0.840615000941088,0.7610955710955711,0.7714743589743589,0.7635998059911103,0.8759615384615385,0.005996784474700689,0.003193241590633988,0.04522829055786133
hepatitis,Hepatitis,Categorical NB,42,0.8574999999999999,0.8214743589743589,0.8802509157509156,0.8574999999999999,0.861025202333898,0.80239010989011,0.8214743589743589,0.7989454675759023,0.8889957264957266,0.011801645299419761,0.0018994565820321442,0.02908153533935547
hepatitis,Hepatitis,Dependency-Aware NBEM,42,0.8004166666666667,0.5166666666666667,0.6551183035714286,0.8004166666666667,0.7153965096206475,0.44973214285714286,0.5166666666666667,0.46912866826659927,0.8570512820512821,0.09988129194825887,0.005021234229207039,0.10391902923583984
hepatitis,Hepatitis,Gaussian NB,42,0.63875,0.7128205128205127,0.8140352182539683,0.63875,0.6695149711399712,0.6446626984126984,0.7128205128205127,0.6051298701298701,0.8423076923076923,0.00342685601208359,0.002352033741772175,0.05393142700195312
hepatitis,Hepatitis,Hybrid NBEM,13,0.8525,0.7266025641025641,0.8626479770229771,0.8525,0.8413343304843306,0.8273409923409923,0.7266025641025641,0.7448746438746439,0.8890491452991454,0.41645415432285515,0.026128366705961525,1.0709352493286133
hepatitis,Hepatitis,Hybrid NBEM,21,0.83125,0.6884615384615385,0.8189004120879121,0.83125,0.8119960428460429,0.7337912087912087,0.6884615384615385,0.6849667554667555,0.8738782051282051,0.36660344679839907,0.01982778569217771,1.0715314865112304
hepatitis,Hepatitis,Hybrid NBEM,42,0.85125,0.7253205128205128,0.8362545787545788,0.85125,0.838228897028897,0.7733516483516484,0.7253205128205128,0.739006512006512,0.8563034188034188,0.4973168738884851,0.021616052254103124,1.0711386680603028
hepatitis,Hepatitis,Hybrid NBEM,87,0.845,0.7125,0.8475641025641025,0.845,0.833562215320911,0.8066025641025641,0.7125,0.7293022774327123,0.8743055555555556,0.34541408538352697,0.02928666688967496,1.0711260795593263
hepatitis,Hepatitis,Hybrid NBEM,123,0.8504166666666666,0.7166666666666666,0.846617673992674,0.8504166666666666,0.8365507973507974,0.795970695970696,0.7166666666666666,0.7300294335294335,0.87232905982906,0.4685351968975738,0.026660780189558864,1.0719381332397462
hepatitis,Hepatitis,Hybrid w/o Adaptive,42,0.8258333333333333,0.5958333333333333,0.7647473672161172,0.8258333333333333,0.77651792135068,0.6647481684981684,0.5958333333333333,0.5947418635004842,0.852190170940171,0.4769210068974644,0.014450940000824631,1.0677788734436036
hepatitis,Hepatitis,Hybrid w/o Deep,42,0.85125,0.7253205128205128,0.8330384615384615,0.85125,0.8365810337810338,0.7650915750915751,0.7253205128205128,0.7354765974765975,0.8590811965811966,0.18459918205626308,0.026211919728666544,0.10428524017333984
hepatitis,Hepatitis,Hybrid w/o Dependency,42,0.845,0.6961538461538461,0.8270929487179487,0.845,0.8242745421245422,0.7676739926739927,0.6961538461538461,0.7075775335775336,0.8535256410256411,0.32053038019221275,0.01521359330508858,1.0503290176391602
hepatitis,Hepatitis,NBEM,13,0.8387499999999999,0.7730769230769231,0.8557469613719613,0.8387499999999999,0.8409972288580985,0.771452713952714,0.7730769230769231,0.761151430694909,0.8788461538461538,0.0070395271060988305,0.0065329138888046145,0.03219747543334961
hepatitis,Hepatitis,NBEM,21,0.8375,0.7676282051282051,0.867129884004884,0.8375,0.8380434433521391,0.8013125763125764,0.7676282051282051,0.7579392145696493,0.8676816239316241,0.0068893370218575,0.0062878947937861085,0.03222837448120117
hepatitis,Hepatitis,NBEM,42,0.8379166666666666,0.783974358974359,0.8589345238095237,0.8379166666666666,0.8411346801346802,0.7734981684981685,0.783974358974359,0.7667437192437193,0.8648504273504274,0.005759410886093974,0.00523857360240072,0.03224897384643555
hepatitis,Hepatitis,NBEM,87,0.8333333333333334,0.7676282051282051,0.8447597402597402,0.8333333333333334,0.8347102494928581,0.7521237096237097,0.7676282051282051,0.7515522078565556,0.8580128205128205,0.007105864747427404,0.006335693597793579,0.03227987289428711
hepatitis,Hepatitis,NBEM,123,0.8370833333333334,0.7711538461538462,0.8544534632034632,0.8370833333333334,0.837237175063262,0.769401431901432,0.7711538461538462,0.7552855461768505,0.8544871794871796,0.006803605798631906,0.0067584550008177756,0.0322077751159668
hepatitis,Hepatitis,Probabilistic Deep NBEM,42,0.79375,0.533974358974359,0.6939638850732601,0.79375,0.7276667852581645,0.5280517399267399,0.533974358974359,0.5060762634555738,0.7280982905982907,0.265489795524627,0.0017469599843025208,1.0472874641418457
hepatitis,Hepatitis,WNB,13,0.79375,0.5,0.6305468750000001,0.79375,0.7026614668856047,0.396875,0.5,0.4424192665571976,0.9006410256410258,0.09876294182613492,0.004322697967290878,0.05412988662719727
hepatitis,Hepatitis,WNB,21,0.79375,0.5,0.6305468750000001,0.79375,0.7026614668856047,0.396875,0.5,0.4424192665571976,0.8962072649572651,0.07688341659959405,0.0028102062409743668,0.05429487228393555
hepatitis,Hepatitis,WNB,42,0.79375,0.5,0.6305468750000001,0.79375,0.7026614668856047,0.396875,0.5,0.4424192665571976,0.8723290598290598,0.07288783879484981,0.0025457937736064196,0.052625846862792966
hepatitis,Hepatitis,WNB,87,0.79375,0.5,0.6305468750000001,0.79375,0.7026614668856047,0.396875,0.5,0.4424192665571976,0.8659722222222224,0.08535717923659832,0.002868941123597324,0.05427274703979492
hepatitis,Hepatitis,WNB,123,0.79375,0.5,0.6305468750000001,0.79375,0.7026614668856047,0.396875,0.5,0.4424192665571976,0.8679487179487179,0.09739179788157344,0.0036195483058691024,0.05398378372192383
ilpd_indian_liver_patient_dataset,Indian Liver Patients,Adaptive Weighted NBEM,13,0.5607539450613677,0.6760944011751042,0.7909820645888725,0.5607539450613677,0.5620554525960206,0.6713403546351833,0.6760944011751042,0.5592822135430384,0.7309696744551479,0.007343665533699095,0.008000638941302896,0.08441686630249023
ilpd_indian_liver_patient_dataset,Indian Liver Patients,Adaptive Weighted NBEM,21,0.5659848042080655,0.6818422490947598,0.7954143955930639,0.5659848042080655,0.5680367107729554,0.6753472366026475,0.6818422490947598,0.5648476689176032,0.7351587586254014,0.007250159978866577,0.007113895565271378,0.08431339263916016
ilpd_indian_liver_patient_dataset,Indian Liver Patients,Adaptive Weighted NBEM,42,0.5643483343074226,0.6797520837603334,0.797253167208366,0.5643483343074226,0.5648221048042226,0.6768353182244631,0.6797520837603334,0.562271633178957,0.7332086493133839,0.007699832227081061,0.007354985433630645,0.08445854187011718
ilpd_indian_liver_patient_dataset,Indian Liver Patients,Adaptive Weighted NBEM,87,0.5642314436002338,0.6802550898408144,0.7977500829325022,0.5642314436002338,0.5648302991055199,0.6768848080627675,0.6802550898408144,0.5622203624818478,0.7372000324520052,0.0075129921780899165,0.007784196478314698,0.08463077545166016
ilpd_indian_liver_patient_dataset,Indian Liver Patients,Adaptive Weighted NBEM,123,0.5622735242548218,0.678784074605452,0.7918145040709255,0.5622735242548218,0.5638646798357112,0.6726305212800908,0.678784074605452,0.5615978347359633,0.7359068627450981,0.0070397833827883,0.007117740134708584,0.0844430923461914
ilpd_indian_liver_patient_dataset,Indian Liver Patients,Bernoulli NB,42,0.7084745762711864,0.5928140158502425,0.681195185268557,0.7084745762711864,0.685934994126854,0.6209931813103389,0.5928140158502425,0.5941625627762237,0.6808915334426453,0.006003789883106947,0.003492766781710088,0.0873291015625
ilpd_indian_liver_patient_dataset,Indian Liver Patients,Categorical NB,42,0.6703974284044418,0.676598474755756,0.7345183394256428,0.6703974284044418,0.683868657074246,0.6479249710145625,0.676598474755756,0.640486595524971,0.7405929749948761,0.010407819109968842,0.0019474696135148406,0.05357933044433594
ilpd_indian_liver_patient_dataset,Indian Liver Patients,Dependency-Aware NBEM,42,0.7135593220338983,0.5,0.5092190969765887,0.7135593220338983,0.5943005622596157,0.35677966101694913,0.5,0.4164090409040904,0.7224616980938716,0.10476036698091776,0.005222042487002909,0.21472501754760742
ilpd_indian_liver_patient_dataset,Indian Liver Patients,Gaussian NB,42,0.5643483343074226,0.6816866075698572,0.8008030312034385,0.5643483343074226,0.5644672216086799,0.6793960807024602,0.6816866075698572,0.5624989704490935,0.7281292700006833,0.005227253725752235,0.002409870992414653,0.09066982269287109
ilpd_indian_liver_patient_dataset,Indian Liver Patients,Hybrid NBEM,13,0.6947691408533021,0.5071202261392361,0.5725814706326153,0.6947691408533021,0.6097938204040599,0.4655879081121955,0.5071202261392361,0.45698873438100496,0.7327205882352941,0.7293799585895613,0.03147390156518668,1.3190644264221192
ilpd_indian_liver_patient_dataset,Indian Liver Patients,Hybrid NBEM,21,0.6983050847457627,0.5269501093120175,0.618781845689424,0.6983050847457627,0.6310239566824474,0.5386109033216936,0.5269501093120175,0.4949234210369394,0.7222977300676369,0.755979399010539,0.023697266099043192,1.3196215629577637
ilpd_indian_liver_patient_dataset,Indian Liver Patients,Hybrid NBEM,42,0.7048801870251314,0.5563667845186855,0.6640085050240516,0.7048801870251314,0.659896984512068,0.6065139063259719,0.5563667845186855,0.5451672521760671,0.7428112403497985,1.0821246387436987,0.026752662705257536,1.3191221237182618
ilpd_indian_liver_patient_dataset,Indian Liver Patients,Hybrid NBEM,87,0.698042080654588,0.5368543758967002,0.635951498061794,0.698042080654588,0.6421513943459878,0.5639954138165787,0.5368543758967002,0.5152480242866453,0.7299828772972604,0.9243507365928962,0.029725916404277086,1.3269464492797851
ilpd_indian_liver_patient_dataset,Indian Liver Patients,Hybrid NBEM,123,0.6998831092928113,0.5258384146341463,0.6232673999226617,0.6998831092928113,0.6322198704624782,0.5456056244912086,0.5258384146341463,0.49479806427774753,0.7259697171551547,0.7446369516197592,0.025547043746337296,1.319347095489502
ilpd_indian_liver_patient_dataset,Indian Liver Patients,Hybrid w/o Adaptive,42,0.7065751022793687,0.5629931850789096,0.6664482801368423,0.7065751022793687,0.6661356885027491,0.6083612991292472,0.5629931850789096,0.5560272895959143,0.7420528882284622,1.0702298724325374,0.012571261124685406,1.316736888885498
ilpd_indian_liver_patient_dataset,Indian Liver Patients,Hybrid w/o Deep,42,0.6893629456458211,0.49020056193208994,0.5696421125012991,0.6893629456458211,0.5929693641006176,0.4669614472469836,0.49020056193208994,0.42816388375695064,0.7342908809865409,0.15653927861712874,0.019702585018239915,0.22763519287109374
ilpd_indian_liver_patient_dataset,Indian Liver Patients,Hybrid w/o Dependency,42,0.7066335476329633,0.538019018583043,0.6595217400483628,0.7066335476329633,0.6407040401610519,0.6064395183085608,0.538019018583043,0.5077887626869851,0.7399953883992622,0.9661644961917772,0.0181498977355659,1.2995877265930176
ilpd_indian_liver_patient_dataset,Indian Liver Patients,NBEM,13,0.5590298071303331,0.6766255892600943,0.7934682366965573,0.5590298071303331,0.5594426965591082,0.673037704897405,0.6766255892600943,0.55770089233042,0.7285135700621712,0.007775824447162449,0.0059433890040963885,0.08463115692138672
ilpd_indian_liver_patient_dataset,Indian Liver Patients,NBEM,21,0.5591466978375219,0.677080344332855,0.7939030304964327,0.5591466978375219,0.5601844119673117,0.6730914368468477,0.677080344332855,0.5581722768151232,0.7310401294664207,0.008281454700045288,0.006996426498517394,0.08456935882568359
ilpd_indian_liver_patient_dataset,Indian Liver Patients,NBEM,42,0.5626534190531853,0.680496131379381,0.8005441355858516,0.5626534190531853,0.562390824773974,0.6789468206601769,0.680496131379381,0.5607640721519089,0.7313381755141081,0.007600005203858018,0.006349661992862821,0.08463973999023437
ilpd_indian_liver_patient_dataset,Indian Liver Patients,NBEM,87,0.5590590298071303,0.6783472535355606,0.7990304172122513,0.5590590298071303,0.5572053933265618,0.6773150709267526,0.6783472535355606,0.5566390881442469,0.7327094862335178,0.008509515854530036,0.007120516779832542,0.08482236862182617
ilpd_indian_liver_patient_dataset,Indian Liver Patients,NBEM,123,0.5571011104617183,0.6751545740247319,0.7902142017411802,0.5571011104617183,0.5575990815911225,0.6707114568590871,0.6751545740247319,0.5563838427132414,0.7336747198879552,0.008553171856328845,0.006895060976967215,0.08460493087768554
ilpd_indian_liver_patient_dataset,Indian Liver Patients,Probabilistic Deep NBEM,42,0.7134716540035068,0.5357104427136707,0.6746907188370251,0.7134716540035068,0.641129281877776,0.6355513733624122,0.5357104427136707,0.5037426778894861,0.7305264483842318,0.8803587978007272,0.0026818447513505816,1.296986961364746
ilpd_indian_liver_patient_dataset,Indian Liver Patients,WNB,13,0.7135593220338983,0.5,0.5092190969765887,0.7135593220338983,0.5943005622596157,0.35677966101694913,0.5,0.4164090409040904,0.7319045911047346,0.06556788061279803,0.002443061419762671,0.09092893600463867
ilpd_indian_liver_patient_dataset,Indian Liver Patients,WNB,21,0.7135593220338983,0.5,0.5092190969765887,0.7135593220338983,0.5943005622596157,0.35677966101694913,0.5,0.4164090409040904,0.7242837073853932,0.05781956564169377,0.0023489153245463967,0.09094476699829102
ilpd_indian_liver_patient_dataset,Indian Liver Patients,WNB,42,0.7135593220338983,0.5,0.5092190969765887,0.7135593220338983,0.5943005622596157,0.35677966101694913,0.5,0.4164090409040904,0.731047174967548,0.04585282267071307,0.0018133837031200529,0.09050941467285156
ilpd_indian_liver_patient_dataset,Indian Liver Patients,WNB,87,0.7135593220338983,0.5,0.5092190969765887,0.7135593220338983,0.5943005622596157,0.35677966101694913,0.5,0.4164090409040904,0.7217705984832958,0.05776578600052744,0.002116625243797898,0.09271469116210937
ilpd_indian_liver_patient_dataset,Indian Liver Patients,WNB,123,0.7135593220338983,0.5,0.5092190969765887,0.7135593220338983,0.5943005622596157,0.35677966101694913,0.5,0.4164090409040904,0.7287580276012845,0.0646744308527559,0.002373092412017286,0.09064531326293945
internet_advertisements,Internet Ads,Adaptive Weighted NBEM,13,0.966455955843962,0.8921153253160654,0.9666361896426556,0.966455955843962,0.9647529614638625,0.9663187724957238,0.8921153253160654,0.9234663833127466,0.9686191626409018,0.29182328530587254,0.03433980999980122,74.4009919166565
internet_advertisements,Internet Ads,Adaptive Weighted NBEM,21,0.966453158797643,0.8929042039264056,0.9664292200091792,0.966453158797643,0.9649662378870065,0.9650745370471473,0.8929042039264056,0.9242675643155298,0.9683528625758043,0.2833279084181413,0.037297472031787036,74.40103311538697
internet_advertisements,Internet Ads,Adaptive Weighted NBEM,42,0.9670619825464308,0.8941684654126837,0.967350742178232,0.9670619825464308,0.9655234307616529,0.9672998960126691,0.8941684654126837,0.9253265156347126,0.9702031726453558,0.30231657915282995,0.04455925114452839,74.40098676681518
internet_advertisements,Internet Ads,Adaptive Weighted NBEM,87,0.966455955843962,0.8929766676945216,0.9664629066288427,0.966455955843962,0.9649614227390344,0.9651653942257854,0.8929766676945216,0.9242817205948594,0.9701622297598245,0.3841700134566054,0.04947267007082701,74.40089406967164
internet_advertisements,Internet Ads,Adaptive Weighted NBEM,123,0.9655375923025286,0.8923722890327885,0.9653151738320813,0.9655375923025286,0.9640340623731817,0.9611217808655292,0.8923722890327885,0.9222949338462364,0.9684338061465722,0.3696827216306701,0.050744413305073975,74.40101766586304
internet_advertisements,Internet Ads,Bernoulli NB,42,0.9621830014171702,0.8849881796690307,0.9621272722573808,0.9621830014171702,0.9605093045852747,0.9548838033165632,0.8849881796690307,0.9146545597715194,0.9648535306814677,0.2855406450340524,0.03234633537940681,74.54415626525879
internet_advertisements,Internet Ads,Categorical NB,42,0.968281494741553,0.9021790523178128,0.9683986042802426,0.968281494741553,0.9670608250208419,0.9642957328260084,0.9021790523178128,0.9291363258329556,0.9741795148525029,0.7252885687164963,0.07566946800798177,0.6484832763671875
internet_advertisements,Internet Ads,Dependency-Aware NBEM,42,0.8600190199149698,0.5,0.7396333367689832,0.8600190199149698,0.7952960548505323,0.4300095099574849,0.5,0.4623709924897036,0.9645430328570939,15.342720664828084,0.3363579744938761,140.55502014160157
internet_advertisements,Internet Ads,Gaussian NB,42,0.7718784963078988,0.8272545996505294,0.8945305216244073,0.7718784963078988,0.8044335091464669,0.6755233331532391,0.8272545996505294,0.6879875327773244,0.8335016445677871,0.22238182378932833,0.0601480197859928,60.49913215637207
internet_advertisements,Internet Ads,Hybrid NBEM,13,0.969507533378086,0.927593791756604,0.9694301718232763,0.969507533378086,0.9692366635161148,0.9451048893373619,0.927593791756604,0.935619000488229,0.978182923904478,67.57343336611521,0.7999864161713048,140.56003379821777
internet_advertisements,Internet Ads,Hybrid NBEM,21,0.9673687252927575,0.9198401685681981,0.9678184840634418,0.9673687252927575,0.9669282009074159,0.9453310526064638,0.9198401685681981,0.9304519830691591,0.9805278034741495,83.27829761835747,0.9431625628145411,140.5557098388672
internet_advertisements,Internet Ads,Hybrid NBEM,42,0.9673715223390765,0.9271898447939151,0.9681931275299066,0.9673715223390765,0.9673444257664991,0.939936445450458,0.9271898447939151,0.9321995651401117,0.9800859115359577,63.86331140289549,0.6452054603258148,140.55279312133788
internet_advertisements,Internet Ads,Hybrid NBEM,87,0.968284291787872,0.9313845205057045,0.9689610614459536,0.968284291787872,0.9683130705518506,0.9391288532433253,0.9313845205057045,0.9342924386386209,0.9805690033233974,70.30832352996804,0.6670347086386755,140.55988426208495
internet_advertisements,Internet Ads,Hybrid NBEM,123,0.9682805623927798,0.9176431287902147,0.968168493263083,0.9682805623927798,0.9676356518174247,0.9490362622947341,0.9176431287902147,0.9314685080276359,0.9761405762839621,66.14714831623715,0.6613195938523859,140.5558819770813
internet_advertisements,Internet Ads,Hybrid w/o Adaptive,42,0.9603583948683523,0.9176297666769452,0.9618517618881528,0.9603583948683523,0.9605617059490783,0.9229729955907346,0.9176297666769452,0.9186380988678836,0.973573423099325,64.19970833449625,0.6231603672262281,140.5533455848694
internet_advertisements,Internet Ads,Hybrid w/o Deep,42,0.9719418960244648,0.9252770068866276,0.9720734482513149,0.9719418960244648,0.9713863796851621,0.9575947432525849,0.9252770068866276,0.9394575487814661,0.970583050673245,17.835883057140745,0.4504105017287657,140.55200204849243
internet_advertisements,Internet Ads,Hybrid w/o Dependency,42,0.9667617662415156,0.925925583307637,0.9676962868493515,0.9667617662415156,0.9667524811213604,0.9390636942438849,0.925925583307637,0.93101582024858,0.980116918491109,48.31571443956345,0.1531236146343872,79.25922002792359
internet_advertisements,Internet Ads,NBEM,13,0.9624916088610427,0.8852621029910577,0.9620252996357165,0.9624916088610427,0.9606544021230985,0.9543633565794668,0.8852621029910577,0.9146895554223935,0.969381060060986,0.2516556757269427,0.034577183262445035,74.40136423110962
internet_advertisements,Internet Ads,NBEM,21,0.962791825165958,0.8843606742727926,0.9624316747641195,0.962791825165958,0.9610736764523878,0.9568898150119916,0.8843606742727926,0.9157041540335984,0.9694841881659644,0.25946605729404837,0.03615195495076477,74.40133848190308
internet_advertisements,Internet Ads,NBEM,42,0.962182069068397,0.8840543735224585,0.96212156754743,0.962182069068397,0.9604544122522229,0.9556843970207819,0.8840543735224585,0.914422006695267,0.9703196628636036,0.3246113902656361,0.04348840108141303,74.40123548507691
internet_advertisements,Internet Ads,NBEM,87,0.9615779070634742,0.8837722273614965,0.9610061488591288,0.9615779070634742,0.9599082319980567,0.9519545962579785,0.8837722273614965,0.9134524697803222,0.9706537156953438,0.35442017605528237,0.05035138265229762,74.40123548507691
internet_advertisements,Internet Ads,NBEM,123,0.962182069068397,0.8840060643437146,0.9618255846032773,0.962182069068397,0.9604450944586118,0.9547185557092897,0.8840060643437146,0.9143702930365798,0.9686148799122897,0.3339491710765287,0.04435502542182803,74.40127668380737
internet_advertisements,Internet Ads,Probabilistic Deep NBEM,42,0.9588340046244499,0.9203818480830506,0.9613528360046691,0.9588340046244499,0.9593808923550504,0.9177976882044996,0.9203818480830506,0.9169542762493558,0.9722841504779526,46.35060960142873,0.018365272064693274,50.584359073638915
internet_advertisements,Internet Ads,WNB,13,0.8600190199149698,0.5,0.7396333367689832,0.8600190199149698,0.7952960548505323,0.4300095099574849,0.5,0.4623709924897036,0.9623738308150889,6.690295458445325,0.2214912787079811,35.54577350616455
internet_advertisements,Internet Ads,WNB,21,0.8600190199149698,0.5,0.7396333367689832,0.8600190199149698,0.7952960548505323,0.4300095099574849,0.5,0.4623709924897036,0.963648713468325,6.590727745718323,0.23461891708429902,35.55533742904663
internet_advertisements,Internet Ads,WNB,42,0.8600190199149698,0.5,0.7396333367689832,0.8600190199149698,0.7952960548505323,0.4300095099574849,0.5,0.4623709924897036,0.9645276150340905,7.629773203027435,0.32115382149349897,35.51197290420532
internet_advertisements,Internet Ads,WNB,87,0.8600190199149698,0.5,0.7396333367689832,0.8600190199149698,0.7952960548505323,0.4300095099574849,0.5,0.4623709924897036,0.9635215164285469,9.48274786635302,0.291959250648506,35.54629106521607
internet_advertisements,Internet Ads,WNB,123,0.8600190199149698,0.5,0.7396333367689832,0.8600190199149698,0.7952960548505323,0.4300095099574849,0.5,0.4623709924897036,0.9632966731764142,9.43968103013467,0.3309639142593369,35.554226875305176
mushroom,Mushroom,Adaptive Weighted NBEM,13,0.953963457122256,0.9525200743831561,0.9566782159009453,0.953963457122256,0.9538208009595266,0.9578861969190307,0.9525200743831561,0.9536948363228103,0.9958053608019093,0.029302087309770287,0.013839459279552102,0.7372781753540039
mushroom,Mushroom,Adaptive Weighted NBEM,21,0.9547014645023297,0.9532601530749654,0.9573228042568284,0.9547014645023297,0.954566940903687,0.9585335546195133,0.9532601530749654,0.9544439824775633,0.9956954684840845,0.034573424211703244,0.016144376737065612,0.7372163772583008
mushroom,Mushroom,Adaptive Weighted NBEM,42,0.9540855494761844,0.9526352073928818,0.9568772200350502,0.9540855494761844,0.9539355088280814,0.9580896916047882,0.9526352073928818,0.9538077837944721,0.9957856012641553,0.034324731188826264,0.016038227616809307,0.7372524261474609
mushroom,Mushroom,Adaptive Weighted NBEM,87,0.9538409103302856,0.9524027012953276,0.9565242553962285,0.9538409103302856,0.9536992525009078,0.9577271434559032,0.9524027012953276,0.9535734574467547,0.9956590038827529,0.03162571468856186,0.015500432043336333,0.7373863220214844
mushroom,Mushroom,Adaptive Weighted NBEM,123,0.9545793721484014,0.9531543283429244,0.9572575907035856,0.9545793721484014,0.9544393717167644,0.958451257384695,0.9531543283429244,0.9543156233566596,0.9957435536326331,0.030070549924857914,0.0162411717697978,0.7373720169067383
mushroom,Mushroom,Bernoulli NB,42,0.9268851604772206,0.925997211752614,0.9277422281726565,0.9268851604772206,0.9267810452679799,0.9283253915090202,0.925997211752614,0.9266262472753268,0.9155059701880486,0.018231357121840118,0.006347056129015982,2.610111045837402
mushroom,Mushroom,Categorical NB,42,0.9544550076042633,0.9530367376734852,0.9571290683846778,0.9544550076042633,0.9543107946831684,0.958313521426267,0.9530367376734852,0.9541855592335121,0.9979757527227117,0.028720892313867808,0.005700291902758181,0.4022651672363281
mushroom,Mushroom,Dependency-Aware NBEM,42,0.9970455468101479,0.996934860900882,0.9970658668126626,0.9970455468101479,0.9970451187739572,0.9971681215215016,0.996934860900882,0.9970408722365647,0.9999745094036493,0.2845973025076091,0.011055395053699613,4.973516845703125
mushroom,Mushroom,Gaussian NB,42,0.8996841655608675,0.8999130919020505,0.90052660440746,0.8996841655608675,0.8996733367509228,0.9001152633052882,0.8999130919020505,0.8995816419291526,0.9491649455919928,0.011299688671715557,0.00518355518579483,1.33931884765625
mushroom,Mushroom,Hybrid NBEM,13,0.9997538460606281,0.9997445717417403,0.999754429363802,0.9997538460606281,0.9997538346715954,0.9997630331753555,0.9997445717417403,0.9997534985909953,1.0,11.082768199383281,0.06934090766590088,11.242511367797851
mushroom,Mushroom,Hybrid NBEM,21,1.0,1.0,1.0,1.0,1.0,1.0,1.0,1.0,1.0,11.790751495677977,0.0798780712299049,11.242853832244872
mushroom,Mushroom,Hybrid NBEM,42,0.9998768472906404,0.9998721227621484,0.9998771391217053,0.9998768472906404,0.9998768414919883,0.9998815165876778,0.9998721227621484,0.9998766675324241,1.0,11.489128113468178,0.06839068816043437,11.242033290863038
mushroom,Mushroom,Hybrid NBEM,87,0.999261386702537,0.9992343676601075,0.9992648817482317,0.999261386702537,0.9992613175352545,0.9992899398339551,0.9992343676601075,0.9992603322468389,1.0,11.196229193988255,0.07637159246951342,11.243390464782715
mushroom,Mushroom,Hybrid NBEM,123,0.9996308448306157,0.9996261331135781,0.9996323221278894,0.9996308448306157,0.9996308271451309,0.9996360423602064,0.9996261331135781,0.9996303293573128,0.9999987850143672,12.431683766073547,0.0787956025218591,11.24953670501709
mushroom,Mushroom,Hybrid w/o Adaptive,42,0.9998768472906404,0.9998721227621484,0.9998771391217053,0.9998768472906404,0.9998768414919883,0.9998815165876778,0.9998721227621484,0.9998766675324241,1.0,11.486159173818304,0.04664388168603182,11.11949806213379
mushroom,Mushroom,Hybrid w/o Deep,42,0.9937233017650374,0.9938685274274948,0.993787580756633,0.9937233017650374,0.9937243855745524,0.9936291402549401,0.9938685274274948,0.9937177172657089,0.9999745094036493,0.42084870047401635,0.03584790145978332,4.973867797851563
mushroom,Mushroom,Hybrid w/o Dependency,42,0.9995076921212561,0.9994979296582829,0.9995088566858836,0.9995076921212561,0.9995076681761432,0.9995172775146008,0.9994979296582829,0.9995069955934588,0.9999957491000118,11.092786447796971,0.06499821883626282,11.10299711227417
mushroom,Mushroom,NBEM,13,0.943131168996419,0.9411423488635359,0.9481118934684899,0.943131168996419,0.9428484837358695,0.9497644916708456,0.9411423488635359,0.9426626753158066,0.9963957404489954,0.03698427786584944,0.012861602334305644,0.7374876022338868
mushroom,Mushroom,NBEM,21,0.9433780803325276,0.9413919269039848,0.9483370501460321,0.9433780803325276,0.9430994523583683,0.9499897960130349,0.9413919269039848,0.9429153069510934,0.9962700381785915,0.028207872132770716,0.011439797328785061,0.7374515533447266
mushroom,Mushroom,NBEM,42,0.943007864807712,0.9410126446530279,0.9481115290446809,0.943007864807712,0.9427082209434529,0.9497658538471276,0.9410126446530279,0.9425189824993041,0.9963191099347339,0.03148415337782353,0.01557967031840235,0.7373485565185547
mushroom,Mushroom,NBEM,87,0.9435013845212344,0.9415201738032815,0.9484523956318522,0.9435013845212344,0.9432223324330489,0.950100842486029,0.9415201738032815,0.943038495056163,0.9963034974763574,0.030818508611992,0.012280663521960378,0.7374979019165039
mushroom,Mushroom,NBEM,123,0.9427626197444241,0.940809737919747,0.9476664308615268,0.9427626197444241,0.9424747157267055,0.9492813552938578,0.940809737919747,0.9422882147694752,0.9963376014788263,0.02871410029474646,0.011348213837482034,0.7376483917236328
mushroom,Mushroom,Probabilistic Deep NBEM,42,0.9988925344918475,0.9988953192554518,0.998895947812189,0.9988925344918475,0.9988925841558031,0.9988903982960237,0.9988953192554518,0.9988911978699122,0.9999902878635705,10.718164592073299,0.0126114999409765,3.3741290092468263
mushroom,Mushroom,WNB,13,0.9852283399681288,0.9846752831567409,0.9856817284439258,0.9852283399681288,0.9852151020613944,0.9861803798443122,0.9846752831567409,0.9851869616083405,0.9994543710618016,0.2133377587189898,0.007749895588494838,1.6493821144104004
mushroom,Mushroom,WNB,21,0.985228945885518,0.9846782191137324,0.9856449456584221,0.985228945885518,0.9852175591543757,0.9861430008742154,0.9846782191137324,0.9851904210247981,0.9994837231893392,0.16221270239911972,0.0059092164970934394,1.6494853019714355
mushroom,Mushroom,WNB,42,0.9852286429268233,0.9846762618090714,0.9856580384105464,0.9852286429268233,0.9852165943199672,0.9861569788707868,0.9846762618090714,0.9851890205462738,0.9995029493148966,0.17938119748141618,0.006303656846284866,1.6486994743347168
mushroom,Mushroom,WNB,87,0.9852290973648653,0.9846782191137324,0.9856601795252427,0.9852290973648653,0.9852170397785992,0.9861578470538703,0.9846782191137324,0.9851895866845946,0.9994616949625781,0.18206026561092586,0.005579576292075217,1.6501457214355468
mushroom,Mushroom,WNB,123,0.9852292488442126,0.9846791977660629,0.9856581225737451,0.9852292488442126,0.9852172815102357,0.9861551759111358,0.9846791977660629,0.9851899426494434,0.9995126147565886,0.1871030713431537,0.005804134672507644,1.6526814460754395
predict_students_dropout_and_academic_success,Students,Adaptive Weighted NBEM,13,0.6894109475705545,0.5863185619783996,0.6668346609523914,0.6894109475705545,0.6667025397855518,0.620993898769141,0.5863185619783996,0.5891008502266162,0.8283601437324695,0.01580516844987869,0.01530628721229732,0.9212618827819824
predict_students_dropout_and_academic_success,Students,Adaptive Weighted NBEM,21,0.6860326036995802,0.5818447966392184,0.6627110190678812,0.6860326036995802,0.6630852359443604,0.61660804259661,0.5818447966392184,0.5847582414590087,0.8273129087408039,0.018151477933861314,0.018457837915048004,0.9213447570800781
predict_students_dropout_and_academic_success,Students,Adaptive Weighted NBEM,42,0.688067781375443,0.5852624028646152,0.6652648307905292,0.688067781375443,0.6658530391405316,0.6199787000037239,0.5852624028646152,0.5887924476101233,0.8285675085366389,0.01529535201843828,0.01583729088306427,0.9215507507324219
predict_students_dropout_and_academic_success,Students,Adaptive Weighted NBEM,87,0.6869243026260687,0.5811942826687643,0.6635343631354977,0.6869243026260687,0.6628123538532953,0.6193983286924969,0.5811942826687643,0.5840735711511695,0.8270078697032238,0.017809834727086127,0.016998655954375864,0.92105073928833
predict_students_dropout_and_academic_success,Students,Adaptive Weighted NBEM,123,0.6885294628356639,0.5846191240635307,0.6654837058205223,0.6885294628356639,0.6657589488456657,0.620773938010305,0.5846191240635307,0.5881989218341247,0.8281670814757408,0.015789448865689337,0.014228517515584826,0.9212103843688965
predict_students_dropout_and_academic_success,Students,Bernoulli NB,42,0.6835464694646742,0.5515507872880739,0.6519804489789025,0.6835464694646742,0.6425933236740294,0.5984775534073459,0.5515507872880739,0.5450680815505188,0.7978185993708289,0.014748244127258659,0.005218924325890839,2.326138496398926
predict_students_dropout_and_academic_success,Students,Categorical NB,42,0.6932647620604067,0.648473436008372,0.720031686016843,0.6932647620604067,0.7020256125784411,0.6552529193468679,0.648473436008372,0.6455798424442347,0.852565632690651,0.02886493077967316,0.00428600471932441,0.2515840530395508
predict_students_dropout_and_academic_success,Students,Dependency-Aware NBEM,42,0.7151936100017364,0.5675702325284405,0.6409241374879229,0.7151936100017364,0.6440147348836464,0.5773564644294844,0.5675702325284405,0.519120622889118,0.8568476897704087,0.36098683569580314,0.013133404962718486,4.439242553710938
predict_students_dropout_and_academic_success,Students,Gaussian NB,42,0.6785731795757025,0.584808778994856,0.6585017334906329,0.6785731795757025,0.6632094234072615,0.6030864657726979,0.584808778994856,0.5875786430624046,0.8144038018264197,0.008932448201812803,0.0054567677434533834,1.1621433258056642
predict_students_dropout_and_academic_success,Students,Hybrid NBEM,13,0.757006935436095,0.6780510041121401,0.7481609095813144,0.757006935436095,0.7490637409396997,0.7004859938482497,0.6780510041121401,0.6847227709108645,0.888949397236343,8.120548150292597,0.06886423868127167,6.365681266784668
predict_students_dropout_and_academic_success,Students,Hybrid NBEM,21,0.7606278663575171,0.6795959682641145,0.7492272677604292,0.7606278663575171,0.7520320146209907,0.6987662979283693,0.6795959682641145,0.6855718928757969,0.8930561614813588,7.978253278997727,0.08032782892696559,6.366554546356201
predict_students_dropout_and_academic_success,Students,Hybrid NBEM,42,0.7624286283362103,0.681749752245594,0.7519350068922911,0.7624286283362103,0.7540290476040126,0.7025478982099518,0.681749752245594,0.6883758317779402,0.8932429077366797,9.072079949150794,0.07552739435341209,6.363183307647705
predict_students_dropout_and_academic_success,Students,Hybrid NBEM,87,0.7563307559523201,0.675338514755025,0.7455900752733905,0.7563307559523201,0.747768766969501,0.6943775669633319,0.675338514755025,0.6808965942000258,0.8884873942431927,8.626950481021776,0.07542132998351007,6.365836143493652
predict_students_dropout_and_academic_success,Students,Hybrid NBEM,123,0.7585998386157728,0.6760895995415098,0.746695399483899,0.7585998386157728,0.7496456823814862,0.6951326813359098,0.6760895995415098,0.6818135655947271,0.8887101831355324,8.321233102749101,0.07512308622244745,6.364073276519775
predict_students_dropout_and_academic_success,Students,Hybrid w/o Adaptive,42,0.7619776717771671,0.6812075905682032,0.7514282461902482,0.7619776717771671,0.7536524606030597,0.7014065415810234,0.6812075905682032,0.6876834727650947,0.8943282683778341,8.864805825403892,0.0670333416434005,6.270011234283447
predict_students_dropout_and_academic_success,Students,Hybrid w/o Deep,42,0.734180260053318,0.6449267655295914,0.7186572630140089,0.734180260053318,0.7201844062539273,0.6764721561401267,0.6449267655295914,0.6529128084323262,0.864887238432195,0.6112262167735025,0.04295739771332592,4.439601135253906
predict_students_dropout_and_academic_success,Students,Hybrid w/o Dependency,42,0.7633366699692553,0.6837095832863664,0.7535084999207597,0.7633366699692553,0.755300472306032,0.7046074388218299,0.6837095832863664,0.6904659216644633,0.8941454868125402,8.479835867462679,0.05009013104718178,6.24244966506958
predict_students_dropout_and_academic_success,Students,NBEM,13,0.6690734706801631,0.5753715524649581,0.6560002735501764,0.6690734706801631,0.6529274520712856,0.6062887491704587,0.5753715524649581,0.5808497964334195,0.8247780014250343,0.017034495063126088,0.013643819652497769,0.9216152191162109
predict_students_dropout_and_academic_success,Students,NBEM,21,0.6681781967866154,0.5740496711434437,0.6557120481244977,0.6681781967866154,0.6526897880334765,0.6065443465973255,0.5740496711434437,0.5806805628891691,0.8234671444025914,0.017974163591861724,0.013897595810703933,0.921702766418457
predict_students_dropout_and_academic_success,Students,NBEM,42,0.6684039304209268,0.5741208411771478,0.6549454725721026,0.6684039304209268,0.6527361107733093,0.6060865940352121,0.5741208411771478,0.5809781780653754,0.8246700533601219,0.015193046908825636,0.012696077534928917,0.9215482711791992
predict_students_dropout_and_academic_success,Students,NBEM,87,0.6661328049191547,0.5696457249808875,0.6518070955715626,0.6661328049191547,0.6496905281097906,0.6010407506023938,0.5696457249808875,0.575827843702974,0.822963517756946,0.017772842710837723,0.013601060514338315,0.9212743759155273
predict_students_dropout_and_academic_success,Students,NBEM,123,0.6690841955813407,0.5760233322508631,0.6569429217049575,0.6690841955813407,0.6544840463166661,0.6077079359256906,0.5760233322508631,0.5832874645672476,0.8243642300676246,0.016124214860610664,0.013374195643700659,0.9212392807006836
predict_students_dropout_and_academic_success,Students,Probabilistic Deep NBEM,42,0.7680811619664362,0.6763734302684441,0.7547342839950975,0.7680811619664362,0.7532323462450673,0.7164915409873995,0.6763734302684441,0.6847703266803565,0.8989978678848068,8.303488666098565,0.016410754434764384,2.844043827056885
predict_students_dropout_and_academic_success,Students,WNB,13,0.7090845020070887,0.5587127730044051,0.5857526780878696,0.7090845020070887,0.6364164276819444,0.4798062360375731,0.5587127730044051,0.5118089230700548,0.85341436445988,0.27596237221732733,0.010784361488185823,1.3416516304016113
predict_students_dropout_and_academic_success,Students,WNB,21,0.709091651941207,0.5587296037296038,0.5858612760382355,0.709091651941207,0.6364351818079068,0.4799428078476039,0.5587296037296038,0.5118539563275657,0.8524237276575439,0.2533020393690094,0.010744379321113228,1.343021297454834
predict_students_dropout_and_academic_success,Students,WNB,42,0.7079614516409098,0.5576459580187831,0.5850648391570121,0.7079614516409098,0.6353384941753853,0.4793450498456025,0.5576459580187831,0.5109067156287118,0.8534989510918255,0.2466408914886415,0.010921224113553762,1.3374857902526855
predict_students_dropout_and_academic_success,Students,WNB,87,0.708180035341103,0.5578511518859489,0.5859164720879071,0.708180035341103,0.6357282236370676,0.4802762047471273,0.5578511518859489,0.5113409436697661,0.8533817601565297,0.23878309519495816,0.011256246222183108,1.340020751953125
predict_students_dropout_and_academic_success,Students,WNB,123,0.7081851424369019,0.5577843407627998,0.5851838918913437,0.7081851424369019,0.6356264256089752,0.4795249824938196,0.5577843407627998,0.5111914029840687,0.8532492150895482,0.24050045334734022,0.00888170099351555,1.3399689674377442
productivity_prediction_of_garment_employees,Productivity Prediction,Adaptive Weighted NBEM,13,0.6140196078431372,0.3766733272097812,0.5715971430440596,0.6140196078431372,0.5043270980510158,0.5261185109848747,0.3766733272097812,0.3384313210600539,0.6355219896335917,0.015541524835862219,0.012670917785726488,0.16056270599365235
productivity_prediction_of_garment_employees,Productivity Prediction,Adaptive Weighted NBEM,21,0.6181582633053221,0.38657344266706317,0.5896356791708016,0.6181582633053221,0.5080659628392097,0.5590979063786505,0.38657344266706317,0.3491591288688354,0.6561825994738929,0.016538304463028907,0.012154223676770926,0.16078176498413085
productivity_prediction_of_garment_employees,Productivity Prediction,Adaptive Weighted NBEM,42,0.6140546218487395,0.3769385426013429,0.5528067100825108,0.6140546218487395,0.5049249949035592,0.48851651929753687,0.3769385426013429,0.3384363131457353,0.641517402024289,0.01689160962123424,0.01114048536401242,0.160836124420166
productivity_prediction_of_garment_employees,Productivity Prediction,Adaptive Weighted NBEM,87,0.6115406162464986,0.37893074636860885,0.560392424786002,0.6115406162464986,0.5033319019115742,0.49571322503134263,0.37893074636860885,0.339131117395851,0.6444272268799647,0.018045926466584206,0.014843458402901888,0.16082534790039063
productivity_prediction_of_garment_employees,Productivity Prediction,Adaptive Weighted NBEM,123,0.6132002801120449,0.3750370759836377,0.5411408276938553,0.6132002801120449,0.5063252831963013,0.47508514766876475,0.3750370759836377,0.3361800034669634,0.6464756884238527,0.017485106899403035,0.011813392001204192,0.16082019805908204
productivity_prediction_of_garment_employees,Productivity Prediction,Bernoulli NB,42,0.6574509803921569,0.4513697241265592,0.6088214640288948,0.6574509803921569,0.6185731270932108,0.4938846348652607,0.4513697241265592,0.4422270394065338,0.7754575719895118,0.0064163848524913195,0.0033062684116885064,0.24686946868896484
productivity_prediction_of_garment_employees,Productivity Prediction,Categorical NB,42,0.7059243697478992,0.553699884913638,0.6986129439654448,0.7059243697478992,0.6981967470587559,0.5780260093404677,0.553699884913638,0.5567121849895462,0.835310837411097,0.012230386561714112,0.0024060694966465236,0.09311847686767578
productivity_prediction_of_garment_employees,Productivity Prediction,Dependency-Aware NBEM,42,0.7026190476190476,0.458913195951307,0.6156640441720665,0.7026190476190476,0.6373407112390057,0.4528070764832653,0.458913195951307,0.43826318096054945,0.8537760538687438,0.13904904569499194,0.007870611269026995,0.5247177124023438
productivity_prediction_of_garment_employees,Productivity Prediction,Gaussian NB,42,0.6274089635854342,0.4069498581905376,0.5817511594849007,0.6274089635854342,0.5304647698118122,0.5396355134192131,0.4069498581905376,0.383201406338219,0.7537955830662321,0.007348663383163511,0.0034404822858050466,0.2056640625
productivity_prediction_of_garment_employees,Productivity Prediction,Hybrid NBEM,13,0.7401960784313726,0.5710156531614692,0.7240040058429795,0.7401960784313726,0.7171861718079109,0.6645409242172055,0.5710156531614692,0.5820468846102317,0.8777565655498186,3.9113917842274533,0.0379730274900794,1.9102725028991698
productivity_prediction_of_garment_employees,Productivity Prediction,Hybrid NBEM,21,0.732626050420168,0.5489672971632376,0.7161362231393975,0.732626050420168,0.7030769457484175,0.6726865331714298,0.5489672971632376,0.5560465497457696,0.8637281983003021,3.3475317786680536,0.037747913133352996,1.9098275184631348
productivity_prediction_of_garment_employees,Productivity Prediction,Hybrid NBEM,42,0.7234663865546218,0.545736392546666,0.6979110064542631,0.7234663865546218,0.6965403959021933,0.6206021264333857,0.545736392546666,0.5490661838327201,0.8723227400118707,3.6295826896792276,0.041059350897558036,1.9094138145446777
productivity_prediction_of_garment_employees,Productivity Prediction,Hybrid NBEM,87,0.7159733893557423,0.5373874544400643,0.688435786922247,0.7159733893557423,0.6912656249459307,0.6002379641861011,0.5373874544400643,0.5420848340076924,0.8630284674415634,3.088808896089904,0.03957829819992185,1.9100738525390626
productivity_prediction_of_garment_employees,Productivity Prediction,Hybrid NBEM,123,0.7326610644257703,0.5605456578923853,0.7094627993146978,0.7326610644257703,0.7083595224455139,0.6347560266062796,0.5605456578923853,0.5661347820813907,0.8659510855567418,3.8131356261204927,0.03897911938838661,1.9104748725891114
productivity_prediction_of_garment_employees,Productivity Prediction,Hybrid w/o Adaptive,42,0.7251540616246499,0.54764767505654,0.7057627271952776,0.7251540616246499,0.6984258655037847,0.6396793915999411,0.54764767505654,0.5507879343513112,0.8735798071388328,3.528499622712843,0.019537743413820863,1.8769846916198731
productivity_prediction_of_garment_employees,Productivity Prediction,Hybrid w/o Deep,42,0.7176470588235293,0.5062181788569526,0.6811029127169018,0.7176470588235293,0.6769843652271982,0.6048047396865324,0.5062181788569526,0.5017773121922199,0.8506544215020092,0.29744852499570695,0.03009071198757738,0.5453660011291503
productivity_prediction_of_garment_employees,Productivity Prediction,Hybrid w/o Dependency,42,0.7000420168067227,0.5302962243040951,0.6703759292451382,0.7000420168067227,0.6756839140385853,0.5727587140386425,0.5302962243040951,0.5306286619481615,0.8355576992422312,3.415281896549277,0.028275064169429244,1.8622992515563965
productivity_prediction_of_garment_employees,Productivity Prediction,NBEM,13,0.6223739495798319,0.3995417856561187,0.5940888031853042,0.6223739495798319,0.5208459439804465,0.568460094319805,0.3995417856561187,0.3729200404357227,0.6380728605825123,0.01893749707378447,0.010783037124201655,0.16097135543823243
productivity_prediction_of_garment_employees,Productivity Prediction,NBEM,21,0.6223249299719888,0.4026054980798145,0.6042641166651476,0.6223249299719888,0.5198576491118864,0.5788842555249196,0.4026054980798145,0.375089141708811,0.6572490096324444,0.019475036300718784,0.011962214997038246,0.16112070083618163
productivity_prediction_of_garment_employees,Productivity Prediction,NBEM,42,0.6224019607843136,0.3995958396600484,0.5686038183528137,0.6224019607843136,0.5219963843219109,0.5234500829610849,0.3995958396600484,0.3722909662377109,0.6406815091481912,0.018894310877658426,0.012730677495710552,0.16109123229980468
productivity_prediction_of_garment_employees,Productivity Prediction,NBEM,87,0.6190476190476191,0.3936107722251053,0.5703262969552909,0.6190476190476191,0.5175791661721617,0.5095419341190246,0.3936107722251053,0.36187862335709103,0.6449188472314908,0.017004038440063596,0.010707985213957726,0.16109542846679686
productivity_prediction_of_garment_employees,Productivity Prediction,NBEM,123,0.6190336134453782,0.38778432873089047,0.5384482046279836,0.6190336134453782,0.5168677801867737,0.4623325932069096,0.38778432873089047,0.35363586076210224,0.6472607862454924,0.01641775998286903,0.009880147455260158,0.1610856056213379
productivity_prediction_of_garment_employees,Productivity Prediction,Probabilistic Deep NBEM,42,0.7033473389355742,0.5161708890851393,0.6731874929549144,0.7033473389355742,0.6694979758095028,0.5919523466556404,0.5161708890851393,0.5165021919379201,0.8366734260614604,3.2485563669120894,0.004558661603368819,1.42052001953125
productivity_prediction_of_garment_employees,Productivity Prediction,WNB,13,0.6090406162464986,0.35119688720558645,0.5039099389984326,0.6090406162464986,0.48636270410608795,0.3617342431834851,0.35119688720558645,0.2912209250688019,0.833247380207226,0.0868040590081364,0.0035810612374916674,0.19702205657958985
productivity_prediction_of_garment_employees,Productivity Prediction,WNB,21,0.614873949579832,0.3574301582917987,0.5378815968203339,0.614873949579832,0.4976904359713804,0.39839993195567536,0.3574301582917987,0.302615566416727,0.8381644810840575,0.10401189548429102,0.004453537217341363,0.19693441390991212
productivity_prediction_of_garment_employees,Productivity Prediction,WNB,42,0.6123599439775911,0.3554612971949343,0.5272263924340209,0.6123599439775911,0.49434025949477506,0.38746710877579654,0.3554612971949343,0.29998655962600285,0.8368083386164764,0.08096323090139776,0.0036728580482304094,0.19660873413085939
productivity_prediction_of_garment_employees,Productivity Prediction,WNB,87,0.6199019607843137,0.363200466415048,0.5441203503476809,0.6199019607843137,0.506080193955872,0.40492717139828527,0.363200466415048,0.3117618464586478,0.8367311384950886,0.08272005862090737,0.004330515093170106,0.1967008590698242
productivity_prediction_of_garment_employees,Productivity Prediction,WNB,123,0.6090266106442577,0.35260452694379785,0.5082611122511708,0.6090266106442577,0.49007567468271607,0.36603341303005293,0.35260452694379785,0.2954355371956624,0.8377345458221488,0.08570130001753569,0.003652140754275024,0.19724092483520508
