dataset,feature,dtype,n_unique,missing_n,missing_pct,automatic_leakage_flag,automatic_flag_reason,name_based_review_reason,manual_source_review_required,manual_decision,manual_rationale_or_source,action_for_revision
abalone,Sex,object,3,0,0.0,False,,,False,,,
abalone,Length,float64,134,0,0.0,False,,,False,,,
abalone,Diameter,float64,111,0,0.0,False,,,False,,,
abalone,Height,float64,51,0,0.0,False,,,False,,,
abalone,Whole_weight,float64,2429,0,0.0,False,,,False,,,
abalone,Shucked_weight,float64,1515,0,0.0,False,,,False,,,
abalone,Viscera_weight,float64,880,0,0.0,False,,,False,,,
abalone,Shell_weight,float64,926,0,0.0,False,,,False,,,
bank_marketing,age,int64,77,0,0.0,False,,,False,,,
bank_marketing,job,object,12,0,0.0,False,,,False,,,
bank_marketing,marital,object,3,0,0.0,False,,,False,,,
bank_marketing,education,object,4,0,0.0,False,,,False,,,
bank_marketing,default,object,2,0,0.0,False,,,False,,,
bank_marketing,balance,int64,7168,0,0.0,False,,,False,,,
bank_marketing,housing,object,2,0,0.0,False,,,False,,,
bank_marketing,loan,object,2,0,0.0,False,,,False,,,
bank_marketing,contact,object,3,0,0.0,False,,,False,,,
bank_marketing,day,int64,31,0,0.0,False,,,False,,,
bank_marketing,month,object,12,0,0.0,False,,,False,,,
bank_marketing,duration,int64,1573,0,0.0,False,,known Bank Marketing post-contact variable requiring sensitivity analysis,True,,,
bank_marketing,campaign,int64,48,0,0.0,False,,,False,,,
bank_marketing,pdays,int64,559,0,0.0,False,,,False,,,
bank_marketing,previous,int64,41,0,0.0,False,,,False,,,
bank_marketing,poutcome,object,4,0,0.0,False,,,False,,,
car_evaluation,buying,object,4,0,0.0,False,,,False,,,
car_evaluation,maint,object,4,0,0.0,False,,,False,,,
car_evaluation,doors,object,4,0,0.0,False,,,False,,,
car_evaluation,persons,object,3,0,0.0,False,,,False,,,
car_evaluation,lug_boot,object,3,0,0.0,False,,,False,,,
car_evaluation,safety,object,3,0,0.0,False,,,False,,,
cardiotocography,LB,int64,48,0,0.0,False,,,False,,,
cardiotocography,AC,int64,22,0,0.0,False,,,False,,,
cardiotocography,FM,int64,96,0,0.0,False,,,False,,,
cardiotocography,UC,int64,19,0,0.0,False,,,False,,,
cardiotocography,DL,int64,15,0,0.0,False,,,False,,,
cardiotocography,DS,int64,2,0,0.0,False,,,False,,,
cardiotocography,DP,int64,5,0,0.0,False,,,False,,,
cardiotocography,ASTV,int64,75,0,0.0,False,,,False,,,
cardiotocography,MSTV,float64,57,0,0.0,False,,,False,,,
cardiotocography,ALTV,int64,87,0,0.0,False,,,False,,,
cardiotocography,MLTV,float64,249,0,0.0,False,,,False,,,
cardiotocography,Width,int64,154,0,0.0,False,,,False,,,
cardiotocography,Min,int64,109,0,0.0,False,,,False,,,
cardiotocography,Max,int64,86,0,0.0,False,,,False,,,
cardiotocography,Nmax,int64,18,0,0.0,False,,,False,,,
cardiotocography,Nzeros,int64,9,0,0.0,False,,,False,,,
cardiotocography,Mode,int64,88,0,0.0,False,,,False,,,
cardiotocography,Mean,int64,103,0,0.0,False,,,False,,,
cardiotocography,Median,int64,95,0,0.0,False,,,False,,,
cardiotocography,Variance,int64,133,0,0.0,False,,,False,,,
cardiotocography,Tendency,int64,3,0,0.0,False,,,False,,,
chronic_kidney_disease,age,float64,76,9,2.25,False,,,False,,,
chronic_kidney_disease,bp,float64,10,12,3.0,False,,,False,,,
chronic_kidney_disease,sg,float64,5,47,11.75,False,,,False,,,
chronic_kidney_disease,al,float64,6,46,11.5,False,,,False,,,
chronic_kidney_disease,su,float64,6,49,12.25,False,,,False,,,
chronic_kidney_disease,rbc,object,2,152,38.0,False,,,False,,,
chronic_kidney_disease,pc,object,2,65,16.25,False,,,False,,,
chronic_kidney_disease,pcc,object,2,4,1.0,False,,,False,,,
chronic_kidney_disease,ba,object,2,4,1.0,False,,,False,,,
chronic_kidney_disease,bgr,float64,146,44,11.0,False,,,False,,,
chronic_kidney_disease,bu,float64,118,19,4.75,False,,,False,,,
chronic_kidney_disease,sc,float64,84,17,4.25,False,,,False,,,
chronic_kidney_disease,sod,float64,34,87,21.75,False,,,False,,,
chronic_kidney_disease,pot,float64,40,88,22.0,False,,,False,,,
chronic_kidney_disease,hemo,float64,115,52,13.0,False,,,False,,,
chronic_kidney_disease,pcv,object,42,71,17.75,False,,,False,,,
chronic_kidney_disease,wc,object,89,106,26.5,False,,,False,,,
chronic_kidney_disease,rc,object,48,131,32.75,False,,,False,,,
chronic_kidney_disease,htn,object,2,2,0.5,False,,,False,,,
chronic_kidney_disease,dm,object,2,2,0.5,False,,,False,,,
chronic_kidney_disease,cad,object,2,2,0.5,False,,,False,,,
chronic_kidney_disease,appet,object,2,1,0.25,False,,,False,,,
chronic_kidney_disease,pe,object,2,1,0.25,False,,,False,,,
chronic_kidney_disease,ane,object,2,1,0.25,False,,,False,,,
cirrhosis_patient_survival_prediction_dataset_1,N_Days,int64,399,0,0.0,False,,,False,,,
cirrhosis_patient_survival_prediction_dataset_1,Drug,object,2,106,25.358851674641148,False,,,False,,,
cirrhosis_patient_survival_prediction_dataset_1,Age,int64,344,0,0.0,False,,,False,,,
cirrhosis_patient_survival_prediction_dataset_1,Sex,object,2,0,0.0,False,,,False,,,
cirrhosis_patient_survival_prediction_dataset_1,Ascites,object,2,106,25.358851674641148,False,,,False,,,
cirrhosis_patient_survival_prediction_dataset_1,Hepatomegaly,object,2,106,25.358851674641148,False,,,False,,,
cirrhosis_patient_survival_prediction_dataset_1,Spiders,object,2,106,25.358851674641148,False,,,False,,,
cirrhosis_patient_survival_prediction_dataset_1,Edema,object,3,0,0.0,False,,,False,,,
cirrhosis_patient_survival_prediction_dataset_1,Bilirubin,float64,98,0,0.0,False,,,False,,,
cirrhosis_patient_survival_prediction_dataset_1,Cholesterol,float64,201,134,32.057416267942585,False,,,False,,,
cirrhosis_patient_survival_prediction_dataset_1,Albumin,float64,154,0,0.0,False,,,False,,,
cirrhosis_patient_survival_prediction_dataset_1,Copper,float64,158,108,25.837320574162682,False,,,False,,,
cirrhosis_patient_survival_prediction_dataset_1,Alk_Phos,float64,295,106,25.358851674641148,False,,,False,,,
cirrhosis_patient_survival_prediction_dataset_1,SGOT,float64,179,106,25.358851674641148,False,,,False,,,
cirrhosis_patient_survival_prediction_dataset_1,Tryglicerides,float64,146,136,32.535885167464116,False,,,False,,,
cirrhosis_patient_survival_prediction_dataset_1,Platelets,float64,243,11,2.631578947368421,False,,,False,,,
cirrhosis_patient_survival_prediction_dataset_1,Prothrombin,float64,48,2,0.4784688995215311,False,,,False,,,
cirrhosis_patient_survival_prediction_dataset_1,Stage,float64,4,6,1.4354066985645932,False,,,False,,,
credit_approval,A1,object,2,12,1.7391304347826086,False,,,False,,,
credit_approval,A2,float64,349,12,1.7391304347826086,False,,,False,,,
credit_approval,A3,float64,215,0,0.0,False,,,False,,,
credit_approval,A4,object,3,6,0.8695652173913043,False,,,False,,,
credit_approval,A5,object,3,6,0.8695652173913043,False,,,False,,,
credit_approval,A6,object,14,9,1.3043478260869565,False,,,False,,,
credit_approval,A7,object,9,9,1.3043478260869565,False,,,False,,,
credit_approval,A8,float64,132,0,0.0,False,,,False,,,
credit_approval,A9,object,2,0,0.0,False,,,False,,,
credit_approval,A10,object,2,0,0.0,False,,,False,,,
credit_approval,A11,int64,23,0,0.0,False,,,False,,,
credit_approval,A12,object,2,0,0.0,False,,,False,,,
credit_approval,A13,object,3,0,0.0,False,,,False,,,
credit_approval,A14,float64,170,13,1.884057971014493,False,,,False,,,
credit_approval,A15,int64,240,0,0.0,False,,,False,,,
diabetes_130_us_hospitals_for_years_1999_2008,race,object,5,2273,2.2335554114340743,False,,,False,,,
diabetes_130_us_hospitals_for_years_1999_2008,gender,object,3,0,0.0,False,,,False,,,
diabetes_130_us_hospitals_for_years_1999_2008,age,object,10,0,0.0,False,,,False,,,
diabetes_130_us_hospitals_for_years_1999_2008,weight,object,9,98569,96.85847925633315,False,,,False,,,
diabetes_130_us_hospitals_for_years_1999_2008,admission_type_id,int64,8,0,0.0,False,,identifier-like name,True,,,
diabetes_130_us_hospitals_for_years_1999_2008,discharge_disposition_id,int64,26,0,0.0,False,,identifier-like name,True,,,
diabetes_130_us_hospitals_for_years_1999_2008,admission_source_id,int64,17,0,0.0,False,,identifier-like name,True,,,
diabetes_130_us_hospitals_for_years_1999_2008,time_in_hospital,int64,14,0,0.0,False,,,False,,,
diabetes_130_us_hospitals_for_years_1999_2008,payer_code,object,17,40256,39.5574160328597,False,,,False,,,
diabetes_130_us_hospitals_for_years_1999_2008,medical_specialty,object,72,49949,49.08220820313268,False,,,False,,,
diabetes_130_us_hospitals_for_years_1999_2008,num_lab_procedures,int64,118,0,0.0,False,,,False,,,
diabetes_130_us_hospitals_for_years_1999_2008,num_procedures,int64,7,0,0.0,False,,,False,,,
diabetes_130_us_hospitals_for_years_1999_2008,num_medications,int64,75,0,0.0,False,,,False,,,
diabetes_130_us_hospitals_for_years_1999_2008,number_outpatient,int64,39,0,0.0,False,,,False,,,
diabetes_130_us_hospitals_for_years_1999_2008,number_emergency,int64,33,0,0.0,False,,,False,,,
diabetes_130_us_hospitals_for_years_1999_2008,number_inpatient,int64,21,0,0.0,False,,,False,,,
diabetes_130_us_hospitals_for_years_1999_2008,diag_1,object,716,21,0.02063557573256294,False,,,False,,,
diabetes_130_us_hospitals_for_years_1999_2008,diag_2,object,748,358,0.3517874339170253,False,,,False,,,
diabetes_130_us_hospitals_for_years_1999_2008,diag_3,object,789,1423,1.398305917497003,False,,,False,,,
diabetes_130_us_hospitals_for_years_1999_2008,number_diagnoses,int64,16,0,0.0,False,,,False,,,
diabetes_130_us_hospitals_for_years_1999_2008,max_glu_serum,object,3,96420,94.74677200636755,False,,,False,,,
diabetes_130_us_hospitals_for_years_1999_2008,A1Cresult,object,3,84748,83.27732248491637,False,,,False,,,
diabetes_130_us_hospitals_for_years_1999_2008,metformin,object,4,0,0.0,False,,,False,,,
diabetes_130_us_hospitals_for_years_1999_2008,repaglinide,object,4,0,0.0,False,,,False,,,
diabetes_130_us_hospitals_for_years_1999_2008,nateglinide,object,4,0,0.0,False,,,False,,,
diabetes_130_us_hospitals_for_years_1999_2008,chlorpropamide,object,4,0,0.0,False,,,False,,,
diabetes_130_us_hospitals_for_years_1999_2008,glimepiride,object,4,0,0.0,False,,,False,,,
diabetes_130_us_hospitals_for_years_1999_2008,acetohexamide,object,2,0,0.0,False,,,False,,,
diabetes_130_us_hospitals_for_years_1999_2008,glipizide,object,4,0,0.0,False,,,False,,,
diabetes_130_us_hospitals_for_years_1999_2008,glyburide,object,4,0,0.0,False,,,False,,,
diabetes_130_us_hospitals_for_years_1999_2008,tolbutamide,object,2,0,0.0,False,,,False,,,
diabetes_130_us_hospitals_for_years_1999_2008,pioglitazone,object,4,0,0.0,False,,,False,,,
diabetes_130_us_hospitals_for_years_1999_2008,rosiglitazone,object,4,0,0.0,False,,,False,,,
diabetes_130_us_hospitals_for_years_1999_2008,acarbose,object,4,0,0.0,False,,,False,,,
diabetes_130_us_hospitals_for_years_1999_2008,miglitol,object,4,0,0.0,False,,,False,,,
diabetes_130_us_hospitals_for_years_1999_2008,troglitazone,object,2,0,0.0,False,,,False,,,
diabetes_130_us_hospitals_for_years_1999_2008,tolazamide,object,3,0,0.0,False,,,False,,,
diabetes_130_us_hospitals_for_years_1999_2008,examide,object,1,0,0.0,False,,,False,,,
diabetes_130_us_hospitals_for_years_1999_2008,citoglipton,object,1,0,0.0,False,,,False,,,
diabetes_130_us_hospitals_for_years_1999_2008,insulin,object,4,0,0.0,False,,,False,,,
diabetes_130_us_hospitals_for_years_1999_2008,glyburide-metformin,object,4,0,0.0,False,,,False,,,
diabetes_130_us_hospitals_for_years_1999_2008,glipizide-metformin,object,2,0,0.0,False,,,False,,,
diabetes_130_us_hospitals_for_years_1999_2008,glimepiride-pioglitazone,object,2,0,0.0,False,,,False,,,
diabetes_130_us_hospitals_for_years_1999_2008,metformin-rosiglitazone,object,2,0,0.0,False,,,False,,,
diabetes_130_us_hospitals_for_years_1999_2008,metformin-pioglitazone,object,2,0,0.0,False,,,False,,,
diabetes_130_us_hospitals_for_years_1999_2008,diabetesMed,object,2,0,0.0,False,,,False,,,
diabetes_130_us_hospitals_for_years_1999_2008,change,object,2,0,0.0,False,,,False,,,
dry_bean_dataset,Area,float64,12011,0,0.0,False,,,False,,,
dry_bean_dataset,Perimeter,float64,13413,0,0.0,False,,,False,,,
dry_bean_dataset,MajorAxisLength,float64,13543,0,0.0,False,,,False,,,
dry_bean_dataset,MinorAxisLength,float64,13543,0,0.0,False,,,False,,,
dry_bean_dataset,AspectRation,float64,13543,0,0.0,False,,,False,,,
dry_bean_dataset,Eccentricity,float64,13543,0,0.0,False,,,False,,,
dry_bean_dataset,ConvexArea,float64,12066,0,0.0,False,,,False,,,
dry_bean_dataset,EquivDiameter,float64,12011,0,0.0,False,,,False,,,
dry_bean_dataset,Extent,float64,13535,0,0.0,False,,,False,,,
dry_bean_dataset,Solidity,float64,13526,0,0.0,False,,,False,,,
dry_bean_dataset,roundness,float64,13543,0,0.0,False,,,False,,,
dry_bean_dataset,Compactness,float64,13543,0,0.0,False,,,False,,,
dry_bean_dataset,ShapeFactor1,float64,13543,0,0.0,False,,,False,,,
dry_bean_dataset,ShapeFactor2,float64,13543,0,0.0,False,,,False,,,
dry_bean_dataset,ShapeFactor3,float64,13543,0,0.0,False,,,False,,,
dry_bean_dataset,ShapeFactor4,float64,13543,0,0.0,False,,,False,,,
ecoli,mcg,float64,78,0,0.0,False,,,False,,,
ecoli,gvh,float64,63,0,0.0,False,,,False,,,
ecoli,lip,float64,2,0,0.0,False,,,False,,,
ecoli,chg,float64,2,0,0.0,False,,,False,,,
ecoli,aac,float64,59,0,0.0,False,,,False,,,
ecoli,alm1,float64,82,0,0.0,False,,,False,,,
ecoli,alm2,float64,77,0,0.0,False,,,False,,,
glass_identification,RI,float64,178,0,0.0,False,,,False,,,
glass_identification,Na,float64,142,0,0.0,False,,,False,,,
glass_identification,Mg,float64,94,0,0.0,False,,,False,,,
glass_identification,Al,float64,118,0,0.0,False,,,False,,,
glass_identification,Si,float64,133,0,0.0,False,,,False,,,
glass_identification,K,float64,65,0,0.0,False,,,False,,,
glass_identification,Ca,float64,143,0,0.0,False,,,False,,,
glass_identification,Ba,float64,34,0,0.0,False,,,False,,,
glass_identification,Fe,float64,32,0,0.0,False,,,False,,,
haberman_s_survival,age,int64,49,0,0.0,False,,,False,,,
haberman_s_survival,operation_year,int64,12,0,0.0,False,,,False,,,
haberman_s_survival,positive_nodes,int64,31,0,0.0,False,,,False,,,
heart_disease,age,float64,41,0,0.0,False,,,False,,,
heart_disease,sex,float64,2,0,0.0,False,,,False,,,
heart_disease,cp,float64,4,0,0.0,False,,,False,,,
heart_disease,trestbps,float64,50,0,0.0,False,,,False,,,
heart_disease,chol,float64,152,0,0.0,False,,,False,,,
heart_disease,fbs,float64,2,0,0.0,False,,,False,,,
heart_disease,restecg,float64,3,0,0.0,False,,,False,,,
heart_disease,thalach,float64,91,0,0.0,False,,,False,,,
heart_disease,exang,float64,2,0,0.0,False,,,False,,,
heart_disease,oldpeak,float64,40,0,0.0,False,,,False,,,
heart_disease,slope,float64,3,0,0.0,False,,,False,,,
heart_disease,ca,float64,4,4,1.3201320132013201,False,,,False,,,
heart_disease,thal,float64,3,2,0.6600660066006601,False,,,False,,,
heart_failure_clinical_records,age,float64,47,0,0.0,False,,,False,,,
heart_failure_clinical_records,anaemia,int64,2,0,0.0,False,,,False,,,
heart_failure_clinical_records,creatinine_phosphokinase,int64,208,0,0.0,False,,,False,,,
heart_failure_clinical_records,diabetes,int64,2,0,0.0,False,,,False,,,
heart_failure_clinical_records,ejection_fraction,int64,17,0,0.0,False,,,False,,,
heart_failure_clinical_records,high_blood_pressure,int64,2,0,0.0,False,,,False,,,
heart_failure_clinical_records,platelets,float64,176,0,0.0,False,,,False,,,
heart_failure_clinical_records,serum_creatinine,float64,40,0,0.0,False,,,False,,,
heart_failure_clinical_records,serum_sodium,int64,27,0,0.0,False,,,False,,,
heart_failure_clinical_records,sex,int64,2,0,0.0,False,,,False,,,
heart_failure_clinical_records,smoking,int64,2,0,0.0,False,,,False,,,
heart_failure_clinical_records,time,int64,148,0,0.0,False,,,False,,,
hepatitis,AGE,int64,49,0,0.0,False,,,False,,,
hepatitis,SEX,int64,2,0,0.0,False,,,False,,,
hepatitis,STEROID,float64,2,1,0.6451612903225806,False,,identifier-like name,True,,,
hepatitis,ANTIVIRALS,int64,2,0,0.0,False,,,False,,,
hepatitis,FATIGUE,float64,2,1,0.6451612903225806,False,,,False,,,
hepatitis,MALAISE,float64,2,1,0.6451612903225806,False,,,False,,,
hepatitis,ANOREXIA,float64,2,1,0.6451612903225806,False,,,False,,,
hepatitis,LIVER_BIG,float64,2,10,6.451612903225806,False,,,False,,,
hepatitis,LIVER_FIRM,float64,2,11,7.096774193548387,False,,,False,,,
hepatitis,SPLEEN_PALPABLE,float64,2,5,3.225806451612903,False,,,False,,,
hepatitis,SPIDERS,float64,2,5,3.225806451612903,False,,,False,,,
hepatitis,ASCITES,float64,2,5,3.225806451612903,False,,,False,,,
hepatitis,VARICES,float64,2,5,3.225806451612903,False,,,False,,,
hepatitis,BILIRUBIN,float64,34,6,3.870967741935484,False,,,False,,,
hepatitis,ALK_PHOSPHATE,float64,83,29,18.70967741935484,False,,,False,,,
hepatitis,SGOT,float64,84,4,2.5806451612903225,False,,,False,,,
hepatitis,ALBUMIN,float64,29,16,10.32258064516129,False,,,False,,,
hepatitis,PROTIME,float64,44,67,43.225806451612904,False,,,False,,,
hepatitis,HISTOLOGY,int64,2,0,0.0,False,,,False,,,
ilpd_indian_liver_patient_dataset,Age,int64,72,0,0.0,False,,,False,,,
ilpd_indian_liver_patient_dataset,Gender,object,2,0,0.0,False,,,False,,,
ilpd_indian_liver_patient_dataset,Total_Bilirubin,float64,113,0,0.0,False,,,False,,,
ilpd_indian_liver_patient_dataset,Direct_Bilirubin,float64,80,0,0.0,False,,,False,,,
ilpd_indian_liver_patient_dataset,Alkaline_Phosphotase,int64,263,0,0.0,False,,,False,,,
ilpd_indian_liver_patient_dataset,Alamine_Aminotransferase,int64,152,0,0.0,False,,,False,,,
ilpd_indian_liver_patient_dataset,Aspartate_Aminotransferase,int64,177,0,0.0,False,,,False,,,
ilpd_indian_liver_patient_dataset,Total_Protiens,float64,58,0,0.0,False,,,False,,,
ilpd_indian_liver_patient_dataset,Albumin,float64,40,0,0.0,False,,,False,,,
ilpd_indian_liver_patient_dataset,Albumin_and_Globulin_Ratio,float64,69,4,0.6861063464837049,False,,,False,,,
internet_advertisements,f0,object,220,903,27.538883806038427,False,,,False,,,
internet_advertisements,f1,object,277,901,27.477889600487952,False,,,False,,,
internet_advertisements,f2,object,780,910,27.75236352546508,False,,,False,,,
internet_advertisements,f3,float64,2,15,0.4574565416285453,False,,,False,,,
internet_advertisements,f4,int64,2,0,0.0,False,,,False,,,
internet_advertisements,f5,int64,2,0,0.0,False,,,False,,,
internet_advertisements,f6,int64,2,0,0.0,False,,,False,,,
internet_advertisements,f7,int64,2,0,0.0,False,,,False,,,
internet_advertisements,f8,int64,2,0,0.0,False,,,False,,,
internet_advertisements,f9,int64,2,0,0.0,False,,,False,,,
internet_advertisements,f10,int64,2,0,0.0,False,,,False,,,
internet_advertisements,f11,int64,2,0,0.0,False,,,False,,,
internet_advertisements,f12,int64,2,0,0.0,False,,,False,,,
internet_advertisements,f13,int64,2,0,0.0,False,,,False,,,
internet_advertisements,f14,int64,2,0,0.0,False,,,False,,,
internet_advertisements,f15,int64,2,0,0.0,False,,,False,,,
internet_advertisements,f16,int64,2,0,0.0,False,,,False,,,
internet_advertisements,f17,int64,2,0,0.0,False,,,False,,,
internet_advertisements,f18,int64,2,0,0.0,False,,,False,,,
internet_advertisements,f19,int64,2,0,0.0,False,,,False,,,
internet_advertisements,f20,int64,2,0,0.0,False,,,False,,,
internet_advertisements,f21,int64,2,0,0.0,False,,,False,,,
internet_advertisements,f22,int64,2,0,0.0,False,,,False,,,
internet_advertisements,f23,int64,2,0,0.0,False,,,False,,,
internet_advertisements,f24,int64,2,0,0.0,False,,,False,,,
internet_advertisements,f25,int64,2,0,0.0,False,,,False,,,
internet_advertisements,f26,int64,2,0,0.0,False,,,False,,,
internet_advertisements,f27,int64,2,0,0.0,False,,,False,,,
internet_advertisements,f28,int64,2,0,0.0,False,,,False,,,
internet_advertisements,f29,int64,2,0,0.0,False,,,False,,,
internet_advertisements,f30,int64,2,0,0.0,False,,,False,,,
internet_advertisements,f31,int64,2,0,0.0,False,,,False,,,
internet_advertisements,f32,int64,2,0,0.0,False,,,False,,,
internet_advertisements,f33,int64,2,0,0.0,False,,,False,,,
internet_advertisements,f34,int64,2,0,0.0,False,,,False,,,
internet_advertisements,f35,int64,2,0,0.0,False,,,False,,,
internet_advertisements,f36,int64,2,0,0.0,False,,,False,,,
internet_advertisements,f37,int64,2,0,0.0,False,,,False,,,
internet_advertisements,f38,int64,2,0,0.0,False,,,False,,,
internet_advertisements,f39,int64,2,0,0.0,False,,,False,,,
internet_advertisements,f40,int64,2,0,0.0,False,,,False,,,
internet_advertisements,f41,int64,2,0,0.0,False,,,False,,,
internet_advertisements,f42,int64,2,0,0.0,False,,,False,,,
internet_advertisements,f43,int64,2,0,0.0,False,,,False,,,
internet_advertisements,f44,int64,2,0,0.0,False,,,False,,,
internet_advertisements,f45,int64,2,0,0.0,False,,,False,,,
internet_advertisements,f46,int64,2,0,0.0,False,,,False,,,
internet_advertisements,f47,int64,2,0,0.0,False,,,False,,,
internet_advertisements,f48,int64,2,0,0.0,False,,,False,,,
internet_advertisements,f49,int64,2,0,0.0,False,,,False,,,
internet_advertisements,f50,int64,2,0,0.0,False,,,False,,,
internet_advertisements,f51,int64,2,0,0.0,False,,,False,,,
internet_advertisements,f52,int64,2,0,0.0,False,,,False,,,
internet_advertisements,f53,int64,2,0,0.0,False,,,False,,,
internet_advertisements,f54,int64,2,0,0.0,False,,,False,,,
internet_advertisements,f55,int64,2,0,0.0,False,,,False,,,
internet_advertisements,f56,int64,2,0,0.0,False,,,False,,,
internet_advertisements,f57,int64,2,0,0.0,False,,,False,,,
internet_advertisements,f58,int64,2,0,0.0,False,,,False,,,
internet_advertisements,f59,int64,2,0,0.0,False,,,False,,,
internet_advertisements,f60,int64,2,0,0.0,False,,,False,,,
internet_advertisements,f61,int64,2,0,0.0,False,,,False,,,
internet_advertisements,f62,int64,2,0,0.0,False,,,False,,,
internet_advertisements,f63,int64,2,0,0.0,False,,,False,,,
internet_advertisements,f64,int64,2,0,0.0,False,,,False,,,
internet_advertisements,f65,int64,2,0,0.0,False,,,False,,,
internet_advertisements,f66,int64,2,0,0.0,False,,,False,,,
internet_advertisements,f67,int64,2,0,0.0,False,,,False,,,
internet_advertisements,f68,int64,2,0,0.0,False,,,False,,,
internet_advertisements,f69,int64,2,0,0.0,False,,,False,,,
internet_advertisements,f70,int64,2,0,0.0,False,,,False,,,
internet_advertisements,f71,int64,2,0,0.0,False,,,False,,,
internet_advertisements,f72,int64,2,0,0.0,False,,,False,,,
internet_advertisements,f73,int64,2,0,0.0,False,,,False,,,
internet_advertisements,f74,int64,2,0,0.0,False,,,False,,,
internet_advertisements,f75,int64,2,0,0.0,False,,,False,,,
internet_advertisements,f76,int64,2,0,0.0,False,,,False,,,
internet_advertisements,f77,int64,2,0,0.0,False,,,False,,,
internet_advertisements,f78,int64,2,0,0.0,False,,,False,,,
internet_advertisements,f79,int64,2,0,0.0,False,,,False,,,
internet_advertisements,f80,int64,2,0,0.0,False,,,False,,,
internet_advertisements,f81,int64,2,0,0.0,False,,,False,,,
internet_advertisements,f82,int64,2,0,0.0,False,,,False,,,
internet_advertisements,f83,int64,2,0,0.0,False,,,False,,,
internet_advertisements,f84,int64,2,0,0.0,False,,,False,,,
internet_advertisements,f85,int64,2,0,0.0,False,,,False,,,
internet_advertisements,f86,int64,2,0,0.0,False,,,False,,,
internet_advertisements,f87,int64,2,0,0.0,False,,,False,,,
internet_advertisements,f88,int64,2,0,0.0,False,,,False,,,
internet_advertisements,f89,int64,2,0,0.0,False,,,False,,,
internet_advertisements,f90,int64,2,0,0.0,False,,,False,,,
internet_advertisements,f91,int64,2,0,0.0,False,,,False,,,
internet_advertisements,f92,int64,2,0,0.0,False,,,False,,,
internet_advertisements,f93,int64,2,0,0.0,False,,,False,,,
internet_advertisements,f94,int64,2,0,0.0,False,,,False,,,
internet_advertisements,f95,int64,2,0,0.0,False,,,False,,,
internet_advertisements,f96,int64,2,0,0.0,False,,,False,,,
internet_advertisements,f97,int64,2,0,0.0,False,,,False,,,
internet_advertisements,f98,int64,2,0,0.0,False,,,False,,,
internet_advertisements,f99,int64,2,0,0.0,False,,,False,,,
internet_advertisements,f100,int64,2,0,0.0,False,,,False,,,
internet_advertisements,f101,int64,2,0,0.0,False,,,False,,,
internet_advertisements,f102,int64,2,0,0.0,False,,,False,,,
internet_advertisements,f103,int64,2,0,0.0,False,,,False,,,
internet_advertisements,f104,int64,2,0,0.0,False,,,False,,,
internet_advertisements,f105,int64,2,0,0.0,False,,,False,,,
internet_advertisements,f106,int64,2,0,0.0,False,,,False,,,
internet_advertisements,f107,int64,2,0,0.0,False,,,False,,,
internet_advertisements,f108,int64,2,0,0.0,False,,,False,,,
internet_advertisements,f109,int64,2,0,0.0,False,,,False,,,
internet_advertisements,f110,int64,2,0,0.0,False,,,False,,,
internet_advertisements,f111,int64,2,0,0.0,False,,,False,,,
internet_advertisements,f112,int64,2,0,0.0,False,,,False,,,
internet_advertisements,f113,int64,2,0,0.0,False,,,False,,,
internet_advertisements,f114,int64,2,0,0.0,False,,,False,,,
internet_advertisements,f115,int64,2,0,0.0,False,,,False,,,
internet_advertisements,f116,int64,2,0,0.0,False,,,False,,,
internet_advertisements,f117,int64,2,0,0.0,False,,,False,,,
internet_advertisements,f118,int64,2,0,0.0,False,,,False,,,
internet_advertisements,f119,int64,2,0,0.0,False,,,False,,,
internet_advertisements,f120,int64,2,0,0.0,False,,,False,,,
internet_advertisements,f121,int64,2,0,0.0,False,,,False,,,
internet_advertisements,f122,int64,2,0,0.0,False,,,False,,,
internet_advertisements,f123,int64,2,0,0.0,False,,,False,,,
internet_advertisements,f124,int64,2,0,0.0,False,,,False,,,
internet_advertisements,f125,int64,2,0,0.0,False,,,False,,,
internet_advertisements,f126,int64,2,0,0.0,False,,,False,,,
internet_advertisements,f127,int64,2,0,0.0,False,,,False,,,
internet_advertisements,f128,int64,2,0,0.0,False,,,False,,,
internet_advertisements,f129,int64,2,0,0.0,False,,,False,,,
internet_advertisements,f130,int64,2,0,0.0,False,,,False,,,
internet_advertisements,f131,int64,2,0,0.0,False,,,False,,,
internet_advertisements,f132,int64,2,0,0.0,False,,,False,,,
internet_advertisements,f133,int64,2,0,0.0,False,,,False,,,
internet_advertisements,f134,int64,2,0,0.0,False,,,False,,,
internet_advertisements,f135,int64,2,0,0.0,False,,,False,,,
internet_advertisements,f136,int64,2,0,0.0,False,,,False,,,
internet_advertisements,f137,int64,2,0,0.0,False,,,False,,,
internet_advertisements,f138,int64,2,0,0.0,False,,,False,,,
internet_advertisements,f139,int64,2,0,0.0,False,,,False,,,
internet_advertisements,f140,int64,2,0,0.0,False,,,False,,,
internet_advertisements,f141,int64,2,0,0.0,False,,,False,,,
internet_advertisements,f142,int64,2,0,0.0,False,,,False,,,
internet_advertisements,f143,int64,2,0,0.0,False,,,False,,,
internet_advertisements,f144,int64,2,0,0.0,False,,,False,,,
internet_advertisements,f145,int64,2,0,0.0,False,,,False,,,
internet_advertisements,f146,int64,2,0,0.0,False,,,False,,,
internet_advertisements,f147,int64,2,0,0.0,False,,,False,,,
internet_advertisements,f148,int64,2,0,0.0,False,,,False,,,
internet_advertisements,f149,int64,2,0,0.0,False,,,False,,,
internet_advertisements,f150,int64,2,0,0.0,False,,,False,,,
internet_advertisements,f151,int64,2,0,0.0,False,,,False,,,
internet_advertisements,f152,int64,2,0,0.0,False,,,False,,,
internet_advertisements,f153,int64,2,0,0.0,False,,,False,,,
internet_advertisements,f154,int64,2,0,0.0,False,,,False,,,
internet_advertisements,f155,int64,2,0,0.0,False,,,False,,,
internet_advertisements,f156,int64,2,0,0.0,False,,,False,,,
internet_advertisements,f157,int64,2,0,0.0,False,,,False,,,
internet_advertisements,f158,int64,2,0,0.0,False,,,False,,,
internet_advertisements,f159,int64,2,0,0.0,False,,,False,,,
internet_advertisements,f160,int64,2,0,0.0,False,,,False,,,
internet_advertisements,f161,int64,2,0,0.0,False,,,False,,,
internet_advertisements,f162,int64,2,0,0.0,False,,,False,,,
internet_advertisements,f163,int64,2,0,0.0,False,,,False,,,
internet_advertisements,f164,int64,2,0,0.0,False,,,False,,,
internet_advertisements,f165,int64,2,0,0.0,False,,,False,,,
internet_advertisements,f166,int64,2,0,0.0,False,,,False,,,
internet_advertisements,f167,int64,2,0,0.0,False,,,False,,,
internet_advertisements,f168,int64,2,0,0.0,False,,,False,,,
internet_advertisements,f169,int64,2,0,0.0,False,,,False,,,
internet_advertisements,f170,int64,2,0,0.0,False,,,False,,,
internet_advertisements,f171,int64,2,0,0.0,False,,,False,,,
internet_advertisements,f172,int64,2,0,0.0,False,,,False,,,
internet_advertisements,f173,int64,2,0,0.0,False,,,False,,,
internet_advertisements,f174,int64,2,0,0.0,False,,,False,,,
internet_advertisements,f175,int64,2,0,0.0,False,,,False,,,
internet_advertisements,f176,int64,2,0,0.0,False,,,False,,,
internet_advertisements,f177,int64,2,0,0.0,False,,,False,,,
internet_advertisements,f178,int64,2,0,0.0,False,,,False,,,
internet_advertisements,f179,int64,2,0,0.0,False,,,False,,,
internet_advertisements,f180,int64,2,0,0.0,False,,,False,,,
internet_advertisements,f181,int64,2,0,0.0,False,,,False,,,
internet_advertisements,f182,int64,2,0,0.0,False,,,False,,,
internet_advertisements,f183,int64,2,0,0.0,False,,,False,,,
internet_advertisements,f184,int64,2,0,0.0,False,,,False,,,
internet_advertisements,f185,int64,2,0,0.0,False,,,False,,,
internet_advertisements,f186,int64,2,0,0.0,False,,,False,,,
internet_advertisements,f187,int64,2,0,0.0,False,,,False,,,
internet_advertisements,f188,int64,2,0,0.0,False,,,False,,,
internet_advertisements,f189,int64,2,0,0.0,False,,,False,,,
internet_advertisements,f190,int64,2,0,0.0,False,,,False,,,
internet_advertisements,f191,int64,2,0,0.0,False,,,False,,,
internet_advertisements,f192,int64,2,0,0.0,False,,,False,,,
internet_advertisements,f193,int64,2,0,0.0,False,,,False,,,
internet_advertisements,f194,int64,2,0,0.0,False,,,False,,,
internet_advertisements,f195,int64,2,0,0.0,False,,,False,,,
internet_advertisements,f196,int64,2,0,0.0,False,,,False,,,
internet_advertisements,f197,int64,2,0,0.0,False,,,False,,,
internet_advertisements,f198,int64,2,0,0.0,False,,,False,,,
internet_advertisements,f199,int64,2,0,0.0,False,,,False,,,
internet_advertisements,f200,int64,2,0,0.0,False,,,False,,,
internet_advertisements,f201,int64,2,0,0.0,False,,,False,,,
internet_advertisements,f202,int64,2,0,0.0,False,,,False,,,
internet_advertisements,f203,int64,2,0,0.0,False,,,False,,,
internet_advertisements,f204,int64,2,0,0.0,False,,,False,,,
internet_advertisements,f205,int64,2,0,0.0,False,,,False,,,
internet_advertisements,f206,int64,2,0,0.0,False,,,False,,,
internet_advertisements,f207,int64,2,0,0.0,False,,,False,,,
internet_advertisements,f208,int64,2,0,0.0,False,,,False,,,
internet_advertisements,f209,int64,2,0,0.0,False,,,False,,,
internet_advertisements,f210,int64,2,0,0.0,False,,,False,,,
internet_advertisements,f211,int64,2,0,0.0,False,,,False,,,
internet_advertisements,f212,int64,2,0,0.0,False,,,False,,,
internet_advertisements,f213,int64,2,0,0.0,False,,,False,,,
internet_advertisements,f214,int64,2,0,0.0,False,,,False,,,
internet_advertisements,f215,int64,2,0,0.0,False,,,False,,,
internet_advertisements,f216,int64,2,0,0.0,False,,,False,,,
internet_advertisements,f217,int64,2,0,0.0,False,,,False,,,
internet_advertisements,f218,int64,2,0,0.0,False,,,False,,,
internet_advertisements,f219,int64,2,0,0.0,False,,,False,,,
internet_advertisements,f220,int64,2,0,0.0,False,,,False,,,
internet_advertisements,f221,int64,2,0,0.0,False,,,False,,,
internet_advertisements,f222,int64,2,0,0.0,False,,,False,,,
internet_advertisements,f223,int64,2,0,0.0,False,,,False,,,
internet_advertisements,f224,int64,2,0,0.0,False,,,False,,,
internet_advertisements,f225,int64,2,0,0.0,False,,,False,,,
internet_advertisements,f226,int64,2,0,0.0,False,,,False,,,
internet_advertisements,f227,int64,2,0,0.0,False,,,False,,,
internet_advertisements,f228,int64,2,0,0.0,False,,,False,,,
internet_advertisements,f229,int64,2,0,0.0,False,,,False,,,
internet_advertisements,f230,int64,2,0,0.0,False,,,False,,,
internet_advertisements,f231,int64,2,0,0.0,False,,,False,,,
internet_advertisements,f232,int64,2,0,0.0,False,,,False,,,
internet_advertisements,f233,int64,2,0,0.0,False,,,False,,,
internet_advertisements,f234,int64,2,0,0.0,False,,,False,,,
internet_advertisements,f235,int64,2,0,0.0,False,,,False,,,
internet_advertisements,f236,int64,2,0,0.0,False,,,False,,,
internet_advertisements,f237,int64,2,0,0.0,False,,,False,,,
internet_advertisements,f238,int64,2,0,0.0,False,,,False,,,
internet_advertisements,f239,int64,2,0,0.0,False,,,False,,,
internet_advertisements,f240,int64,2,0,0.0,False,,,False,,,
internet_advertisements,f241,int64,2,0,0.0,False,,,False,,,
internet_advertisements,f242,int64,2,0,0.0,False,,,False,,,
internet_advertisements,f243,int64,2,0,0.0,False,,,False,,,
internet_advertisements,f244,int64,2,0,0.0,False,,,False,,,
internet_advertisements,f245,int64,2,0,0.0,False,,,False,,,
internet_advertisements,f246,int64,2,0,0.0,False,,,False,,,
internet_advertisements,f247,int64,2,0,0.0,False,,,False,,,
internet_advertisements,f248,int64,2,0,0.0,False,,,False,,,
internet_advertisements,f249,int64,2,0,0.0,False,,,False,,,
internet_advertisements,f250,int64,2,0,0.0,False,,,False,,,
internet_advertisements,f251,int64,2,0,0.0,False,,,False,,,
internet_advertisements,f252,int64,2,0,0.0,False,,,False,,,
internet_advertisements,f253,int64,2,0,0.0,False,,,False,,,
internet_advertisements,f254,int64,2,0,0.0,False,,,False,,,
internet_advertisements,f255,int64,2,0,0.0,False,,,False,,,
internet_advertisements,f256,int64,2,0,0.0,False,,,False,,,
internet_advertisements,f257,int64,2,0,0.0,False,,,False,,,
internet_advertisements,f258,int64,2,0,0.0,False,,,False,,,
internet_advertisements,f259,int64,2,0,0.0,False,,,False,,,
internet_advertisements,f260,int64,2,0,0.0,False,,,False,,,
internet_advertisements,f261,int64,2,0,0.0,False,,,False,,,
internet_advertisements,f262,int64,2,0,0.0,False,,,False,,,
internet_advertisements,f263,int64,2,0,0.0,False,,,False,,,
internet_advertisements,f264,int64,2,0,0.0,False,,,False,,,
internet_advertisements,f265,int64,2,0,0.0,False,,,False,,,
internet_advertisements,f266,int64,2,0,0.0,False,,,False,,,
internet_advertisements,f267,int64,2,0,0.0,False,,,False,,,
internet_advertisements,f268,int64,2,0,0.0,False,,,False,,,
internet_advertisements,f269,int64,2,0,0.0,False,,,False,,,
internet_advertisements,f270,int64,2,0,0.0,False,,,False,,,
internet_advertisements,f271,int64,2,0,0.0,False,,,False,,,
internet_advertisements,f272,int64,2,0,0.0,False,,,False,,,
internet_advertisements,f273,int64,2,0,0.0,False,,,False,,,
internet_advertisements,f274,int64,2,0,0.0,False,,,False,,,
internet_advertisements,f275,int64,2,0,0.0,False,,,False,,,
internet_advertisements,f276,int64,2,0,0.0,False,,,False,,,
internet_advertisements,f277,int64,2,0,0.0,False,,,False,,,
internet_advertisements,f278,int64,2,0,0.0,False,,,False,,,
internet_advertisements,f279,int64,2,0,0.0,False,,,False,,,
internet_advertisements,f280,int64,2,0,0.0,False,,,False,,,
internet_advertisements,f281,int64,2,0,0.0,False,,,False,,,
internet_advertisements,f282,int64,2,0,0.0,False,,,False,,,
internet_advertisements,f283,int64,2,0,0.0,False,,,False,,,
internet_advertisements,f284,int64,2,0,0.0,False,,,False,,,
internet_advertisements,f285,int64,2,0,0.0,False,,,False,,,
internet_advertisements,f286,int64,2,0,0.0,False,,,False,,,
internet_advertisements,f287,int64,2,0,0.0,False,,,False,,,
internet_advertisements,f288,int64,2,0,0.0,False,,,False,,,
internet_advertisements,f289,int64,2,0,0.0,False,,,False,,,
internet_advertisements,f290,int64,2,0,0.0,False,,,False,,,
internet_advertisements,f291,int64,2,0,0.0,False,,,False,,,
internet_advertisements,f292,int64,2,0,0.0,False,,,False,,,
internet_advertisements,f293,int64,2,0,0.0,False,,,False,,,
internet_advertisements,f294,int64,2,0,0.0,False,,,False,,,
internet_advertisements,f295,int64,2,0,0.0,False,,,False,,,
internet_advertisements,f296,int64,2,0,0.0,False,,,False,,,
internet_advertisements,f297,int64,2,0,0.0,False,,,False,,,
internet_advertisements,f298,int64,2,0,0.0,False,,,False,,,
internet_advertisements,f299,int64,2,0,0.0,False,,,False,,,
internet_advertisements,f300,int64,2,0,0.0,False,,,False,,,
internet_advertisements,f301,int64,2,0,0.0,False,,,False,,,
internet_advertisements,f302,int64,2,0,0.0,False,,,False,,,
internet_advertisements,f303,int64,2,0,0.0,False,,,False,,,
internet_advertisements,f304,int64,2,0,0.0,False,,,False,,,
internet_advertisements,f305,int64,2,0,0.0,False,,,False,,,
internet_advertisements,f306,int64,2,0,0.0,False,,,False,,,
internet_advertisements,f307,int64,2,0,0.0,False,,,False,,,
internet_advertisements,f308,int64,2,0,0.0,False,,,False,,,
internet_advertisements,f309,int64,2,0,0.0,False,,,False,,,
internet_advertisements,f310,int64,2,0,0.0,False,,,False,,,
internet_advertisements,f311,int64,2,0,0.0,False,,,False,,,
internet_advertisements,f312,int64,2,0,0.0,False,,,False,,,
internet_advertisements,f313,int64,2,0,0.0,False,,,False,,,
internet_advertisements,f314,int64,2,0,0.0,False,,,False,,,
internet_advertisements,f315,int64,2,0,0.0,False,,,False,,,
internet_advertisements,f316,int64,2,0,0.0,False,,,False,,,
internet_advertisements,f317,int64,2,0,0.0,False,,,False,,,
internet_advertisements,f318,int64,2,0,0.0,False,,,False,,,
internet_advertisements,f319,int64,2,0,0.0,False,,,False,,,
internet_advertisements,f320,int64,2,0,0.0,False,,,False,,,
internet_advertisements,f321,int64,2,0,0.0,False,,,False,,,
internet_advertisements,f322,int64,2,0,0.0,False,,,False,,,
internet_advertisements,f323,int64,2,0,0.0,False,,,False,,,
internet_advertisements,f324,int64,2,0,0.0,False,,,False,,,
internet_advertisements,f325,int64,2,0,0.0,False,,,False,,,
internet_advertisements,f326,int64,2,0,0.0,False,,,False,,,
internet_advertisements,f327,int64,2,0,0.0,False,,,False,,,
internet_advertisements,f328,int64,2,0,0.0,False,,,False,,,
internet_advertisements,f329,int64,2,0,0.0,False,,,False,,,
internet_advertisements,f330,int64,2,0,0.0,False,,,False,,,
internet_advertisements,f331,int64,2,0,0.0,False,,,False,,,
internet_advertisements,f332,int64,2,0,0.0,False,,,False,,,
internet_advertisements,f333,int64,2,0,0.0,False,,,False,,,
internet_advertisements,f334,int64,2,0,0.0,False,,,False,,,
internet_advertisements,f335,int64,2,0,0.0,False,,,False,,,
internet_advertisements,f336,int64,2,0,0.0,False,,,False,,,
internet_advertisements,f337,int64,2,0,0.0,False,,,False,,,
internet_advertisements,f338,int64,2,0,0.0,False,,,False,,,
internet_advertisements,f339,int64,2,0,0.0,False,,,False,,,
internet_advertisements,f340,int64,2,0,0.0,False,,,False,,,
internet_advertisements,f341,int64,2,0,0.0,False,,,False,,,
internet_advertisements,f342,int64,2,0,0.0,False,,,False,,,
internet_advertisements,f343,int64,2,0,0.0,False,,,False,,,
internet_advertisements,f344,int64,2,0,0.0,False,,,False,,,
internet_advertisements,f345,int64,2,0,0.0,False,,,False,,,
internet_advertisements,f346,int64,2,0,0.0,False,,,False,,,
internet_advertisements,f347,int64,2,0,0.0,False,,,False,,,
internet_advertisements,f348,int64,2,0,0.0,False,,,False,,,
internet_advertisements,f349,int64,2,0,0.0,False,,,False,,,
internet_advertisements,f350,int64,2,0,0.0,False,,,False,,,
internet_advertisements,f351,int64,2,0,0.0,False,,,False,,,
internet_advertisements,f352,int64,2,0,0.0,False,,,False,,,
internet_advertisements,f353,int64,2,0,0.0,False,,,False,,,
internet_advertisements,f354,int64,2,0,0.0,False,,,False,,,
internet_advertisements,f355,int64,2,0,0.0,False,,,False,,,
internet_advertisements,f356,int64,2,0,0.0,False,,,False,,,
internet_advertisements,f357,int64,2,0,0.0,False,,,False,,,
internet_advertisements,f358,int64,2,0,0.0,False,,,False,,,
internet_advertisements,f359,int64,2,0,0.0,False,,,False,,,
internet_advertisements,f360,int64,2,0,0.0,False,,,False,,,
internet_advertisements,f361,int64,2,0,0.0,False,,,False,,,
internet_advertisements,f362,int64,2,0,0.0,False,,,False,,,
internet_advertisements,f363,int64,2,0,0.0,False,,,False,,,
internet_advertisements,f364,int64,2,0,0.0,False,,,False,,,
internet_advertisements,f365,int64,2,0,0.0,False,,,False,,,
internet_advertisements,f366,int64,2,0,0.0,False,,,False,,,
internet_advertisements,f367,int64,2,0,0.0,False,,,False,,,
internet_advertisements,f368,int64,2,0,0.0,False,,,False,,,
internet_advertisements,f369,int64,2,0,0.0,False,,,False,,,
internet_advertisements,f370,int64,2,0,0.0,False,,,False,,,
internet_advertisements,f371,int64,2,0,0.0,False,,,False,,,
internet_advertisements,f372,int64,2,0,0.0,False,,,False,,,
internet_advertisements,f373,int64,2,0,0.0,False,,,False,,,
internet_advertisements,f374,int64,2,0,0.0,False,,,False,,,
internet_advertisements,f375,int64,2,0,0.0,False,,,False,,,
internet_advertisements,f376,int64,2,0,0.0,False,,,False,,,
internet_advertisements,f377,int64,2,0,0.0,False,,,False,,,
internet_advertisements,f378,int64,2,0,0.0,False,,,False,,,
internet_advertisements,f379,int64,2,0,0.0,False,,,False,,,
internet_advertisements,f380,int64,2,0,0.0,False,,,False,,,
internet_advertisements,f381,int64,2,0,0.0,False,,,False,,,
internet_advertisements,f382,int64,2,0,0.0,False,,,False,,,
internet_advertisements,f383,int64,2,0,0.0,False,,,False,,,
internet_advertisements,f384,int64,2,0,0.0,False,,,False,,,
internet_advertisements,f385,int64,2,0,0.0,False,,,False,,,
internet_advertisements,f386,int64,2,0,0.0,False,,,False,,,
internet_advertisements,f387,int64,2,0,0.0,False,,,False,,,
internet_advertisements,f388,int64,2,0,0.0,False,,,False,,,
internet_advertisements,f389,int64,2,0,0.0,False,,,False,,,
internet_advertisements,f390,int64,2,0,0.0,False,,,False,,,
internet_advertisements,f391,int64,2,0,0.0,False,,,False,,,
internet_advertisements,f392,int64,2,0,0.0,False,,,False,,,
internet_advertisements,f393,int64,2,0,0.0,False,,,False,,,
internet_advertisements,f394,int64,2,0,0.0,False,,,False,,,
internet_advertisements,f395,int64,2,0,0.0,False,,,False,,,
internet_advertisements,f396,int64,2,0,0.0,False,,,False,,,
internet_advertisements,f397,int64,2,0,0.0,False,,,False,,,
internet_advertisements,f398,int64,2,0,0.0,False,,,False,,,
internet_advertisements,f399,int64,2,0,0.0,False,,,False,,,
internet_advertisements,f400,int64,2,0,0.0,False,,,False,,,
internet_advertisements,f401,int64,2,0,0.0,False,,,False,,,
internet_advertisements,f402,int64,2,0,0.0,False,,,False,,,
internet_advertisements,f403,int64,2,0,0.0,False,,,False,,,
internet_advertisements,f404,int64,2,0,0.0,False,,,False,,,
internet_advertisements,f405,int64,2,0,0.0,False,,,False,,,
internet_advertisements,f406,int64,2,0,0.0,False,,,False,,,
internet_advertisements,f407,int64,2,0,0.0,False,,,False,,,
internet_advertisements,f408,int64,2,0,0.0,False,,,False,,,
internet_advertisements,f409,int64,2,0,0.0,False,,,False,,,
internet_advertisements,f410,int64,2,0,0.0,False,,,False,,,
internet_advertisements,f411,int64,2,0,0.0,False,,,False,,,
internet_advertisements,f412,int64,2,0,0.0,False,,,False,,,
internet_advertisements,f413,int64,2,0,0.0,False,,,False,,,
internet_advertisements,f414,int64,2,0,0.0,False,,,False,,,
internet_advertisements,f415,int64,2,0,0.0,False,,,False,,,
internet_advertisements,f416,int64,2,0,0.0,False,,,False,,,
internet_advertisements,f417,int64,2,0,0.0,False,,,False,,,
internet_advertisements,f418,int64,2,0,0.0,False,,,False,,,
internet_advertisements,f419,int64,2,0,0.0,False,,,False,,,
internet_advertisements,f420,int64,2,0,0.0,False,,,False,,,
internet_advertisements,f421,int64,2,0,0.0,False,,,False,,,
internet_advertisements,f422,int64,2,0,0.0,False,,,False,,,
internet_advertisements,f423,int64,2,0,0.0,False,,,False,,,
internet_advertisements,f424,int64,2,0,0.0,False,,,False,,,
internet_advertisements,f425,int64,2,0,0.0,False,,,False,,,
internet_advertisements,f426,int64,2,0,0.0,False,,,False,,,
internet_advertisements,f427,int64,2,0,0.0,False,,,False,,,
internet_advertisements,f428,int64,2,0,0.0,False,,,False,,,
internet_advertisements,f429,int64,2,0,0.0,False,,,False,,,
internet_advertisements,f430,int64,2,0,0.0,False,,,False,,,
internet_advertisements,f431,int64,2,0,0.0,False,,,False,,,
internet_advertisements,f432,int64,2,0,0.0,False,,,False,,,
internet_advertisements,f433,int64,2,0,0.0,False,,,False,,,
internet_advertisements,f434,int64,2,0,0.0,False,,,False,,,
internet_advertisements,f435,int64,2,0,0.0,False,,,False,,,
internet_advertisements,f436,int64,2,0,0.0,False,,,False,,,
internet_advertisements,f437,int64,2,0,0.0,False,,,False,,,
internet_advertisements,f438,int64,2,0,0.0,False,,,False,,,
internet_advertisements,f439,int64,2,0,0.0,False,,,False,,,
internet_advertisements,f440,int64,2,0,0.0,False,,,False,,,
internet_advertisements,f441,int64,2,0,0.0,False,,,False,,,
internet_advertisements,f442,int64,2,0,0.0,False,,,False,,,
internet_advertisements,f443,int64,2,0,0.0,False,,,False,,,
internet_advertisements,f444,int64,2,0,0.0,False,,,False,,,
internet_advertisements,f445,int64,2,0,0.0,False,,,False,,,
internet_advertisements,f446,int64,2,0,0.0,False,,,False,,,
internet_advertisements,f447,int64,2,0,0.0,False,,,False,,,
internet_advertisements,f448,int64,2,0,0.0,False,,,False,,,
internet_advertisements,f449,int64,2,0,0.0,False,,,False,,,
internet_advertisements,f450,int64,2,0,0.0,False,,,False,,,
internet_advertisements,f451,int64,2,0,0.0,False,,,False,,,
internet_advertisements,f452,int64,2,0,0.0,False,,,False,,,
internet_advertisements,f453,int64,2,0,0.0,False,,,False,,,
internet_advertisements,f454,int64,2,0,0.0,False,,,False,,,
internet_advertisements,f455,int64,2,0,0.0,False,,,False,,,
internet_advertisements,f456,int64,2,0,0.0,False,,,False,,,
internet_advertisements,f457,int64,2,0,0.0,False,,,False,,,
internet_advertisements,f458,int64,2,0,0.0,False,,,False,,,
internet_advertisements,f459,int64,2,0,0.0,False,,,False,,,
internet_advertisements,f460,int64,2,0,0.0,False,,,False,,,
internet_advertisements,f461,int64,2,0,0.0,False,,,False,,,
internet_advertisements,f462,int64,2,0,0.0,False,,,False,,,
internet_advertisements,f463,int64,2,0,0.0,False,,,False,,,
internet_advertisements,f464,int64,2,0,0.0,False,,,False,,,
internet_advertisements,f465,int64,2,0,0.0,False,,,False,,,
internet_advertisements,f466,int64,2,0,0.0,False,,,False,,,
internet_advertisements,f467,int64,2,0,0.0,False,,,False,,,
internet_advertisements,f468,int64,2,0,0.0,False,,,False,,,
internet_advertisements,f469,int64,2,0,0.0,False,,,False,,,
internet_advertisements,f470,int64,2,0,0.0,False,,,False,,,
internet_advertisements,f471,int64,2,0,0.0,False,,,False,,,
internet_advertisements,f472,int64,2,0,0.0,False,,,False,,,
internet_advertisements,f473,int64,2,0,0.0,False,,,False,,,
internet_advertisements,f474,int64,2,0,0.0,False,,,False,,,
internet_advertisements,f475,int64,2,0,0.0,False,,,False,,,
internet_advertisements,f476,int64,2,0,0.0,False,,,False,,,
internet_advertisements,f477,int64,2,0,0.0,False,,,False,,,
internet_advertisements,f478,int64,2,0,0.0,False,,,False,,,
internet_advertisements,f479,int64,2,0,0.0,False,,,False,,,
internet_advertisements,f480,int64,2,0,0.0,False,,,False,,,
internet_advertisements,f481,int64,2,0,0.0,False,,,False,,,
internet_advertisements,f482,int64,2,0,0.0,False,,,False,,,
internet_advertisements,f483,int64,2,0,0.0,False,,,False,,,
internet_advertisements,f484,int64,2,0,0.0,False,,,False,,,
internet_advertisements,f485,int64,2,0,0.0,False,,,False,,,
internet_advertisements,f486,int64,2,0,0.0,False,,,False,,,
internet_advertisements,f487,int64,2,0,0.0,False,,,False,,,
internet_advertisements,f488,int64,2,0,0.0,False,,,False,,,
internet_advertisements,f489,int64,2,0,0.0,False,,,False,,,
internet_advertisements,f490,int64,2,0,0.0,False,,,False,,,
internet_advertisements,f491,int64,2,0,0.0,False,,,False,,,
internet_advertisements,f492,int64,2,0,0.0,False,,,False,,,
internet_advertisements,f493,int64,2,0,0.0,False,,,False,,,
internet_advertisements,f494,int64,2,0,0.0,False,,,False,,,
internet_advertisements,f495,int64,2,0,0.0,False,,,False,,,
internet_advertisements,f496,int64,2,0,0.0,False,,,False,,,
internet_advertisements,f497,int64,2,0,0.0,False,,,False,,,
internet_advertisements,f498,int64,2,0,0.0,False,,,False,,,
internet_advertisements,f499,int64,2,0,0.0,False,,,False,,,
internet_advertisements,f500,int64,2,0,0.0,False,,,False,,,
internet_advertisements,f501,int64,2,0,0.0,False,,,False,,,
internet_advertisements,f502,int64,2,0,0.0,False,,,False,,,
internet_advertisements,f503,int64,2,0,0.0,False,,,False,,,
internet_advertisements,f504,int64,2,0,0.0,False,,,False,,,
internet_advertisements,f505,int64,2,0,0.0,False,,,False,,,
internet_advertisements,f506,int64,2,0,0.0,False,,,False,,,
internet_advertisements,f507,int64,2,0,0.0,False,,,False,,,
internet_advertisements,f508,int64,2,0,0.0,False,,,False,,,
internet_advertisements,f509,int64,2,0,0.0,False,,,False,,,
internet_advertisements,f510,int64,2,0,0.0,False,,,False,,,
internet_advertisements,f511,int64,2,0,0.0,False,,,False,,,
internet_advertisements,f512,int64,2,0,0.0,False,,,False,,,
internet_advertisements,f513,int64,2,0,0.0,False,,,False,,,
internet_advertisements,f514,int64,2,0,0.0,False,,,False,,,
internet_advertisements,f515,int64,2,0,0.0,False,,,False,,,
internet_advertisements,f516,int64,2,0,0.0,False,,,False,,,
internet_advertisements,f517,int64,2,0,0.0,False,,,False,,,
internet_advertisements,f518,int64,2,0,0.0,False,,,False,,,
internet_advertisements,f519,int64,2,0,0.0,False,,,False,,,
internet_advertisements,f520,int64,2,0,0.0,False,,,False,,,
internet_advertisements,f521,int64,2,0,0.0,False,,,False,,,
internet_advertisements,f522,int64,2,0,0.0,False,,,False,,,
internet_advertisements,f523,int64,2,0,0.0,False,,,False,,,
internet_advertisements,f524,int64,2,0,0.0,False,,,False,,,
internet_advertisements,f525,int64,2,0,0.0,False,,,False,,,
internet_advertisements,f526,int64,2,0,0.0,False,,,False,,,
internet_advertisements,f527,int64,2,0,0.0,False,,,False,,,
internet_advertisements,f528,int64,2,0,0.0,False,,,False,,,
internet_advertisements,f529,int64,2,0,0.0,False,,,False,,,
internet_advertisements,f530,int64,2,0,0.0,False,,,False,,,
internet_advertisements,f531,int64,2,0,0.0,False,,,False,,,
internet_advertisements,f532,int64,2,0,0.0,False,,,False,,,
internet_advertisements,f533,int64,2,0,0.0,False,,,False,,,
internet_advertisements,f534,int64,2,0,0.0,False,,,False,,,
internet_advertisements,f535,int64,2,0,0.0,False,,,False,,,
internet_advertisements,f536,int64,2,0,0.0,False,,,False,,,
internet_advertisements,f537,int64,2,0,0.0,False,,,False,,,
internet_advertisements,f538,int64,2,0,0.0,False,,,False,,,
internet_advertisements,f539,int64,2,0,0.0,False,,,False,,,
internet_advertisements,f540,int64,2,0,0.0,False,,,False,,,
internet_advertisements,f541,int64,2,0,0.0,False,,,False,,,
internet_advertisements,f542,int64,2,0,0.0,False,,,False,,,
internet_advertisements,f543,int64,2,0,0.0,False,,,False,,,
internet_advertisements,f544,int64,2,0,0.0,False,,,False,,,
internet_advertisements,f545,int64,2,0,0.0,False,,,False,,,
internet_advertisements,f546,int64,2,0,0.0,False,,,False,,,
internet_advertisements,f547,int64,2,0,0.0,False,,,False,,,
internet_advertisements,f548,int64,2,0,0.0,False,,,False,,,
internet_advertisements,f549,int64,2,0,0.0,False,,,False,,,
internet_advertisements,f550,int64,2,0,0.0,False,,,False,,,
internet_advertisements,f551,int64,2,0,0.0,False,,,False,,,
internet_advertisements,f552,int64,2,0,0.0,False,,,False,,,
internet_advertisements,f553,int64,2,0,0.0,False,,,False,,,
internet_advertisements,f554,int64,2,0,0.0,False,,,False,,,
internet_advertisements,f555,int64,2,0,0.0,False,,,False,,,
internet_advertisements,f556,int64,2,0,0.0,False,,,False,,,
internet_advertisements,f557,int64,2,0,0.0,False,,,False,,,
internet_advertisements,f558,int64,2,0,0.0,False,,,False,,,
internet_advertisements,f559,int64,2,0,0.0,False,,,False,,,
internet_advertisements,f560,int64,2,0,0.0,False,,,False,,,
internet_advertisements,f561,int64,2,0,0.0,False,,,False,,,
internet_advertisements,f562,int64,2,0,0.0,False,,,False,,,
internet_advertisements,f563,int64,2,0,0.0,False,,,False,,,
internet_advertisements,f564,int64,2,0,0.0,False,,,False,,,
internet_advertisements,f565,int64,2,0,0.0,False,,,False,,,
internet_advertisements,f566,int64,2,0,0.0,False,,,False,,,
internet_advertisements,f567,int64,2,0,0.0,False,,,False,,,
internet_advertisements,f568,int64,2,0,0.0,False,,,False,,,
internet_advertisements,f569,int64,2,0,0.0,False,,,False,,,
internet_advertisements,f570,int64,2,0,0.0,False,,,False,,,
internet_advertisements,f571,int64,2,0,0.0,False,,,False,,,
internet_advertisements,f572,int64,2,0,0.0,False,,,False,,,
internet_advertisements,f573,int64,2,0,0.0,False,,,False,,,
internet_advertisements,f574,int64,2,0,0.0,False,,,False,,,
internet_advertisements,f575,int64,2,0,0.0,False,,,False,,,
internet_advertisements,f576,int64,2,0,0.0,False,,,False,,,
internet_advertisements,f577,int64,2,0,0.0,False,,,False,,,
internet_advertisements,f578,int64,2,0,0.0,False,,,False,,,
internet_advertisements,f579,int64,2,0,0.0,False,,,False,,,
internet_advertisements,f580,int64,2,0,0.0,False,,,False,,,
internet_advertisements,f581,int64,2,0,0.0,False,,,False,,,
internet_advertisements,f582,int64,2,0,0.0,False,,,False,,,
internet_advertisements,f583,int64,2,0,0.0,False,,,False,,,
internet_advertisements,f584,int64,2,0,0.0,False,,,False,,,
internet_advertisements,f585,int64,2,0,0.0,False,,,False,,,
internet_advertisements,f586,int64,2,0,0.0,False,,,False,,,
internet_advertisements,f587,int64,2,0,0.0,False,,,False,,,
internet_advertisements,f588,int64,2,0,0.0,False,,,False,,,
internet_advertisements,f589,int64,2,0,0.0,False,,,False,,,
internet_advertisements,f590,int64,2,0,0.0,False,,,False,,,
internet_advertisements,f591,int64,2,0,0.0,False,,,False,,,
internet_advertisements,f592,int64,2,0,0.0,False,,,False,,,
internet_advertisements,f593,int64,2,0,0.0,False,,,False,,,
internet_advertisements,f594,int64,2,0,0.0,False,,,False,,,
internet_advertisements,f595,int64,2,0,0.0,False,,,False,,,
internet_advertisements,f596,int64,2,0,0.0,False,,,False,,,
internet_advertisements,f597,int64,2,0,0.0,False,,,False,,,
internet_advertisements,f598,int64,2,0,0.0,False,,,False,,,
internet_advertisements,f599,int64,2,0,0.0,False,,,False,,,
internet_advertisements,f600,int64,2,0,0.0,False,,,False,,,
internet_advertisements,f601,int64,2,0,0.0,False,,,False,,,
internet_advertisements,f602,int64,2,0,0.0,False,,,False,,,
internet_advertisements,f603,int64,2,0,0.0,False,,,False,,,
internet_advertisements,f604,int64,2,0,0.0,False,,,False,,,
internet_advertisements,f605,int64,2,0,0.0,False,,,False,,,
internet_advertisements,f606,int64,2,0,0.0,False,,,False,,,
internet_advertisements,f607,int64,2,0,0.0,False,,,False,,,
internet_advertisements,f608,int64,2,0,0.0,False,,,False,,,
internet_advertisements,f609,int64,2,0,0.0,False,,,False,,,
internet_advertisements,f610,int64,2,0,0.0,False,,,False,,,
internet_advertisements,f611,int64,2,0,0.0,False,,,False,,,
internet_advertisements,f612,int64,2,0,0.0,False,,,False,,,
internet_advertisements,f613,int64,2,0,0.0,False,,,False,,,
internet_advertisements,f614,int64,2,0,0.0,False,,,False,,,
internet_advertisements,f615,int64,2,0,0.0,False,,,False,,,
internet_advertisements,f616,int64,2,0,0.0,False,,,False,,,
internet_advertisements,f617,int64,2,0,0.0,False,,,False,,,
internet_advertisements,f618,int64,2,0,0.0,False,,,False,,,
internet_advertisements,f619,int64,2,0,0.0,False,,,False,,,
internet_advertisements,f620,int64,2,0,0.0,False,,,False,,,
internet_advertisements,f621,int64,2,0,0.0,False,,,False,,,
internet_advertisements,f622,int64,2,0,0.0,False,,,False,,,
internet_advertisements,f623,int64,2,0,0.0,False,,,False,,,
internet_advertisements,f624,int64,2,0,0.0,False,,,False,,,
internet_advertisements,f625,int64,2,0,0.0,False,,,False,,,
internet_advertisements,f626,int64,2,0,0.0,False,,,False,,,
internet_advertisements,f627,int64,2,0,0.0,False,,,False,,,
internet_advertisements,f628,int64,2,0,0.0,False,,,False,,,
internet_advertisements,f629,int64,2,0,0.0,False,,,False,,,
internet_advertisements,f630,int64,2,0,0.0,False,,,False,,,
internet_advertisements,f631,int64,2,0,0.0,False,,,False,,,
internet_advertisements,f632,int64,2,0,0.0,False,,,False,,,
internet_advertisements,f633,int64,2,0,0.0,False,,,False,,,
internet_advertisements,f634,int64,2,0,0.0,False,,,False,,,
internet_advertisements,f635,int64,2,0,0.0,False,,,False,,,
internet_advertisements,f636,int64,2,0,0.0,False,,,False,,,
internet_advertisements,f637,int64,2,0,0.0,False,,,False,,,
internet_advertisements,f638,int64,2,0,0.0,False,,,False,,,
internet_advertisements,f639,int64,2,0,0.0,False,,,False,,,
internet_advertisements,f640,int64,2,0,0.0,False,,,False,,,
internet_advertisements,f641,int64,2,0,0.0,False,,,False,,,
internet_advertisements,f642,int64,2,0,0.0,False,,,False,,,
internet_advertisements,f643,int64,2,0,0.0,False,,,False,,,
internet_advertisements,f644,int64,2,0,0.0,False,,,False,,,
internet_advertisements,f645,int64,2,0,0.0,False,,,False,,,
internet_advertisements,f646,int64,2,0,0.0,False,,,False,,,
internet_advertisements,f647,int64,2,0,0.0,False,,,False,,,
internet_advertisements,f648,int64,2,0,0.0,False,,,False,,,
internet_advertisements,f649,int64,2,0,0.0,False,,,False,,,
internet_advertisements,f650,int64,2,0,0.0,False,,,False,,,
internet_advertisements,f651,int64,2,0,0.0,False,,,False,,,
internet_advertisements,f652,int64,2,0,0.0,False,,,False,,,
internet_advertisements,f653,int64,2,0,0.0,False,,,False,,,
internet_advertisements,f654,int64,2,0,0.0,False,,,False,,,
internet_advertisements,f655,int64,2,0,0.0,False,,,False,,,
internet_advertisements,f656,int64,2,0,0.0,False,,,False,,,
internet_advertisements,f657,int64,2,0,0.0,False,,,False,,,
internet_advertisements,f658,int64,2,0,0.0,False,,,False,,,
internet_advertisements,f659,int64,2,0,0.0,False,,,False,,,
internet_advertisements,f660,int64,2,0,0.0,False,,,False,,,
internet_advertisements,f661,int64,2,0,0.0,False,,,False,,,
internet_advertisements,f662,int64,2,0,0.0,False,,,False,,,
internet_advertisements,f663,int64,2,0,0.0,False,,,False,,,
internet_advertisements,f664,int64,2,0,0.0,False,,,False,,,
internet_advertisements,f665,int64,2,0,0.0,False,,,False,,,
internet_advertisements,f666,int64,2,0,0.0,False,,,False,,,
internet_advertisements,f667,int64,2,0,0.0,False,,,False,,,
internet_advertisements,f668,int64,2,0,0.0,False,,,False,,,
internet_advertisements,f669,int64,2,0,0.0,False,,,False,,,
internet_advertisements,f670,int64,2,0,0.0,False,,,False,,,
internet_advertisements,f671,int64,2,0,0.0,False,,,False,,,
internet_advertisements,f672,int64,2,0,0.0,False,,,False,,,
internet_advertisements,f673,int64,2,0,0.0,False,,,False,,,
internet_advertisements,f674,int64,2,0,0.0,False,,,False,,,
internet_advertisements,f675,int64,2,0,0.0,False,,,False,,,
internet_advertisements,f676,int64,2,0,0.0,False,,,False,,,
internet_advertisements,f677,int64,2,0,0.0,False,,,False,,,
internet_advertisements,f678,int64,2,0,0.0,False,,,False,,,
internet_advertisements,f679,int64,2,0,0.0,False,,,False,,,
internet_advertisements,f680,int64,2,0,0.0,False,,,False,,,
internet_advertisements,f681,int64,2,0,0.0,False,,,False,,,
internet_advertisements,f682,int64,2,0,0.0,False,,,False,,,
internet_advertisements,f683,int64,2,0,0.0,False,,,False,,,
internet_advertisements,f684,int64,2,0,0.0,False,,,False,,,
internet_advertisements,f685,int64,2,0,0.0,False,,,False,,,
internet_advertisements,f686,int64,2,0,0.0,False,,,False,,,
internet_advertisements,f687,int64,2,0,0.0,False,,,False,,,
internet_advertisements,f688,int64,2,0,0.0,False,,,False,,,
internet_advertisements,f689,int64,2,0,0.0,False,,,False,,,
internet_advertisements,f690,int64,2,0,0.0,False,,,False,,,
internet_advertisements,f691,int64,2,0,0.0,False,,,False,,,
internet_advertisements,f692,int64,2,0,0.0,False,,,False,,,
internet_advertisements,f693,int64,2,0,0.0,False,,,False,,,
internet_advertisements,f694,int64,2,0,0.0,False,,,False,,,
internet_advertisements,f695,int64,2,0,0.0,False,,,False,,,
internet_advertisements,f696,int64,2,0,0.0,False,,,False,,,
internet_advertisements,f697,int64,2,0,0.0,False,,,False,,,
internet_advertisements,f698,int64,2,0,0.0,False,,,False,,,
internet_advertisements,f699,int64,2,0,0.0,False,,,False,,,
internet_advertisements,f700,int64,2,0,0.0,False,,,False,,,
internet_advertisements,f701,int64,2,0,0.0,False,,,False,,,
internet_advertisements,f702,int64,2,0,0.0,False,,,False,,,
internet_advertisements,f703,int64,2,0,0.0,False,,,False,,,
internet_advertisements,f704,int64,2,0,0.0,False,,,False,,,
internet_advertisements,f705,int64,2,0,0.0,False,,,False,,,
internet_advertisements,f706,int64,2,0,0.0,False,,,False,,,
internet_advertisements,f707,int64,2,0,0.0,False,,,False,,,
internet_advertisements,f708,int64,2,0,0.0,False,,,False,,,
internet_advertisements,f709,int64,2,0,0.0,False,,,False,,,
internet_advertisements,f710,int64,2,0,0.0,False,,,False,,,
internet_advertisements,f711,int64,2,0,0.0,False,,,False,,,
internet_advertisements,f712,int64,2,0,0.0,False,,,False,,,
internet_advertisements,f713,int64,2,0,0.0,False,,,False,,,
internet_advertisements,f714,int64,2,0,0.0,False,,,False,,,
internet_advertisements,f715,int64,2,0,0.0,False,,,False,,,
internet_advertisements,f716,int64,2,0,0.0,False,,,False,,,
internet_advertisements,f717,int64,2,0,0.0,False,,,False,,,
internet_advertisements,f718,int64,2,0,0.0,False,,,False,,,
internet_advertisements,f719,int64,2,0,0.0,False,,,False,,,
internet_advertisements,f720,int64,2,0,0.0,False,,,False,,,
internet_advertisements,f721,int64,2,0,0.0,False,,,False,,,
internet_advertisements,f722,int64,2,0,0.0,False,,,False,,,
internet_advertisements,f723,int64,2,0,0.0,False,,,False,,,
internet_advertisements,f724,int64,2,0,0.0,False,,,False,,,
internet_advertisements,f725,int64,2,0,0.0,False,,,False,,,
internet_advertisements,f726,int64,2,0,0.0,False,,,False,,,
internet_advertisements,f727,int64,2,0,0.0,False,,,False,,,
internet_advertisements,f728,int64,2,0,0.0,False,,,False,,,
internet_advertisements,f729,int64,2,0,0.0,False,,,False,,,
internet_advertisements,f730,int64,2,0,0.0,False,,,False,,,
internet_advertisements,f731,int64,2,0,0.0,False,,,False,,,
internet_advertisements,f732,int64,2,0,0.0,False,,,False,,,
internet_advertisements,f733,int64,2,0,0.0,False,,,False,,,
internet_advertisements,f734,int64,2,0,0.0,False,,,False,,,
internet_advertisements,f735,int64,2,0,0.0,False,,,False,,,
internet_advertisements,f736,int64,2,0,0.0,False,,,False,,,
internet_advertisements,f737,int64,2,0,0.0,False,,,False,,,
internet_advertisements,f738,int64,2,0,0.0,False,,,False,,,
internet_advertisements,f739,int64,2,0,0.0,False,,,False,,,
internet_advertisements,f740,int64,2,0,0.0,False,,,False,,,
internet_advertisements,f741,int64,2,0,0.0,False,,,False,,,
internet_advertisements,f742,int64,2,0,0.0,False,,,False,,,
internet_advertisements,f743,int64,2,0,0.0,False,,,False,,,
internet_advertisements,f744,int64,2,0,0.0,False,,,False,,,
internet_advertisements,f745,int64,2,0,0.0,False,,,False,,,
internet_advertisements,f746,int64,2,0,0.0,False,,,False,,,
internet_advertisements,f747,int64,2,0,0.0,False,,,False,,,
internet_advertisements,f748,int64,2,0,0.0,False,,,False,,,
internet_advertisements,f749,int64,2,0,0.0,False,,,False,,,
internet_advertisements,f750,int64,2,0,0.0,False,,,False,,,
internet_advertisements,f751,int64,2,0,0.0,False,,,False,,,
internet_advertisements,f752,int64,2,0,0.0,False,,,False,,,
internet_advertisements,f753,int64,2,0,0.0,False,,,False,,,
internet_advertisements,f754,int64,2,0,0.0,False,,,False,,,
internet_advertisements,f755,int64,2,0,0.0,False,,,False,,,
internet_advertisements,f756,int64,2,0,0.0,False,,,False,,,
internet_advertisements,f757,int64,2,0,0.0,False,,,False,,,
internet_advertisements,f758,int64,2,0,0.0,False,,,False,,,
internet_advertisements,f759,int64,2,0,0.0,False,,,False,,,
internet_advertisements,f760,int64,2,0,0.0,False,,,False,,,
internet_advertisements,f761,int64,2,0,0.0,False,,,False,,,
internet_advertisements,f762,int64,2,0,0.0,False,,,False,,,
internet_advertisements,f763,int64,2,0,0.0,False,,,False,,,
internet_advertisements,f764,int64,2,0,0.0,False,,,False,,,
internet_advertisements,f765,int64,2,0,0.0,False,,,False,,,
internet_advertisements,f766,int64,2,0,0.0,False,,,False,,,
internet_advertisements,f767,int64,2,0,0.0,False,,,False,,,
internet_advertisements,f768,int64,2,0,0.0,False,,,False,,,
internet_advertisements,f769,int64,2,0,0.0,False,,,False,,,
internet_advertisements,f770,int64,2,0,0.0,False,,,False,,,
internet_advertisements,f771,int64,2,0,0.0,False,,,False,,,
internet_advertisements,f772,int64,2,0,0.0,False,,,False,,,
internet_advertisements,f773,int64,2,0,0.0,False,,,False,,,
internet_advertisements,f774,int64,2,0,0.0,False,,,False,,,
internet_advertisements,f775,int64,2,0,0.0,False,,,False,,,
internet_advertisements,f776,int64,2,0,0.0,False,,,False,,,
internet_advertisements,f777,int64,2,0,0.0,False,,,False,,,
internet_advertisements,f778,int64,2,0,0.0,False,,,False,,,
internet_advertisements,f779,int64,2,0,0.0,False,,,False,,,
internet_advertisements,f780,int64,2,0,0.0,False,,,False,,,
internet_advertisements,f781,int64,2,0,0.0,False,,,False,,,
internet_advertisements,f782,int64,2,0,0.0,False,,,False,,,
internet_advertisements,f783,int64,2,0,0.0,False,,,False,,,
internet_advertisements,f784,int64,2,0,0.0,False,,,False,,,
internet_advertisements,f785,int64,2,0,0.0,False,,,False,,,
internet_advertisements,f786,int64,2,0,0.0,False,,,False,,,
internet_advertisements,f787,int64,2,0,0.0,False,,,False,,,
internet_advertisements,f788,int64,2,0,0.0,False,,,False,,,
internet_advertisements,f789,int64,2,0,0.0,False,,,False,,,
internet_advertisements,f790,int64,2,0,0.0,False,,,False,,,
internet_advertisements,f791,int64,2,0,0.0,False,,,False,,,
internet_advertisements,f792,int64,2,0,0.0,False,,,False,,,
internet_advertisements,f793,int64,2,0,0.0,False,,,False,,,
internet_advertisements,f794,int64,2,0,0.0,False,,,False,,,
internet_advertisements,f795,int64,2,0,0.0,False,,,False,,,
internet_advertisements,f796,int64,2,0,0.0,False,,,False,,,
internet_advertisements,f797,int64,2,0,0.0,False,,,False,,,
internet_advertisements,f798,int64,2,0,0.0,False,,,False,,,
internet_advertisements,f799,int64,2,0,0.0,False,,,False,,,
internet_advertisements,f800,int64,2,0,0.0,False,,,False,,,
internet_advertisements,f801,int64,2,0,0.0,False,,,False,,,
internet_advertisements,f802,int64,2,0,0.0,False,,,False,,,
internet_advertisements,f803,int64,2,0,0.0,False,,,False,,,
internet_advertisements,f804,int64,2,0,0.0,False,,,False,,,
internet_advertisements,f805,int64,2,0,0.0,False,,,False,,,
internet_advertisements,f806,int64,2,0,0.0,False,,,False,,,
internet_advertisements,f807,int64,2,0,0.0,False,,,False,,,
internet_advertisements,f808,int64,2,0,0.0,False,,,False,,,
internet_advertisements,f809,int64,2,0,0.0,False,,,False,,,
internet_advertisements,f810,int64,2,0,0.0,False,,,False,,,
internet_advertisements,f811,int64,2,0,0.0,False,,,False,,,
internet_advertisements,f812,int64,2,0,0.0,False,,,False,,,
internet_advertisements,f813,int64,2,0,0.0,False,,,False,,,
internet_advertisements,f814,int64,2,0,0.0,False,,,False,,,
internet_advertisements,f815,int64,2,0,0.0,False,,,False,,,
internet_advertisements,f816,int64,2,0,0.0,False,,,False,,,
internet_advertisements,f817,int64,2,0,0.0,False,,,False,,,
internet_advertisements,f818,int64,2,0,0.0,False,,,False,,,
internet_advertisements,f819,int64,2,0,0.0,False,,,False,,,
internet_advertisements,f820,int64,2,0,0.0,False,,,False,,,
internet_advertisements,f821,int64,2,0,0.0,False,,,False,,,
internet_advertisements,f822,int64,2,0,0.0,False,,,False,,,
internet_advertisements,f823,int64,2,0,0.0,False,,,False,,,
internet_advertisements,f824,int64,2,0,0.0,False,,,False,,,
internet_advertisements,f825,int64,2,0,0.0,False,,,False,,,
internet_advertisements,f826,int64,2,0,0.0,False,,,False,,,
internet_advertisements,f827,int64,2,0,0.0,False,,,False,,,
internet_advertisements,f828,int64,2,0,0.0,False,,,False,,,
internet_advertisements,f829,int64,2,0,0.0,False,,,False,,,
internet_advertisements,f830,int64,2,0,0.0,False,,,False,,,
internet_advertisements,f831,int64,2,0,0.0,False,,,False,,,
internet_advertisements,f832,int64,2,0,0.0,False,,,False,,,
internet_advertisements,f833,int64,2,0,0.0,False,,,False,,,
internet_advertisements,f834,int64,2,0,0.0,False,,,False,,,
internet_advertisements,f835,int64,2,0,0.0,False,,,False,,,
internet_advertisements,f836,int64,2,0,0.0,False,,,False,,,
internet_advertisements,f837,int64,2,0,0.0,False,,,False,,,
internet_advertisements,f838,int64,2,0,0.0,False,,,False,,,
internet_advertisements,f839,int64,2,0,0.0,False,,,False,,,
internet_advertisements,f840,int64,2,0,0.0,False,,,False,,,
internet_advertisements,f841,int64,2,0,0.0,False,,,False,,,
internet_advertisements,f842,int64,2,0,0.0,False,,,False,,,
internet_advertisements,f843,int64,2,0,0.0,False,,,False,,,
internet_advertisements,f844,int64,2,0,0.0,False,,,False,,,
internet_advertisements,f845,int64,2,0,0.0,False,,,False,,,
internet_advertisements,f846,int64,2,0,0.0,False,,,False,,,
internet_advertisements,f847,int64,2,0,0.0,False,,,False,,,
internet_advertisements,f848,int64,2,0,0.0,False,,,False,,,
internet_advertisements,f849,int64,2,0,0.0,False,,,False,,,
internet_advertisements,f850,int64,2,0,0.0,False,,,False,,,
internet_advertisements,f851,int64,2,0,0.0,False,,,False,,,
internet_advertisements,f852,int64,2,0,0.0,False,,,False,,,
internet_advertisements,f853,int64,2,0,0.0,False,,,False,,,
internet_advertisements,f854,int64,2,0,0.0,False,,,False,,,
internet_advertisements,f855,int64,2,0,0.0,False,,,False,,,
internet_advertisements,f856,int64,2,0,0.0,False,,,False,,,
internet_advertisements,f857,int64,2,0,0.0,False,,,False,,,
internet_advertisements,f858,int64,2,0,0.0,False,,,False,,,
internet_advertisements,f859,int64,2,0,0.0,False,,,False,,,
internet_advertisements,f860,int64,2,0,0.0,False,,,False,,,
internet_advertisements,f861,int64,2,0,0.0,False,,,False,,,
internet_advertisements,f862,int64,2,0,0.0,False,,,False,,,
internet_advertisements,f863,int64,2,0,0.0,False,,,False,,,
internet_advertisements,f864,int64,2,0,0.0,False,,,False,,,
internet_advertisements,f865,int64,2,0,0.0,False,,,False,,,
internet_advertisements,f866,int64,2,0,0.0,False,,,False,,,
internet_advertisements,f867,int64,2,0,0.0,False,,,False,,,
internet_advertisements,f868,int64,2,0,0.0,False,,,False,,,
internet_advertisements,f869,int64,2,0,0.0,False,,,False,,,
internet_advertisements,f870,int64,2,0,0.0,False,,,False,,,
internet_advertisements,f871,int64,2,0,0.0,False,,,False,,,
internet_advertisements,f872,int64,2,0,0.0,False,,,False,,,
internet_advertisements,f873,int64,2,0,0.0,False,,,False,,,
internet_advertisements,f874,int64,2,0,0.0,False,,,False,,,
internet_advertisements,f875,int64,2,0,0.0,False,,,False,,,
internet_advertisements,f876,int64,2,0,0.0,False,,,False,,,
internet_advertisements,f877,int64,2,0,0.0,False,,,False,,,
internet_advertisements,f878,int64,2,0,0.0,False,,,False,,,
internet_advertisements,f879,int64,2,0,0.0,False,,,False,,,
internet_advertisements,f880,int64,2,0,0.0,False,,,False,,,
internet_advertisements,f881,int64,2,0,0.0,False,,,False,,,
internet_advertisements,f882,int64,2,0,0.0,False,,,False,,,
internet_advertisements,f883,int64,2,0,0.0,False,,,False,,,
internet_advertisements,f884,int64,2,0,0.0,False,,,False,,,
internet_advertisements,f885,int64,2,0,0.0,False,,,False,,,
internet_advertisements,f886,int64,2,0,0.0,False,,,False,,,
internet_advertisements,f887,int64,2,0,0.0,False,,,False,,,
internet_advertisements,f888,int64,2,0,0.0,False,,,False,,,
internet_advertisements,f889,int64,2,0,0.0,False,,,False,,,
internet_advertisements,f890,int64,2,0,0.0,False,,,False,,,
internet_advertisements,f891,int64,2,0,0.0,False,,,False,,,
internet_advertisements,f892,int64,2,0,0.0,False,,,False,,,
internet_advertisements,f893,int64,2,0,0.0,False,,,False,,,
internet_advertisements,f894,int64,2,0,0.0,False,,,False,,,
internet_advertisements,f895,int64,2,0,0.0,False,,,False,,,
internet_advertisements,f896,int64,2,0,0.0,False,,,False,,,
internet_advertisements,f897,int64,2,0,0.0,False,,,False,,,
internet_advertisements,f898,int64,2,0,0.0,False,,,False,,,
internet_advertisements,f899,int64,2,0,0.0,False,,,False,,,
internet_advertisements,f900,int64,2,0,0.0,False,,,False,,,
internet_advertisements,f901,int64,2,0,0.0,False,,,False,,,
internet_advertisements,f902,int64,2,0,0.0,False,,,False,,,
internet_advertisements,f903,int64,2,0,0.0,False,,,False,,,
internet_advertisements,f904,int64,2,0,0.0,False,,,False,,,
internet_advertisements,f905,int64,2,0,0.0,False,,,False,,,
internet_advertisements,f906,int64,2,0,0.0,False,,,False,,,
internet_advertisements,f907,int64,2,0,0.0,False,,,False,,,
internet_advertisements,f908,int64,2,0,0.0,False,,,False,,,
internet_advertisements,f909,int64,2,0,0.0,False,,,False,,,
internet_advertisements,f910,int64,2,0,0.0,False,,,False,,,
internet_advertisements,f911,int64,2,0,0.0,False,,,False,,,
internet_advertisements,f912,int64,2,0,0.0,False,,,False,,,
internet_advertisements,f913,int64,2,0,0.0,False,,,False,,,
internet_advertisements,f914,int64,2,0,0.0,False,,,False,,,
internet_advertisements,f915,int64,2,0,0.0,False,,,False,,,
internet_advertisements,f916,int64,2,0,0.0,False,,,False,,,
internet_advertisements,f917,int64,2,0,0.0,False,,,False,,,
internet_advertisements,f918,int64,2,0,0.0,False,,,False,,,
internet_advertisements,f919,int64,2,0,0.0,False,,,False,,,
internet_advertisements,f920,int64,2,0,0.0,False,,,False,,,
internet_advertisements,f921,int64,2,0,0.0,False,,,False,,,
internet_advertisements,f922,int64,2,0,0.0,False,,,False,,,
internet_advertisements,f923,int64,2,0,0.0,False,,,False,,,
internet_advertisements,f924,int64,2,0,0.0,False,,,False,,,
internet_advertisements,f925,int64,2,0,0.0,False,,,False,,,
internet_advertisements,f926,int64,2,0,0.0,False,,,False,,,
internet_advertisements,f927,int64,2,0,0.0,False,,,False,,,
internet_advertisements,f928,int64,2,0,0.0,False,,,False,,,
internet_advertisements,f929,int64,2,0,0.0,False,,,False,,,
internet_advertisements,f930,int64,2,0,0.0,False,,,False,,,
internet_advertisements,f931,int64,2,0,0.0,False,,,False,,,
internet_advertisements,f932,int64,2,0,0.0,False,,,False,,,
internet_advertisements,f933,int64,2,0,0.0,False,,,False,,,
internet_advertisements,f934,int64,2,0,0.0,False,,,False,,,
internet_advertisements,f935,int64,2,0,0.0,False,,,False,,,
internet_advertisements,f936,int64,2,0,0.0,False,,,False,,,
internet_advertisements,f937,int64,2,0,0.0,False,,,False,,,
internet_advertisements,f938,int64,2,0,0.0,False,,,False,,,
internet_advertisements,f939,int64,2,0,0.0,False,,,False,,,
internet_advertisements,f940,int64,2,0,0.0,False,,,False,,,
internet_advertisements,f941,int64,2,0,0.0,False,,,False,,,
internet_advertisements,f942,int64,2,0,0.0,False,,,False,,,
internet_advertisements,f943,int64,2,0,0.0,False,,,False,,,
internet_advertisements,f944,int64,2,0,0.0,False,,,False,,,
internet_advertisements,f945,int64,2,0,0.0,False,,,False,,,
internet_advertisements,f946,int64,2,0,0.0,False,,,False,,,
internet_advertisements,f947,int64,2,0,0.0,False,,,False,,,
internet_advertisements,f948,int64,2,0,0.0,False,,,False,,,
internet_advertisements,f949,int64,2,0,0.0,False,,,False,,,
internet_advertisements,f950,int64,2,0,0.0,False,,,False,,,
internet_advertisements,f951,int64,2,0,0.0,False,,,False,,,
internet_advertisements,f952,int64,2,0,0.0,False,,,False,,,
internet_advertisements,f953,int64,2,0,0.0,False,,,False,,,
internet_advertisements,f954,int64,2,0,0.0,False,,,False,,,
internet_advertisements,f955,int64,2,0,0.0,False,,,False,,,
internet_advertisements,f956,int64,2,0,0.0,False,,,False,,,
internet_advertisements,f957,int64,2,0,0.0,False,,,False,,,
internet_advertisements,f958,int64,2,0,0.0,False,,,False,,,
internet_advertisements,f959,int64,2,0,0.0,False,,,False,,,
internet_advertisements,f960,int64,2,0,0.0,False,,,False,,,
internet_advertisements,f961,int64,2,0,0.0,False,,,False,,,
internet_advertisements,f962,int64,2,0,0.0,False,,,False,,,
internet_advertisements,f963,int64,2,0,0.0,False,,,False,,,
internet_advertisements,f964,int64,2,0,0.0,False,,,False,,,
internet_advertisements,f965,int64,2,0,0.0,False,,,False,,,
internet_advertisements,f966,int64,2,0,0.0,False,,,False,,,
internet_advertisements,f967,int64,2,0,0.0,False,,,False,,,
internet_advertisements,f968,int64,2,0,0.0,False,,,False,,,
internet_advertisements,f969,int64,2,0,0.0,False,,,False,,,
internet_advertisements,f970,int64,2,0,0.0,False,,,False,,,
internet_advertisements,f971,int64,2,0,0.0,False,,,False,,,
internet_advertisements,f972,int64,2,0,0.0,False,,,False,,,
internet_advertisements,f973,int64,2,0,0.0,False,,,False,,,
internet_advertisements,f974,int64,2,0,0.0,False,,,False,,,
internet_advertisements,f975,int64,2,0,0.0,False,,,False,,,
internet_advertisements,f976,int64,2,0,0.0,False,,,False,,,
internet_advertisements,f977,int64,2,0,0.0,False,,,False,,,
internet_advertisements,f978,int64,2,0,0.0,False,,,False,,,
internet_advertisements,f979,int64,2,0,0.0,False,,,False,,,
internet_advertisements,f980,int64,2,0,0.0,False,,,False,,,
internet_advertisements,f981,int64,2,0,0.0,False,,,False,,,
internet_advertisements,f982,int64,2,0,0.0,False,,,False,,,
internet_advertisements,f983,int64,2,0,0.0,False,,,False,,,
internet_advertisements,f984,int64,2,0,0.0,False,,,False,,,
internet_advertisements,f985,int64,2,0,0.0,False,,,False,,,
internet_advertisements,f986,int64,2,0,0.0,False,,,False,,,
internet_advertisements,f987,int64,2,0,0.0,False,,,False,,,
internet_advertisements,f988,int64,2,0,0.0,False,,,False,,,
internet_advertisements,f989,int64,2,0,0.0,False,,,False,,,
internet_advertisements,f990,int64,2,0,0.0,False,,,False,,,
internet_advertisements,f991,int64,2,0,0.0,False,,,False,,,
internet_advertisements,f992,int64,2,0,0.0,False,,,False,,,
internet_advertisements,f993,int64,2,0,0.0,False,,,False,,,
internet_advertisements,f994,int64,2,0,0.0,False,,,False,,,
internet_advertisements,f995,int64,2,0,0.0,False,,,False,,,
internet_advertisements,f996,int64,2,0,0.0,False,,,False,,,
internet_advertisements,f997,int64,2,0,0.0,False,,,False,,,
internet_advertisements,f998,int64,2,0,0.0,False,,,False,,,
internet_advertisements,f999,int64,2,0,0.0,False,,,False,,,
internet_advertisements,f1000,int64,2,0,0.0,False,,,False,,,
internet_advertisements,f1001,int64,2,0,0.0,False,,,False,,,
internet_advertisements,f1002,int64,2,0,0.0,False,,,False,,,
internet_advertisements,f1003,int64,2,0,0.0,False,,,False,,,
internet_advertisements,f1004,int64,2,0,0.0,False,,,False,,,
internet_advertisements,f1005,int64,2,0,0.0,False,,,False,,,
internet_advertisements,f1006,int64,2,0,0.0,False,,,False,,,
internet_advertisements,f1007,int64,2,0,0.0,False,,,False,,,
internet_advertisements,f1008,int64,2,0,0.0,False,,,False,,,
internet_advertisements,f1009,int64,2,0,0.0,False,,,False,,,
internet_advertisements,f1010,int64,2,0,0.0,False,,,False,,,
internet_advertisements,f1011,int64,2,0,0.0,False,,,False,,,
internet_advertisements,f1012,int64,2,0,0.0,False,,,False,,,
internet_advertisements,f1013,int64,2,0,0.0,False,,,False,,,
internet_advertisements,f1014,int64,2,0,0.0,False,,,False,,,
internet_advertisements,f1015,int64,2,0,0.0,False,,,False,,,
internet_advertisements,f1016,int64,2,0,0.0,False,,,False,,,
internet_advertisements,f1017,int64,2,0,0.0,False,,,False,,,
internet_advertisements,f1018,int64,2,0,0.0,False,,,False,,,
internet_advertisements,f1019,int64,2,0,0.0,False,,,False,,,
internet_advertisements,f1020,int64,2,0,0.0,False,,,False,,,
internet_advertisements,f1021,int64,2,0,0.0,False,,,False,,,
internet_advertisements,f1022,int64,2,0,0.0,False,,,False,,,
internet_advertisements,f1023,int64,2,0,0.0,False,,,False,,,
internet_advertisements,f1024,int64,2,0,0.0,False,,,False,,,
internet_advertisements,f1025,int64,2,0,0.0,False,,,False,,,
internet_advertisements,f1026,int64,2,0,0.0,False,,,False,,,
internet_advertisements,f1027,int64,2,0,0.0,False,,,False,,,
internet_advertisements,f1028,int64,2,0,0.0,False,,,False,,,
internet_advertisements,f1029,int64,2,0,0.0,False,,,False,,,
internet_advertisements,f1030,int64,2,0,0.0,False,,,False,,,
internet_advertisements,f1031,int64,2,0,0.0,False,,,False,,,
internet_advertisements,f1032,int64,2,0,0.0,False,,,False,,,
internet_advertisements,f1033,int64,2,0,0.0,False,,,False,,,
internet_advertisements,f1034,int64,2,0,0.0,False,,,False,,,
internet_advertisements,f1035,int64,2,0,0.0,False,,,False,,,
internet_advertisements,f1036,int64,2,0,0.0,False,,,False,,,
internet_advertisements,f1037,int64,2,0,0.0,False,,,False,,,
internet_advertisements,f1038,int64,2,0,0.0,False,,,False,,,
internet_advertisements,f1039,int64,2,0,0.0,False,,,False,,,
internet_advertisements,f1040,int64,2,0,0.0,False,,,False,,,
internet_advertisements,f1041,int64,2,0,0.0,False,,,False,,,
internet_advertisements,f1042,int64,2,0,0.0,False,,,False,,,
internet_advertisements,f1043,int64,2,0,0.0,False,,,False,,,
internet_advertisements,f1044,int64,2,0,0.0,False,,,False,,,
internet_advertisements,f1045,int64,2,0,0.0,False,,,False,,,
internet_advertisements,f1046,int64,2,0,0.0,False,,,False,,,
internet_advertisements,f1047,int64,2,0,0.0,False,,,False,,,
internet_advertisements,f1048,int64,2,0,0.0,False,,,False,,,
internet_advertisements,f1049,int64,2,0,0.0,False,,,False,,,
internet_advertisements,f1050,int64,2,0,0.0,False,,,False,,,
internet_advertisements,f1051,int64,2,0,0.0,False,,,False,,,
internet_advertisements,f1052,int64,2,0,0.0,False,,,False,,,
internet_advertisements,f1053,int64,2,0,0.0,False,,,False,,,
internet_advertisements,f1054,int64,2,0,0.0,False,,,False,,,
internet_advertisements,f1055,int64,2,0,0.0,False,,,False,,,
internet_advertisements,f1056,int64,2,0,0.0,False,,,False,,,
internet_advertisements,f1057,int64,2,0,0.0,False,,,False,,,
internet_advertisements,f1058,int64,2,0,0.0,False,,,False,,,
internet_advertisements,f1059,int64,2,0,0.0,False,,,False,,,
internet_advertisements,f1060,int64,2,0,0.0,False,,,False,,,
internet_advertisements,f1061,int64,2,0,0.0,False,,,False,,,
internet_advertisements,f1062,int64,2,0,0.0,False,,,False,,,
internet_advertisements,f1063,int64,2,0,0.0,False,,,False,,,
internet_advertisements,f1064,int64,2,0,0.0,False,,,False,,,
internet_advertisements,f1065,int64,2,0,0.0,False,,,False,,,
internet_advertisements,f1066,int64,2,0,0.0,False,,,False,,,
internet_advertisements,f1067,int64,2,0,0.0,False,,,False,,,
internet_advertisements,f1068,int64,2,0,0.0,False,,,False,,,
internet_advertisements,f1069,int64,2,0,0.0,False,,,False,,,
internet_advertisements,f1070,int64,2,0,0.0,False,,,False,,,
internet_advertisements,f1071,int64,2,0,0.0,False,,,False,,,
internet_advertisements,f1072,int64,2,0,0.0,False,,,False,,,
internet_advertisements,f1073,int64,2,0,0.0,False,,,False,,,
internet_advertisements,f1074,int64,2,0,0.0,False,,,False,,,
internet_advertisements,f1075,int64,2,0,0.0,False,,,False,,,
internet_advertisements,f1076,int64,2,0,0.0,False,,,False,,,
internet_advertisements,f1077,int64,2,0,0.0,False,,,False,,,
internet_advertisements,f1078,int64,2,0,0.0,False,,,False,,,
internet_advertisements,f1079,int64,2,0,0.0,False,,,False,,,
internet_advertisements,f1080,int64,2,0,0.0,False,,,False,,,
internet_advertisements,f1081,int64,2,0,0.0,False,,,False,,,
internet_advertisements,f1082,int64,2,0,0.0,False,,,False,,,
internet_advertisements,f1083,int64,2,0,0.0,False,,,False,,,
internet_advertisements,f1084,int64,2,0,0.0,False,,,False,,,
internet_advertisements,f1085,int64,2,0,0.0,False,,,False,,,
internet_advertisements,f1086,int64,2,0,0.0,False,,,False,,,
internet_advertisements,f1087,int64,2,0,0.0,False,,,False,,,
internet_advertisements,f1088,int64,2,0,0.0,False,,,False,,,
internet_advertisements,f1089,int64,2,0,0.0,False,,,False,,,
internet_advertisements,f1090,int64,2,0,0.0,False,,,False,,,
internet_advertisements,f1091,int64,2,0,0.0,False,,,False,,,
internet_advertisements,f1092,int64,2,0,0.0,False,,,False,,,
internet_advertisements,f1093,int64,2,0,0.0,False,,,False,,,
internet_advertisements,f1094,int64,2,0,0.0,False,,,False,,,
internet_advertisements,f1095,int64,2,0,0.0,False,,,False,,,
internet_advertisements,f1096,int64,2,0,0.0,False,,,False,,,
internet_advertisements,f1097,int64,2,0,0.0,False,,,False,,,
internet_advertisements,f1098,int64,2,0,0.0,False,,,False,,,
internet_advertisements,f1099,int64,2,0,0.0,False,,,False,,,
internet_advertisements,f1100,int64,2,0,0.0,False,,,False,,,
internet_advertisements,f1101,int64,2,0,0.0,False,,,False,,,
internet_advertisements,f1102,int64,2,0,0.0,False,,,False,,,
internet_advertisements,f1103,int64,2,0,0.0,False,,,False,,,
internet_advertisements,f1104,int64,2,0,0.0,False,,,False,,,
internet_advertisements,f1105,int64,2,0,0.0,False,,,False,,,
internet_advertisements,f1106,int64,2,0,0.0,False,,,False,,,
internet_advertisements,f1107,int64,2,0,0.0,False,,,False,,,
internet_advertisements,f1108,int64,2,0,0.0,False,,,False,,,
internet_advertisements,f1109,int64,2,0,0.0,False,,,False,,,
internet_advertisements,f1110,int64,2,0,0.0,False,,,False,,,
internet_advertisements,f1111,int64,2,0,0.0,False,,,False,,,
internet_advertisements,f1112,int64,2,0,0.0,False,,,False,,,
internet_advertisements,f1113,int64,2,0,0.0,False,,,False,,,
internet_advertisements,f1114,int64,2,0,0.0,False,,,False,,,
internet_advertisements,f1115,int64,2,0,0.0,False,,,False,,,
internet_advertisements,f1116,int64,2,0,0.0,False,,,False,,,
internet_advertisements,f1117,int64,2,0,0.0,False,,,False,,,
internet_advertisements,f1118,int64,2,0,0.0,False,,,False,,,
internet_advertisements,f1119,int64,2,0,0.0,False,,,False,,,
internet_advertisements,f1120,int64,2,0,0.0,False,,,False,,,
internet_advertisements,f1121,int64,2,0,0.0,False,,,False,,,
internet_advertisements,f1122,int64,2,0,0.0,False,,,False,,,
internet_advertisements,f1123,int64,2,0,0.0,False,,,False,,,
internet_advertisements,f1124,int64,2,0,0.0,False,,,False,,,
internet_advertisements,f1125,int64,2,0,0.0,False,,,False,,,
internet_advertisements,f1126,int64,2,0,0.0,False,,,False,,,
internet_advertisements,f1127,int64,2,0,0.0,False,,,False,,,
internet_advertisements,f1128,int64,2,0,0.0,False,,,False,,,
internet_advertisements,f1129,int64,2,0,0.0,False,,,False,,,
internet_advertisements,f1130,int64,2,0,0.0,False,,,False,,,
internet_advertisements,f1131,int64,2,0,0.0,False,,,False,,,
internet_advertisements,f1132,int64,2,0,0.0,False,,,False,,,
internet_advertisements,f1133,int64,2,0,0.0,False,,,False,,,
internet_advertisements,f1134,int64,2,0,0.0,False,,,False,,,
internet_advertisements,f1135,int64,2,0,0.0,False,,,False,,,
internet_advertisements,f1136,int64,2,0,0.0,False,,,False,,,
internet_advertisements,f1137,int64,2,0,0.0,False,,,False,,,
internet_advertisements,f1138,int64,2,0,0.0,False,,,False,,,
internet_advertisements,f1139,int64,2,0,0.0,False,,,False,,,
internet_advertisements,f1140,int64,2,0,0.0,False,,,False,,,
internet_advertisements,f1141,int64,2,0,0.0,False,,,False,,,
internet_advertisements,f1142,int64,2,0,0.0,False,,,False,,,
internet_advertisements,f1143,int64,2,0,0.0,False,,,False,,,
internet_advertisements,f1144,int64,2,0,0.0,False,,,False,,,
internet_advertisements,f1145,int64,2,0,0.0,False,,,False,,,
internet_advertisements,f1146,int64,2,0,0.0,False,,,False,,,
internet_advertisements,f1147,int64,2,0,0.0,False,,,False,,,
internet_advertisements,f1148,int64,2,0,0.0,False,,,False,,,
internet_advertisements,f1149,int64,2,0,0.0,False,,,False,,,
internet_advertisements,f1150,int64,2,0,0.0,False,,,False,,,
internet_advertisements,f1151,int64,2,0,0.0,False,,,False,,,
internet_advertisements,f1152,int64,2,0,0.0,False,,,False,,,
internet_advertisements,f1153,int64,2,0,0.0,False,,,False,,,
internet_advertisements,f1154,int64,2,0,0.0,False,,,False,,,
internet_advertisements,f1155,int64,2,0,0.0,False,,,False,,,
internet_advertisements,f1156,int64,2,0,0.0,False,,,False,,,
internet_advertisements,f1157,int64,2,0,0.0,False,,,False,,,
internet_advertisements,f1158,int64,2,0,0.0,False,,,False,,,
internet_advertisements,f1159,int64,2,0,0.0,False,,,False,,,
internet_advertisements,f1160,int64,2,0,0.0,False,,,False,,,
internet_advertisements,f1161,int64,2,0,0.0,False,,,False,,,
internet_advertisements,f1162,int64,2,0,0.0,False,,,False,,,
internet_advertisements,f1163,int64,2,0,0.0,False,,,False,,,
internet_advertisements,f1164,int64,2,0,0.0,False,,,False,,,
internet_advertisements,f1165,int64,2,0,0.0,False,,,False,,,
internet_advertisements,f1166,int64,2,0,0.0,False,,,False,,,
internet_advertisements,f1167,int64,2,0,0.0,False,,,False,,,
internet_advertisements,f1168,int64,2,0,0.0,False,,,False,,,
internet_advertisements,f1169,int64,2,0,0.0,False,,,False,,,
internet_advertisements,f1170,int64,2,0,0.0,False,,,False,,,
internet_advertisements,f1171,int64,2,0,0.0,False,,,False,,,
internet_advertisements,f1172,int64,2,0,0.0,False,,,False,,,
internet_advertisements,f1173,int64,2,0,0.0,False,,,False,,,
internet_advertisements,f1174,int64,2,0,0.0,False,,,False,,,
internet_advertisements,f1175,int64,2,0,0.0,False,,,False,,,
internet_advertisements,f1176,int64,2,0,0.0,False,,,False,,,
internet_advertisements,f1177,int64,2,0,0.0,False,,,False,,,
internet_advertisements,f1178,int64,2,0,0.0,False,,,False,,,
internet_advertisements,f1179,int64,2,0,0.0,False,,,False,,,
internet_advertisements,f1180,int64,2,0,0.0,False,,,False,,,
internet_advertisements,f1181,int64,2,0,0.0,False,,,False,,,
internet_advertisements,f1182,int64,2,0,0.0,False,,,False,,,
internet_advertisements,f1183,int64,2,0,0.0,False,,,False,,,
internet_advertisements,f1184,int64,2,0,0.0,False,,,False,,,
internet_advertisements,f1185,int64,2,0,0.0,False,,,False,,,
internet_advertisements,f1186,int64,2,0,0.0,False,,,False,,,
internet_advertisements,f1187,int64,2,0,0.0,False,,,False,,,
internet_advertisements,f1188,int64,2,0,0.0,False,,,False,,,
internet_advertisements,f1189,int64,2,0,0.0,False,,,False,,,
internet_advertisements,f1190,int64,2,0,0.0,False,,,False,,,
internet_advertisements,f1191,int64,2,0,0.0,False,,,False,,,
internet_advertisements,f1192,int64,2,0,0.0,False,,,False,,,
internet_advertisements,f1193,int64,2,0,0.0,False,,,False,,,
internet_advertisements,f1194,int64,2,0,0.0,False,,,False,,,
internet_advertisements,f1195,int64,2,0,0.0,False,,,False,,,
internet_advertisements,f1196,int64,2,0,0.0,False,,,False,,,
internet_advertisements,f1197,int64,2,0,0.0,False,,,False,,,
internet_advertisements,f1198,int64,2,0,0.0,False,,,False,,,
internet_advertisements,f1199,int64,2,0,0.0,False,,,False,,,
internet_advertisements,f1200,int64,2,0,0.0,False,,,False,,,
internet_advertisements,f1201,int64,2,0,0.0,False,,,False,,,
internet_advertisements,f1202,int64,2,0,0.0,False,,,False,,,
internet_advertisements,f1203,int64,2,0,0.0,False,,,False,,,
internet_advertisements,f1204,int64,2,0,0.0,False,,,False,,,
internet_advertisements,f1205,int64,2,0,0.0,False,,,False,,,
internet_advertisements,f1206,int64,2,0,0.0,False,,,False,,,
internet_advertisements,f1207,int64,2,0,0.0,False,,,False,,,
internet_advertisements,f1208,int64,2,0,0.0,False,,,False,,,
internet_advertisements,f1209,int64,2,0,0.0,False,,,False,,,
internet_advertisements,f1210,int64,2,0,0.0,False,,,False,,,
internet_advertisements,f1211,int64,2,0,0.0,False,,,False,,,
internet_advertisements,f1212,int64,2,0,0.0,False,,,False,,,
internet_advertisements,f1213,int64,2,0,0.0,False,,,False,,,
internet_advertisements,f1214,int64,2,0,0.0,False,,,False,,,
internet_advertisements,f1215,int64,2,0,0.0,False,,,False,,,
internet_advertisements,f1216,int64,2,0,0.0,False,,,False,,,
internet_advertisements,f1217,int64,2,0,0.0,False,,,False,,,
internet_advertisements,f1218,int64,2,0,0.0,False,,,False,,,
internet_advertisements,f1219,int64,2,0,0.0,False,,,False,,,
internet_advertisements,f1220,int64,2,0,0.0,False,,,False,,,
internet_advertisements,f1221,int64,2,0,0.0,False,,,False,,,
internet_advertisements,f1222,int64,2,0,0.0,False,,,False,,,
internet_advertisements,f1223,int64,2,0,0.0,False,,,False,,,
internet_advertisements,f1224,int64,2,0,0.0,False,,,False,,,
internet_advertisements,f1225,int64,2,0,0.0,False,,,False,,,
internet_advertisements,f1226,int64,2,0,0.0,False,,,False,,,
internet_advertisements,f1227,int64,2,0,0.0,False,,,False,,,
internet_advertisements,f1228,int64,2,0,0.0,False,,,False,,,
internet_advertisements,f1229,int64,2,0,0.0,False,,,False,,,
internet_advertisements,f1230,int64,2,0,0.0,False,,,False,,,
internet_advertisements,f1231,int64,2,0,0.0,False,,,False,,,
internet_advertisements,f1232,int64,2,0,0.0,False,,,False,,,
internet_advertisements,f1233,int64,2,0,0.0,False,,,False,,,
internet_advertisements,f1234,int64,2,0,0.0,False,,,False,,,
internet_advertisements,f1235,int64,2,0,0.0,False,,,False,,,
internet_advertisements,f1236,int64,2,0,0.0,False,,,False,,,
internet_advertisements,f1237,int64,2,0,0.0,False,,,False,,,
internet_advertisements,f1238,int64,2,0,0.0,False,,,False,,,
internet_advertisements,f1239,int64,2,0,0.0,False,,,False,,,
internet_advertisements,f1240,int64,2,0,0.0,False,,,False,,,
internet_advertisements,f1241,int64,2,0,0.0,False,,,False,,,
internet_advertisements,f1242,int64,2,0,0.0,False,,,False,,,
internet_advertisements,f1243,int64,2,0,0.0,False,,,False,,,
internet_advertisements,f1244,int64,2,0,0.0,False,,,False,,,
internet_advertisements,f1245,int64,2,0,0.0,False,,,False,,,
internet_advertisements,f1246,int64,2,0,0.0,False,,,False,,,
internet_advertisements,f1247,int64,2,0,0.0,False,,,False,,,
internet_advertisements,f1248,int64,2,0,0.0,False,,,False,,,
internet_advertisements,f1249,int64,2,0,0.0,False,,,False,,,
internet_advertisements,f1250,int64,2,0,0.0,False,,,False,,,
internet_advertisements,f1251,int64,2,0,0.0,False,,,False,,,
internet_advertisements,f1252,int64,2,0,0.0,False,,,False,,,
internet_advertisements,f1253,int64,2,0,0.0,False,,,False,,,
internet_advertisements,f1254,int64,2,0,0.0,False,,,False,,,
internet_advertisements,f1255,int64,2,0,0.0,False,,,False,,,
internet_advertisements,f1256,int64,2,0,0.0,False,,,False,,,
internet_advertisements,f1257,int64,2,0,0.0,False,,,False,,,
internet_advertisements,f1258,int64,2,0,0.0,False,,,False,,,
internet_advertisements,f1259,int64,2,0,0.0,False,,,False,,,
internet_advertisements,f1260,int64,2,0,0.0,False,,,False,,,
internet_advertisements,f1261,int64,2,0,0.0,False,,,False,,,
internet_advertisements,f1262,int64,2,0,0.0,False,,,False,,,
internet_advertisements,f1263,int64,2,0,0.0,False,,,False,,,
internet_advertisements,f1264,int64,2,0,0.0,False,,,False,,,
internet_advertisements,f1265,int64,2,0,0.0,False,,,False,,,
internet_advertisements,f1266,int64,2,0,0.0,False,,,False,,,
internet_advertisements,f1267,int64,2,0,0.0,False,,,False,,,
internet_advertisements,f1268,int64,2,0,0.0,False,,,False,,,
internet_advertisements,f1269,int64,2,0,0.0,False,,,False,,,
internet_advertisements,f1270,int64,2,0,0.0,False,,,False,,,
internet_advertisements,f1271,int64,2,0,0.0,False,,,False,,,
internet_advertisements,f1272,int64,2,0,0.0,False,,,False,,,
internet_advertisements,f1273,int64,2,0,0.0,False,,,False,,,
internet_advertisements,f1274,int64,2,0,0.0,False,,,False,,,
internet_advertisements,f1275,int64,2,0,0.0,False,,,False,,,
internet_advertisements,f1276,int64,2,0,0.0,False,,,False,,,
internet_advertisements,f1277,int64,2,0,0.0,False,,,False,,,
internet_advertisements,f1278,int64,2,0,0.0,False,,,False,,,
internet_advertisements,f1279,int64,2,0,0.0,False,,,False,,,
internet_advertisements,f1280,int64,2,0,0.0,False,,,False,,,
internet_advertisements,f1281,int64,2,0,0.0,False,,,False,,,
internet_advertisements,f1282,int64,2,0,0.0,False,,,False,,,
internet_advertisements,f1283,int64,2,0,0.0,False,,,False,,,
internet_advertisements,f1284,int64,2,0,0.0,False,,,False,,,
internet_advertisements,f1285,int64,2,0,0.0,False,,,False,,,
internet_advertisements,f1286,int64,2,0,0.0,False,,,False,,,
internet_advertisements,f1287,int64,2,0,0.0,False,,,False,,,
internet_advertisements,f1288,int64,2,0,0.0,False,,,False,,,
internet_advertisements,f1289,int64,2,0,0.0,False,,,False,,,
internet_advertisements,f1290,int64,2,0,0.0,False,,,False,,,
internet_advertisements,f1291,int64,2,0,0.0,False,,,False,,,
internet_advertisements,f1292,int64,2,0,0.0,False,,,False,,,
internet_advertisements,f1293,int64,2,0,0.0,False,,,False,,,
internet_advertisements,f1294,int64,2,0,0.0,False,,,False,,,
internet_advertisements,f1295,int64,2,0,0.0,False,,,False,,,
internet_advertisements,f1296,int64,2,0,0.0,False,,,False,,,
internet_advertisements,f1297,int64,2,0,0.0,False,,,False,,,
internet_advertisements,f1298,int64,2,0,0.0,False,,,False,,,
internet_advertisements,f1299,int64,2,0,0.0,False,,,False,,,
internet_advertisements,f1300,int64,2,0,0.0,False,,,False,,,
internet_advertisements,f1301,int64,2,0,0.0,False,,,False,,,
internet_advertisements,f1302,int64,2,0,0.0,False,,,False,,,
internet_advertisements,f1303,int64,2,0,0.0,False,,,False,,,
internet_advertisements,f1304,int64,2,0,0.0,False,,,False,,,
internet_advertisements,f1305,int64,2,0,0.0,False,,,False,,,
internet_advertisements,f1306,int64,2,0,0.0,False,,,False,,,
internet_advertisements,f1307,int64,2,0,0.0,False,,,False,,,
internet_advertisements,f1308,int64,2,0,0.0,False,,,False,,,
internet_advertisements,f1309,int64,2,0,0.0,False,,,False,,,
internet_advertisements,f1310,int64,2,0,0.0,False,,,False,,,
internet_advertisements,f1311,int64,2,0,0.0,False,,,False,,,
internet_advertisements,f1312,int64,2,0,0.0,False,,,False,,,
internet_advertisements,f1313,int64,2,0,0.0,False,,,False,,,
internet_advertisements,f1314,int64,2,0,0.0,False,,,False,,,
internet_advertisements,f1315,int64,2,0,0.0,False,,,False,,,
internet_advertisements,f1316,int64,2,0,0.0,False,,,False,,,
internet_advertisements,f1317,int64,2,0,0.0,False,,,False,,,
internet_advertisements,f1318,int64,2,0,0.0,False,,,False,,,
internet_advertisements,f1319,int64,2,0,0.0,False,,,False,,,
internet_advertisements,f1320,int64,2,0,0.0,False,,,False,,,
internet_advertisements,f1321,int64,2,0,0.0,False,,,False,,,
internet_advertisements,f1322,int64,2,0,0.0,False,,,False,,,
internet_advertisements,f1323,int64,2,0,0.0,False,,,False,,,
internet_advertisements,f1324,int64,2,0,0.0,False,,,False,,,
internet_advertisements,f1325,int64,2,0,0.0,False,,,False,,,
internet_advertisements,f1326,int64,2,0,0.0,False,,,False,,,
internet_advertisements,f1327,int64,2,0,0.0,False,,,False,,,
internet_advertisements,f1328,int64,2,0,0.0,False,,,False,,,
internet_advertisements,f1329,int64,2,0,0.0,False,,,False,,,
internet_advertisements,f1330,int64,2,0,0.0,False,,,False,,,
internet_advertisements,f1331,int64,2,0,0.0,False,,,False,,,
internet_advertisements,f1332,int64,2,0,0.0,False,,,False,,,
internet_advertisements,f1333,int64,2,0,0.0,False,,,False,,,
internet_advertisements,f1334,int64,2,0,0.0,False,,,False,,,
internet_advertisements,f1335,int64,2,0,0.0,False,,,False,,,
internet_advertisements,f1336,int64,2,0,0.0,False,,,False,,,
internet_advertisements,f1337,int64,2,0,0.0,False,,,False,,,
internet_advertisements,f1338,int64,2,0,0.0,False,,,False,,,
internet_advertisements,f1339,int64,2,0,0.0,False,,,False,,,
internet_advertisements,f1340,int64,2,0,0.0,False,,,False,,,
internet_advertisements,f1341,int64,2,0,0.0,False,,,False,,,
internet_advertisements,f1342,int64,2,0,0.0,False,,,False,,,
internet_advertisements,f1343,int64,2,0,0.0,False,,,False,,,
internet_advertisements,f1344,int64,2,0,0.0,False,,,False,,,
internet_advertisements,f1345,int64,2,0,0.0,False,,,False,,,
internet_advertisements,f1346,int64,2,0,0.0,False,,,False,,,
internet_advertisements,f1347,int64,2,0,0.0,False,,,False,,,
internet_advertisements,f1348,int64,2,0,0.0,False,,,False,,,
internet_advertisements,f1349,int64,2,0,0.0,False,,,False,,,
internet_advertisements,f1350,int64,2,0,0.0,False,,,False,,,
internet_advertisements,f1351,int64,2,0,0.0,False,,,False,,,
internet_advertisements,f1352,int64,2,0,0.0,False,,,False,,,
internet_advertisements,f1353,int64,2,0,0.0,False,,,False,,,
internet_advertisements,f1354,int64,2,0,0.0,False,,,False,,,
internet_advertisements,f1355,int64,2,0,0.0,False,,,False,,,
internet_advertisements,f1356,int64,2,0,0.0,False,,,False,,,
internet_advertisements,f1357,int64,2,0,0.0,False,,,False,,,
internet_advertisements,f1358,int64,2,0,0.0,False,,,False,,,
internet_advertisements,f1359,int64,2,0,0.0,False,,,False,,,
internet_advertisements,f1360,int64,2,0,0.0,False,,,False,,,
internet_advertisements,f1361,int64,2,0,0.0,False,,,False,,,
internet_advertisements,f1362,int64,2,0,0.0,False,,,False,,,
internet_advertisements,f1363,int64,2,0,0.0,False,,,False,,,
internet_advertisements,f1364,int64,2,0,0.0,False,,,False,,,
internet_advertisements,f1365,int64,2,0,0.0,False,,,False,,,
internet_advertisements,f1366,int64,2,0,0.0,False,,,False,,,
internet_advertisements,f1367,int64,2,0,0.0,False,,,False,,,
internet_advertisements,f1368,int64,2,0,0.0,False,,,False,,,
internet_advertisements,f1369,int64,2,0,0.0,False,,,False,,,
internet_advertisements,f1370,int64,2,0,0.0,False,,,False,,,
internet_advertisements,f1371,int64,2,0,0.0,False,,,False,,,
internet_advertisements,f1372,int64,2,0,0.0,False,,,False,,,
internet_advertisements,f1373,int64,2,0,0.0,False,,,False,,,
internet_advertisements,f1374,int64,2,0,0.0,False,,,False,,,
internet_advertisements,f1375,int64,2,0,0.0,False,,,False,,,
internet_advertisements,f1376,int64,2,0,0.0,False,,,False,,,
internet_advertisements,f1377,int64,2,0,0.0,False,,,False,,,
internet_advertisements,f1378,int64,2,0,0.0,False,,,False,,,
internet_advertisements,f1379,int64,2,0,0.0,False,,,False,,,
internet_advertisements,f1380,int64,2,0,0.0,False,,,False,,,
internet_advertisements,f1381,int64,2,0,0.0,False,,,False,,,
internet_advertisements,f1382,int64,2,0,0.0,False,,,False,,,
internet_advertisements,f1383,int64,2,0,0.0,False,,,False,,,
internet_advertisements,f1384,int64,2,0,0.0,False,,,False,,,
internet_advertisements,f1385,int64,2,0,0.0,False,,,False,,,
internet_advertisements,f1386,int64,2,0,0.0,False,,,False,,,
internet_advertisements,f1387,int64,2,0,0.0,False,,,False,,,
internet_advertisements,f1388,int64,2,0,0.0,False,,,False,,,
internet_advertisements,f1389,int64,2,0,0.0,False,,,False,,,
internet_advertisements,f1390,int64,2,0,0.0,False,,,False,,,
internet_advertisements,f1391,int64,2,0,0.0,False,,,False,,,
internet_advertisements,f1392,int64,2,0,0.0,False,,,False,,,
internet_advertisements,f1393,int64,2,0,0.0,False,,,False,,,
internet_advertisements,f1394,int64,2,0,0.0,False,,,False,,,
internet_advertisements,f1395,int64,2,0,0.0,False,,,False,,,
internet_advertisements,f1396,int64,2,0,0.0,False,,,False,,,
internet_advertisements,f1397,int64,2,0,0.0,False,,,False,,,
internet_advertisements,f1398,int64,2,0,0.0,False,,,False,,,
internet_advertisements,f1399,int64,2,0,0.0,False,,,False,,,
internet_advertisements,f1400,int64,2,0,0.0,False,,,False,,,
internet_advertisements,f1401,int64,2,0,0.0,False,,,False,,,
internet_advertisements,f1402,int64,2,0,0.0,False,,,False,,,
internet_advertisements,f1403,int64,2,0,0.0,False,,,False,,,
internet_advertisements,f1404,int64,2,0,0.0,False,,,False,,,
internet_advertisements,f1405,int64,2,0,0.0,False,,,False,,,
internet_advertisements,f1406,int64,2,0,0.0,False,,,False,,,
internet_advertisements,f1407,int64,2,0,0.0,False,,,False,,,
internet_advertisements,f1408,int64,2,0,0.0,False,,,False,,,
internet_advertisements,f1409,int64,2,0,0.0,False,,,False,,,
internet_advertisements,f1410,int64,2,0,0.0,False,,,False,,,
internet_advertisements,f1411,int64,2,0,0.0,False,,,False,,,
internet_advertisements,f1412,int64,2,0,0.0,False,,,False,,,
internet_advertisements,f1413,int64,2,0,0.0,False,,,False,,,
internet_advertisements,f1414,int64,2,0,0.0,False,,,False,,,
internet_advertisements,f1415,int64,2,0,0.0,False,,,False,,,
internet_advertisements,f1416,int64,2,0,0.0,False,,,False,,,
internet_advertisements,f1417,int64,2,0,0.0,False,,,False,,,
internet_advertisements,f1418,int64,2,0,0.0,False,,,False,,,
internet_advertisements,f1419,int64,2,0,0.0,False,,,False,,,
internet_advertisements,f1420,int64,2,0,0.0,False,,,False,,,
internet_advertisements,f1421,int64,2,0,0.0,False,,,False,,,
internet_advertisements,f1422,int64,2,0,0.0,False,,,False,,,
internet_advertisements,f1423,int64,2,0,0.0,False,,,False,,,
internet_advertisements,f1424,int64,2,0,0.0,False,,,False,,,
internet_advertisements,f1425,int64,2,0,0.0,False,,,False,,,
internet_advertisements,f1426,int64,2,0,0.0,False,,,False,,,
internet_advertisements,f1427,int64,2,0,0.0,False,,,False,,,
internet_advertisements,f1428,int64,2,0,0.0,False,,,False,,,
internet_advertisements,f1429,int64,2,0,0.0,False,,,False,,,
internet_advertisements,f1430,int64,2,0,0.0,False,,,False,,,
internet_advertisements,f1431,int64,2,0,0.0,False,,,False,,,
internet_advertisements,f1432,int64,2,0,0.0,False,,,False,,,
internet_advertisements,f1433,int64,2,0,0.0,False,,,False,,,
internet_advertisements,f1434,int64,2,0,0.0,False,,,False,,,
internet_advertisements,f1435,int64,2,0,0.0,False,,,False,,,
internet_advertisements,f1436,int64,2,0,0.0,False,,,False,,,
internet_advertisements,f1437,int64,2,0,0.0,False,,,False,,,
internet_advertisements,f1438,int64,2,0,0.0,False,,,False,,,
internet_advertisements,f1439,int64,2,0,0.0,False,,,False,,,
internet_advertisements,f1440,int64,2,0,0.0,False,,,False,,,
internet_advertisements,f1441,int64,2,0,0.0,False,,,False,,,
internet_advertisements,f1442,int64,2,0,0.0,False,,,False,,,
internet_advertisements,f1443,int64,2,0,0.0,False,,,False,,,
internet_advertisements,f1444,int64,2,0,0.0,False,,,False,,,
internet_advertisements,f1445,int64,2,0,0.0,False,,,False,,,
internet_advertisements,f1446,int64,2,0,0.0,False,,,False,,,
internet_advertisements,f1447,int64,2,0,0.0,False,,,False,,,
internet_advertisements,f1448,int64,2,0,0.0,False,,,False,,,
internet_advertisements,f1449,int64,2,0,0.0,False,,,False,,,
internet_advertisements,f1450,int64,2,0,0.0,False,,,False,,,
internet_advertisements,f1451,int64,2,0,0.0,False,,,False,,,
internet_advertisements,f1452,int64,2,0,0.0,False,,,False,,,
internet_advertisements,f1453,int64,2,0,0.0,False,,,False,,,
internet_advertisements,f1454,int64,2,0,0.0,False,,,False,,,
internet_advertisements,f1455,int64,2,0,0.0,False,,,False,,,
internet_advertisements,f1456,int64,2,0,0.0,False,,,False,,,
internet_advertisements,f1457,int64,2,0,0.0,False,,,False,,,
internet_advertisements,f1458,int64,2,0,0.0,False,,,False,,,
internet_advertisements,f1459,int64,2,0,0.0,False,,,False,,,
internet_advertisements,f1460,int64,2,0,0.0,False,,,False,,,
internet_advertisements,f1461,int64,2,0,0.0,False,,,False,,,
internet_advertisements,f1462,int64,2,0,0.0,False,,,False,,,
internet_advertisements,f1463,int64,2,0,0.0,False,,,False,,,
internet_advertisements,f1464,int64,2,0,0.0,False,,,False,,,
internet_advertisements,f1465,int64,2,0,0.0,False,,,False,,,
internet_advertisements,f1466,int64,2,0,0.0,False,,,False,,,
internet_advertisements,f1467,int64,2,0,0.0,False,,,False,,,
internet_advertisements,f1468,int64,2,0,0.0,False,,,False,,,
internet_advertisements,f1469,int64,2,0,0.0,False,,,False,,,
internet_advertisements,f1470,int64,2,0,0.0,False,,,False,,,
internet_advertisements,f1471,int64,2,0,0.0,False,,,False,,,
internet_advertisements,f1472,int64,2,0,0.0,False,,,False,,,
internet_advertisements,f1473,int64,2,0,0.0,False,,,False,,,
internet_advertisements,f1474,int64,2,0,0.0,False,,,False,,,
internet_advertisements,f1475,int64,2,0,0.0,False,,,False,,,
internet_advertisements,f1476,int64,2,0,0.0,False,,,False,,,
internet_advertisements,f1477,int64,2,0,0.0,False,,,False,,,
internet_advertisements,f1478,int64,2,0,0.0,False,,,False,,,
internet_advertisements,f1479,int64,2,0,0.0,False,,,False,,,
internet_advertisements,f1480,int64,2,0,0.0,False,,,False,,,
internet_advertisements,f1481,int64,2,0,0.0,False,,,False,,,
internet_advertisements,f1482,int64,2,0,0.0,False,,,False,,,
internet_advertisements,f1483,int64,2,0,0.0,False,,,False,,,
internet_advertisements,f1484,int64,2,0,0.0,False,,,False,,,
internet_advertisements,f1485,int64,2,0,0.0,False,,,False,,,
internet_advertisements,f1486,int64,2,0,0.0,False,,,False,,,
internet_advertisements,f1487,int64,2,0,0.0,False,,,False,,,
internet_advertisements,f1488,int64,2,0,0.0,False,,,False,,,
internet_advertisements,f1489,int64,2,0,0.0,False,,,False,,,
internet_advertisements,f1490,int64,2,0,0.0,False,,,False,,,
internet_advertisements,f1491,int64,2,0,0.0,False,,,False,,,
internet_advertisements,f1492,int64,2,0,0.0,False,,,False,,,
internet_advertisements,f1493,int64,2,0,0.0,False,,,False,,,
internet_advertisements,f1494,int64,2,0,0.0,False,,,False,,,
internet_advertisements,f1495,int64,2,0,0.0,False,,,False,,,
internet_advertisements,f1496,int64,2,0,0.0,False,,,False,,,
internet_advertisements,f1497,int64,2,0,0.0,False,,,False,,,
internet_advertisements,f1498,int64,2,0,0.0,False,,,False,,,
internet_advertisements,f1499,int64,2,0,0.0,False,,,False,,,
internet_advertisements,f1500,int64,2,0,0.0,False,,,False,,,
internet_advertisements,f1501,int64,2,0,0.0,False,,,False,,,
internet_advertisements,f1502,int64,2,0,0.0,False,,,False,,,
internet_advertisements,f1503,int64,2,0,0.0,False,,,False,,,
internet_advertisements,f1504,int64,2,0,0.0,False,,,False,,,
internet_advertisements,f1505,int64,2,0,0.0,False,,,False,,,
internet_advertisements,f1506,int64,2,0,0.0,False,,,False,,,
internet_advertisements,f1507,int64,2,0,0.0,False,,,False,,,
internet_advertisements,f1508,int64,2,0,0.0,False,,,False,,,
internet_advertisements,f1509,int64,2,0,0.0,False,,,False,,,
internet_advertisements,f1510,int64,2,0,0.0,False,,,False,,,
internet_advertisements,f1511,int64,2,0,0.0,False,,,False,,,
internet_advertisements,f1512,int64,2,0,0.0,False,,,False,,,
internet_advertisements,f1513,int64,2,0,0.0,False,,,False,,,
internet_advertisements,f1514,int64,2,0,0.0,False,,,False,,,
internet_advertisements,f1515,int64,2,0,0.0,False,,,False,,,
internet_advertisements,f1516,int64,2,0,0.0,False,,,False,,,
internet_advertisements,f1517,int64,2,0,0.0,False,,,False,,,
internet_advertisements,f1518,int64,2,0,0.0,False,,,False,,,
internet_advertisements,f1519,int64,2,0,0.0,False,,,False,,,
internet_advertisements,f1520,int64,2,0,0.0,False,,,False,,,
internet_advertisements,f1521,int64,2,0,0.0,False,,,False,,,
internet_advertisements,f1522,int64,2,0,0.0,False,,,False,,,
internet_advertisements,f1523,int64,2,0,0.0,False,,,False,,,
internet_advertisements,f1524,int64,2,0,0.0,False,,,False,,,
internet_advertisements,f1525,int64,2,0,0.0,False,,,False,,,
internet_advertisements,f1526,int64,2,0,0.0,False,,,False,,,
internet_advertisements,f1527,int64,2,0,0.0,False,,,False,,,
internet_advertisements,f1528,int64,2,0,0.0,False,,,False,,,
internet_advertisements,f1529,int64,2,0,0.0,False,,,False,,,
internet_advertisements,f1530,int64,2,0,0.0,False,,,False,,,
internet_advertisements,f1531,int64,2,0,0.0,False,,,False,,,
internet_advertisements,f1532,int64,2,0,0.0,False,,,False,,,
internet_advertisements,f1533,int64,2,0,0.0,False,,,False,,,
internet_advertisements,f1534,int64,2,0,0.0,False,,,False,,,
internet_advertisements,f1535,int64,2,0,0.0,False,,,False,,,
internet_advertisements,f1536,int64,2,0,0.0,False,,,False,,,
internet_advertisements,f1537,int64,2,0,0.0,False,,,False,,,
internet_advertisements,f1538,int64,2,0,0.0,False,,,False,,,
internet_advertisements,f1539,int64,2,0,0.0,False,,,False,,,
internet_advertisements,f1540,int64,2,0,0.0,False,,,False,,,
internet_advertisements,f1541,int64,2,0,0.0,False,,,False,,,
internet_advertisements,f1542,int64,2,0,0.0,False,,,False,,,
internet_advertisements,f1543,int64,2,0,0.0,False,,,False,,,
internet_advertisements,f1544,int64,2,0,0.0,False,,,False,,,
internet_advertisements,f1545,int64,2,0,0.0,False,,,False,,,
internet_advertisements,f1546,int64,2,0,0.0,False,,,False,,,
internet_advertisements,f1547,int64,2,0,0.0,False,,,False,,,
internet_advertisements,f1548,int64,2,0,0.0,False,,,False,,,
internet_advertisements,f1549,int64,2,0,0.0,False,,,False,,,
internet_advertisements,f1550,int64,2,0,0.0,False,,,False,,,
internet_advertisements,f1551,int64,2,0,0.0,False,,,False,,,
internet_advertisements,f1552,int64,2,0,0.0,False,,,False,,,
internet_advertisements,f1553,int64,2,0,0.0,False,,,False,,,
internet_advertisements,f1554,int64,2,0,0.0,False,,,False,,,
internet_advertisements,f1555,int64,2,0,0.0,False,,,False,,,
internet_advertisements,f1556,int64,2,0,0.0,False,,,False,,,
internet_advertisements,f1557,int64,2,0,0.0,False,,,False,,,
mushroom,cap_shape,object,6,0,0.0,False,,,False,,,
mushroom,cap_surface,object,4,0,0.0,False,,,False,,,
mushroom,cap_color,object,10,0,0.0,False,,,False,,,
mushroom,bruises,object,2,0,0.0,False,,,False,,,
mushroom,odor,object,9,0,0.0,False,,,False,,,
mushroom,gill_attachment,object,2,0,0.0,False,,,False,,,
mushroom,gill_spacing,object,2,0,0.0,False,,,False,,,
mushroom,gill_size,object,2,0,0.0,False,,,False,,,
mushroom,gill_color,object,12,0,0.0,False,,,False,,,
mushroom,stalk_shape,object,2,0,0.0,False,,,False,,,
mushroom,stalk_root,object,4,2480,30.526834071885773,False,,,False,,,
mushroom,stalk_surface_above_ring,object,4,0,0.0,False,,,False,,,
mushroom,stalk_surface_below_ring,object,4,0,0.0,False,,,False,,,
mushroom,stalk_color_above_ring,object,9,0,0.0,False,,,False,,,
mushroom,stalk_color_below_ring,object,9,0,0.0,False,,,False,,,
mushroom,veil_type,object,1,0,0.0,False,,,False,,,
mushroom,veil_color,object,4,0,0.0,False,,,False,,,
mushroom,ring_number,object,3,0,0.0,False,,,False,,,
mushroom,ring_type,object,5,0,0.0,False,,,False,,,
mushroom,spore_print_color,object,9,0,0.0,False,,,False,,,
mushroom,population,object,6,0,0.0,False,,,False,,,
mushroom,habitat,object,7,0,0.0,False,,,False,,,
predict_students_dropout_and_academic_success,Marital status,int64,6,0,0.0,False,,,False,,,
predict_students_dropout_and_academic_success,Application mode,int64,18,0,0.0,False,,,False,,,
predict_students_dropout_and_academic_success,Application order,int64,8,0,0.0,False,,,False,,,
predict_students_dropout_and_academic_success,Course,int64,17,0,0.0,False,,,False,,,
predict_students_dropout_and_academic_success,Daytime/evening attendance,int64,2,0,0.0,False,,,False,,,
predict_students_dropout_and_academic_success,Previous qualification,int64,17,0,0.0,False,,,False,,,
predict_students_dropout_and_academic_success,Previous qualification (grade),float64,101,0,0.0,False,,,False,,,
predict_students_dropout_and_academic_success,Nacionality,int64,21,0,0.0,False,,,False,,,
predict_students_dropout_and_academic_success,Mother's qualification,int64,29,0,0.0,False,,,False,,,
predict_students_dropout_and_academic_success,Father's qualification,int64,34,0,0.0,False,,,False,,,
predict_students_dropout_and_academic_success,Mother's occupation,int64,32,0,0.0,False,,,False,,,
predict_students_dropout_and_academic_success,Father's occupation,int64,46,0,0.0,False,,,False,,,
predict_students_dropout_and_academic_success,Admission grade,float64,620,0,0.0,False,,,False,,,
predict_students_dropout_and_academic_success,Displaced,int64,2,0,0.0,False,,,False,,,
predict_students_dropout_and_academic_success,Educational special needs,int64,2,0,0.0,False,,,False,,,
predict_students_dropout_and_academic_success,Debtor,int64,2,0,0.0,False,,,False,,,
predict_students_dropout_and_academic_success,Tuition fees up to date,int64,2,0,0.0,False,,,False,,,
predict_students_dropout_and_academic_success,Gender,int64,2,0,0.0,False,,,False,,,
predict_students_dropout_and_academic_success,Scholarship holder,int64,2,0,0.0,False,,,False,,,
predict_students_dropout_and_academic_success,Age at enrollment,int64,46,0,0.0,False,,,False,,,
predict_students_dropout_and_academic_success,International,int64,2,0,0.0,False,,,False,,,
predict_students_dropout_and_academic_success,Curricular units 1st sem (credited),int64,21,0,0.0,False,,,False,,,
predict_students_dropout_and_academic_success,Curricular units 1st sem (enrolled),int64,23,0,0.0,False,,,False,,,
predict_students_dropout_and_academic_success,Curricular units 1st sem (evaluations),int64,35,0,0.0,False,,,False,,,
predict_students_dropout_and_academic_success,Curricular units 1st sem (approved),int64,23,0,0.0,False,,,False,,,
predict_students_dropout_and_academic_success,Curricular units 1st sem (grade),float64,805,0,0.0,False,,,False,,,
predict_students_dropout_and_academic_success,Curricular units 1st sem (without evaluations),int64,11,0,0.0,False,,,False,,,
predict_students_dropout_and_academic_success,Curricular units 2nd sem (credited),int64,19,0,0.0,False,,,False,,,
predict_students_dropout_and_academic_success,Curricular units 2nd sem (enrolled),int64,22,0,0.0,False,,,False,,,
predict_students_dropout_and_academic_success,Curricular units 2nd sem (evaluations),int64,30,0,0.0,False,,,False,,,
predict_students_dropout_and_academic_success,Curricular units 2nd sem (approved),int64,20,0,0.0,False,,,False,,,
predict_students_dropout_and_academic_success,Curricular units 2nd sem (grade),float64,786,0,0.0,False,,,False,,,
predict_students_dropout_and_academic_success,Curricular units 2nd sem (without evaluations),int64,10,0,0.0,False,,,False,,,
predict_students_dropout_and_academic_success,Unemployment rate,float64,10,0,0.0,False,,,False,,,
predict_students_dropout_and_academic_success,Inflation rate,float64,9,0,0.0,False,,,False,,,
predict_students_dropout_and_academic_success,GDP,float64,10,0,0.0,False,,,False,,,
productivity_prediction_of_garment_employees,date,object,59,0,0.0,False,,,False,,,
productivity_prediction_of_garment_employees,quarter,object,5,0,0.0,False,,,False,,,
productivity_prediction_of_garment_employees,department,object,2,0,0.0,False,,,False,,,
productivity_prediction_of_garment_employees,day,object,6,0,0.0,False,,,False,,,
productivity_prediction_of_garment_employees,team,int64,12,0,0.0,False,,,False,,,
productivity_prediction_of_garment_employees,targeted_productivity,float64,9,0,0.0,False,,,False,,,
productivity_prediction_of_garment_employees,smv,float64,70,0,0.0,False,,,False,,,
productivity_prediction_of_garment_employees,wip,float64,548,506,42.272347535505425,False,,,False,,,
productivity_prediction_of_garment_employees,over_time,int64,143,0,0.0,False,,,False,,,
productivity_prediction_of_garment_employees,incentive,int64,48,0,0.0,False,,,False,,,
productivity_prediction_of_garment_employees,idle_time,float64,12,0,0.0,False,,,False,,,
productivity_prediction_of_garment_employees,idle_men,int64,10,0,0.0,False,,,False,,,
productivity_prediction_of_garment_employees,no_of_style_change,int64,3,0,0.0,False,,,False,,,
productivity_prediction_of_garment_employees,no_of_workers,float64,61,0,0.0,False,,,False,,,
