condition,analysis,dataset,display_name,file,target,target_transform,model,seed,fold,cv_protocol,n_splits_or_total_folds,stratified,grouped,n_rows,n_features,n_classes,n_boolean,n_categorical,n_numerical,accuracy,balanced_accuracy,precision_weighted,recall_weighted,f1_weighted,precision_macro,recall_macro,f1_macro,roc_auc_weighted,train_time_s,inference_time_s,peak_memory_mb,status
with_duration,bank_duration_sensitivity:with_duration,bank_marketing,Bank,C:\inetpub\wwwroot\up\uni\mlm\NBEM_Major_Revision_STAGE1_READY_TO_RUN\NBEM_Major_Revision_STAGE1_READY_TO_RUN\datasets\processed\bank_marketing\bank_marketing.csv,y,none,WNB,13,1,StratifiedKFold_10,10,True,False,45211,16,2,3,6,7,0.883016364440513,0.5,0.7797178998697409,0.883016364440513,0.828158389479969,0.4415081822202565,0.5,0.46893716970052846,0.8735558967323251,0.24872855469584465,0.006392889656126499,7.287870407104492,OK
with_duration,bank_duration_sensitivity:with_duration,bank_marketing,Bank,C:\inetpub\wwwroot\up\uni\mlm\NBEM_Major_Revision_STAGE1_READY_TO_RUN\NBEM_Major_Revision_STAGE1_READY_TO_RUN\datasets\processed\bank_marketing\bank_marketing.csv,y,none,NBEM,13,1,StratifiedKFold_10,10,True,False,45211,16,2,3,6,7,0.8889871738168952,0.5796372385133342,0.8631998348362332,0.8889871738168952,0.8615941407215375,0.7424872102024312,0.5796372385133342,0.6051361227693233,0.8660945880243166,0.038785358890891075,0.03834196645766497,3.935148239135742,OK
with_duration,bank_duration_sensitivity:with_duration,bank_marketing,Bank,C:\inetpub\wwwroot\up\uni\mlm\NBEM_Major_Revision_STAGE1_READY_TO_RUN\NBEM_Major_Revision_STAGE1_READY_TO_RUN\datasets\processed\bank_marketing\bank_marketing.csv,y,none,Adaptive Weighted NBEM,13,1,StratifiedKFold_10,10,True,False,45211,16,2,3,6,7,0.8861123396727112,0.5493107740057388,0.8554412882085438,0.8861123396727112,0.8504684140552943,0.7310331825037708,0.5493107740057388,0.561310197805336,0.8709144594723184,0.06710228510200977,0.04639907553792,3.914548873901367,OK
with_duration,bank_duration_sensitivity:with_duration,bank_marketing,Bank,C:\inetpub\wwwroot\up\uni\mlm\NBEM_Major_Revision_STAGE1_READY_TO_RUN\NBEM_Major_Revision_STAGE1_READY_TO_RUN\datasets\processed\bank_marketing\bank_marketing.csv,y,none,Hybrid NBEM,13,1,StratifiedKFold_10,10,True,False,45211,16,2,3,6,7,0.9066784608580274,0.7241282830965532,0.8985185781878392,0.9066784608580274,0.9012987068214028,0.78267499798484,0.7241282830965532,0.7485489692569121,0.9205078641876592,67.07619568798691,0.1385953575372696,61.23920917510986,OK
with_duration,bank_duration_sensitivity:with_duration,bank_marketing,Bank,C:\inetpub\wwwroot\up\uni\mlm\NBEM_Major_Revision_STAGE1_READY_TO_RUN\NBEM_Major_Revision_STAGE1_READY_TO_RUN\datasets\processed\bank_marketing\bank_marketing.csv,y,none,WNB,13,2,StratifiedKFold_10,10,True,False,45211,16,2,3,6,7,0.8832116788321168,0.5,0.7800628696254462,0.8832116788321168,0.8284388615402025,0.4416058394160584,0.5,0.4689922480620155,0.8731198157381477,0.17312961164861917,0.007131451740860939,7.213342666625977,OK
with_duration,bank_duration_sensitivity:with_duration,bank_marketing,Bank,C:\inetpub\wwwroot\up\uni\mlm\NBEM_Major_Revision_STAGE1_READY_TO_RUN\NBEM_Major_Revision_STAGE1_READY_TO_RUN\datasets\processed\bank_marketing\bank_marketing.csv,y,none,NBEM,13,2,StratifiedKFold_10,10,True,False,45211,16,2,3,6,7,0.88940499889405,0.579107187578262,0.863866844437241,0.88940499889405,0.8617921149325771,0.7449290686404089,0.579107187578262,0.6045914619043421,0.8639797676236443,0.03570339363068342,0.018462750129401684,3.913745880126953,OK
with_duration,bank_duration_sensitivity:with_duration,bank_marketing,Bank,C:\inetpub\wwwroot\up\uni\mlm\NBEM_Major_Revision_STAGE1_READY_TO_RUN\NBEM_Major_Revision_STAGE1_READY_TO_RUN\datasets\processed\bank_marketing\bank_marketing.csv,y,none,Adaptive Weighted NBEM,13,2,StratifiedKFold_10,10,True,False,45211,16,2,3,6,7,0.8878566688785667,0.5543998873027799,0.8602834417645193,0.8878566688785667,0.8532075644900625,0.7473505434782608,0.5543998873027799,0.5693797944991233,0.8669651056014692,0.03518012072890997,0.02650405466556549,3.9132328033447266,OK
with_duration,bank_duration_sensitivity:with_duration,bank_marketing,Bank,C:\inetpub\wwwroot\up\uni\mlm\NBEM_Major_Revision_STAGE1_READY_TO_RUN\NBEM_Major_Revision_STAGE1_READY_TO_RUN\datasets\processed\bank_marketing\bank_marketing.csv,y,none,Hybrid NBEM,13,2,StratifiedKFold_10,10,True,False,45211,16,2,3,6,7,0.9040035390400354,0.6999514775857751,0.8931589982108938,0.9040035390400354,0.8961446062332059,0.7785970043908461,0.6999514775857751,0.7301006905279375,0.9190164226790823,56.5214409166947,0.14194600842893124,61.17016315460205,OK
with_duration,bank_duration_sensitivity:with_duration,bank_marketing,Bank,C:\inetpub\wwwroot\up\uni\mlm\NBEM_Major_Revision_STAGE1_READY_TO_RUN\NBEM_Major_Revision_STAGE1_READY_TO_RUN\datasets\processed\bank_marketing\bank_marketing.csv,y,none,WNB,13,3,StratifiedKFold_10,10,True,False,45211,16,2,3,6,7,0.8829904888299049,0.5,0.7796722033640744,0.8829904888299049,0.8281212337387478,0.44149524441495247,0.5,0.46892987196053093,0.8615489485587431,0.1802243273705244,0.007216457277536392,7.203545570373535,OK
with_duration,bank_duration_sensitivity:with_duration,bank_marketing,Bank,C:\inetpub\wwwroot\up\uni\mlm\NBEM_Major_Revision_STAGE1_READY_TO_RUN\NBEM_Major_Revision_STAGE1_READY_TO_RUN\datasets\processed\bank_marketing\bank_marketing.csv,y,none,NBEM,13,3,StratifiedKFold_10,10,True,False,45211,16,2,3,6,7,0.8832116788321168,0.5657195771505203,0.8509730728817947,0.8832116788321168,0.8543941292103816,0.7001051101710312,0.5657195771505203,0.5846774418047892,0.8498078387398617,0.04230046644806862,0.03732318803668022,3.9135360717773438,OK
with_duration,bank_duration_sensitivity:with_duration,bank_marketing,Bank,C:\inetpub\wwwroot\up\uni\mlm\NBEM_Major_Revision_STAGE1_READY_TO_RUN\NBEM_Major_Revision_STAGE1_READY_TO_RUN\datasets\processed\bank_marketing\bank_marketing.csv,y,none,Adaptive Weighted NBEM,13,3,StratifiedKFold_10,10,True,False,45211,16,2,3,6,7,0.8847600088476001,0.5518376071613927,0.8519190316980623,0.8847600088476001,0.8506993402705302,0.7142334337938863,0.5518376071613927,0.5651010466085618,0.8546677475934856,0.06873403955250978,0.05125333275645971,3.9128026962280273,OK
with_duration,bank_duration_sensitivity:with_duration,bank_marketing,Bank,C:\inetpub\wwwroot\up\uni\mlm\NBEM_Major_Revision_STAGE1_READY_TO_RUN\NBEM_Major_Revision_STAGE1_READY_TO_RUN\datasets\processed\bank_marketing\bank_marketing.csv,y,none,Hybrid NBEM,13,3,StratifiedKFold_10,10,True,False,45211,16,2,3,6,7,0.8984737889847378,0.6858722170238398,0.8863558005450475,0.8984737889847378,0.8899993164303576,0.7607133036389166,0.6858722170238398,0.7142681879523984,0.908692621537972,82.69155220873654,0.1377077167853713,61.14281368255615,OK
with_duration,bank_duration_sensitivity:with_duration,bank_marketing,Bank,C:\inetpub\wwwroot\up\uni\mlm\NBEM_Major_Revision_STAGE1_READY_TO_RUN\NBEM_Major_Revision_STAGE1_READY_TO_RUN\datasets\processed\bank_marketing\bank_marketing.csv,y,none,WNB,13,4,StratifiedKFold_10,10,True,False,45211,16,2,3,6,7,0.8829904888299049,0.5,0.7796722033640744,0.8829904888299049,0.8281212337387478,0.44149524441495247,0.5,0.46892987196053093,0.8699106625348996,0.14439962059259415,0.006459527648985386,7.203283309936523,OK
with_duration,bank_duration_sensitivity:with_duration,bank_marketing,Bank,C:\inetpub\wwwroot\up\uni\mlm\NBEM_Major_Revision_STAGE1_READY_TO_RUN\NBEM_Major_Revision_STAGE1_READY_TO_RUN\datasets\processed\bank_marketing\bank_marketing.csv,y,none,NBEM,13,4,StratifiedKFold_10,10,True,False,45211,16,2,3,6,7,0.8898473788984738,0.5686571630974615,0.8653467748494975,0.8898473788984738,0.8587365423154212,0.7598174317877995,0.5686571630974615,0.5907344848847964,0.8718097821351587,0.035265980288386345,0.018289322964847088,3.9125194549560547,OK
with_duration,bank_duration_sensitivity:with_duration,bank_marketing,Bank,C:\inetpub\wwwroot\up\uni\mlm\NBEM_Major_Revision_STAGE1_READY_TO_RUN\NBEM_Major_Revision_STAGE1_READY_TO_RUN\datasets\processed\bank_marketing\bank_marketing.csv,y,none,Adaptive Weighted NBEM,13,4,StratifiedKFold_10,10,True,False,45211,16,2,3,6,7,0.88940499889405,0.5552877967655537,0.8659769609341493,0.88940499889405,0.8540828882898541,0.7720749986018158,0.5552877967655537,0.5709336544418664,0.8743995552541756,0.033930675126612186,0.03209388256072998,3.9124183654785156,OK
with_duration,bank_duration_sensitivity:with_duration,bank_marketing,Bank,C:\inetpub\wwwroot\up\uni\mlm\NBEM_Major_Revision_STAGE1_READY_TO_RUN\NBEM_Major_Revision_STAGE1_READY_TO_RUN\datasets\processed\bank_marketing\bank_marketing.csv,y,none,Hybrid NBEM,13,4,StratifiedKFold_10,10,True,False,45211,16,2,3,6,7,0.9024552090245521,0.6905865132912328,0.8905787704552551,0.9024552090245521,0.8935926654540207,0.7756957906634243,0.6905865132912328,0.7221346297850243,0.9176329975641264,53.352425292134285,0.1412779288366437,61.12928295135498,OK
with_duration,bank_duration_sensitivity:with_duration,bank_marketing,Bank,C:\inetpub\wwwroot\up\uni\mlm\NBEM_Major_Revision_STAGE1_READY_TO_RUN\NBEM_Major_Revision_STAGE1_READY_TO_RUN\datasets\processed\bank_marketing\bank_marketing.csv,y,none,WNB,13,5,StratifiedKFold_10,10,True,False,45211,16,2,3,6,7,0.8829904888299049,0.5,0.7796722033640744,0.8829904888299049,0.8281212337387478,0.44149524441495247,0.5,0.46892987196053093,0.8689119732849442,0.1434333836659789,0.006718815304338932,7.203205108642578,OK
with_duration,bank_duration_sensitivity:with_duration,bank_marketing,Bank,C:\inetpub\wwwroot\up\uni\mlm\NBEM_Major_Revision_STAGE1_READY_TO_RUN\NBEM_Major_Revision_STAGE1_READY_TO_RUN\datasets\processed\bank_marketing\bank_marketing.csv,y,none,NBEM,13,5,StratifiedKFold_10,10,True,False,45211,16,2,3,6,7,0.8838752488387525,0.5611757541548125,0.8513313263848576,0.8838752488387525,0.8533308236116461,0.7049682050110426,0.5611757541548125,0.5785896689065303,0.8463851142739164,0.03564956970512867,0.018584491685032845,3.9125194549560547,OK
with_duration,bank_duration_sensitivity:with_duration,bank_marketing,Bank,C:\inetpub\wwwroot\up\uni\mlm\NBEM_Major_Revision_STAGE1_READY_TO_RUN\NBEM_Major_Revision_STAGE1_READY_TO_RUN\datasets\processed\bank_marketing\bank_marketing.csv,y,none,Adaptive Weighted NBEM,13,5,StratifiedKFold_10,10,True,False,45211,16,2,3,6,7,0.8838752488387525,0.5414974561599569,0.8483504693101996,0.8838752488387525,0.8466365672720209,0.7062923728813559,0.5414974561599569,0.5488131163122253,0.8469287345958458,0.0360382879152894,0.026496365666389465,3.9124650955200195,OK
with_duration,bank_duration_sensitivity:with_duration,bank_marketing,Bank,C:\inetpub\wwwroot\up\uni\mlm\NBEM_Major_Revision_STAGE1_READY_TO_RUN\NBEM_Major_Revision_STAGE1_READY_TO_RUN\datasets\processed\bank_marketing\bank_marketing.csv,y,none,Hybrid NBEM,13,5,StratifiedKFold_10,10,True,False,45211,16,2,3,6,7,0.900464499004645,0.681259967951025,0.8875640657805809,0.900464499004645,0.8907274597388819,0.770000380899176,0.681259967951025,0.7132571072265778,0.9084430676096996,45.71287010330707,0.18740917462855577,61.134864807128906,OK
with_duration,bank_duration_sensitivity:with_duration,bank_marketing,Bank,C:\inetpub\wwwroot\up\uni\mlm\NBEM_Major_Revision_STAGE1_READY_TO_RUN\NBEM_Major_Revision_STAGE1_READY_TO_RUN\datasets\processed\bank_marketing\bank_marketing.csv,y,none,WNB,13,6,StratifiedKFold_10,10,True,False,45211,16,2,3,6,7,0.8829904888299049,0.5,0.7796722033640744,0.8829904888299049,0.8281212337387478,0.44149524441495247,0.5,0.46892987196053093,0.8788600357615042,0.305980509147048,0.012328291311860085,7.200380325317383,OK
with_duration,bank_duration_sensitivity:with_duration,bank_marketing,Bank,C:\inetpub\wwwroot\up\uni\mlm\NBEM_Major_Revision_STAGE1_READY_TO_RUN\NBEM_Major_Revision_STAGE1_READY_TO_RUN\datasets\processed\bank_marketing\bank_marketing.csv,y,none,NBEM,13,6,StratifiedKFold_10,10,True,False,45211,16,2,3,6,7,0.8856447688564477,0.5638176163290665,0.8552077940758656,0.8856447688564477,0.8550544004822014,0.7197280464342779,0.5638176163290665,0.5827293473202088,0.8484236904811513,0.036185658536851406,0.018845487385988235,3.9125709533691406,OK
with_duration,bank_duration_sensitivity:with_duration,bank_marketing,Bank,C:\inetpub\wwwroot\up\uni\mlm\NBEM_Major_Revision_STAGE1_READY_TO_RUN\NBEM_Major_Revision_STAGE1_READY_TO_RUN\datasets\processed\bank_marketing\bank_marketing.csv,y,none,Adaptive Weighted NBEM,13,6,StratifiedKFold_10,10,True,False,45211,16,2,3,6,7,0.8876354788763547,0.5518260055081808,0.8602548376934575,0.8876354788763547,0.8520379449066268,0.75,0.5518260055081808,0.5653536190062362,0.8486812945361424,0.03620829712599516,0.054251148365437984,3.912543296813965,OK
with_duration,bank_duration_sensitivity:with_duration,bank_marketing,Bank,C:\inetpub\wwwroot\up\uni\mlm\NBEM_Major_Revision_STAGE1_READY_TO_RUN\NBEM_Major_Revision_STAGE1_READY_TO_RUN\datasets\processed\bank_marketing\bank_marketing.csv,y,none,Hybrid NBEM,13,6,StratifiedKFold_10,10,True,False,45211,16,2,3,6,7,0.8984737889847378,0.673573280777055,0.8846921551483004,0.8984737889847378,0.8880813867902215,0.7635606882051961,0.673573280777055,0.7053966720713883,0.9155863712301731,40.10643227491528,0.1346432650461793,61.12696075439453,OK
with_duration,bank_duration_sensitivity:with_duration,bank_marketing,Bank,C:\inetpub\wwwroot\up\uni\mlm\NBEM_Major_Revision_STAGE1_READY_TO_RUN\NBEM_Major_Revision_STAGE1_READY_TO_RUN\datasets\processed\bank_marketing\bank_marketing.csv,y,none,WNB,13,7,StratifiedKFold_10,10,True,False,45211,16,2,3,6,7,0.8829904888299049,0.5,0.7796722033640744,0.8829904888299049,0.8281212337387478,0.44149524441495247,0.5,0.46892987196053093,0.8742376056460748,0.26666504330933094,0.006770074367523193,7.202645301818848,OK
with_duration,bank_duration_sensitivity:with_duration,bank_marketing,Bank,C:\inetpub\wwwroot\up\uni\mlm\NBEM_Major_Revision_STAGE1_READY_TO_RUN\NBEM_Major_Revision_STAGE1_READY_TO_RUN\datasets\processed\bank_marketing\bank_marketing.csv,y,none,NBEM,13,7,StratifiedKFold_10,10,True,False,45211,16,2,3,6,7,0.8818845388188454,0.5592285705626755,0.847419862887674,0.8818845388188454,0.8517250635564546,0.6895479412611576,0.5592285705626755,0.5754227809277263,0.8726214243231263,0.038325306959450245,0.020815124735236168,3.9126224517822266,OK
with_duration,bank_duration_sensitivity:with_duration,bank_marketing,Bank,C:\inetpub\wwwroot\up\uni\mlm\NBEM_Major_Revision_STAGE1_READY_TO_RUN\NBEM_Major_Revision_STAGE1_READY_TO_RUN\datasets\processed\bank_marketing\bank_marketing.csv,y,none,Adaptive Weighted NBEM,13,7,StratifiedKFold_10,10,True,False,45211,16,2,3,6,7,0.8821057288210573,0.537215735819465,0.842676889518718,0.8821057288210573,0.8442996006780707,0.6850070621468927,0.537215735819465,0.5419378876084116,0.876769607267465,0.03424805589020252,0.02581376302987337,3.9123668670654297,OK
with_duration,bank_duration_sensitivity:with_duration,bank_marketing,Bank,C:\inetpub\wwwroot\up\uni\mlm\NBEM_Major_Revision_STAGE1_READY_TO_RUN\NBEM_Major_Revision_STAGE1_READY_TO_RUN\datasets\processed\bank_marketing\bank_marketing.csv,y,none,Hybrid NBEM,13,7,StratifiedKFold_10,10,True,False,45211,16,2,3,6,7,0.8998009289980093,0.6882635781960897,0.8878500835013079,0.8998009289980093,0.8913154368456606,0.7654069534567011,0.6882635781960897,0.7174381627416161,0.9192463376658799,59.597926646471024,0.14446924813091755,61.13240051269531,OK
with_duration,bank_duration_sensitivity:with_duration,bank_marketing,Bank,C:\inetpub\wwwroot\up\uni\mlm\NBEM_Major_Revision_STAGE1_READY_TO_RUN\NBEM_Major_Revision_STAGE1_READY_TO_RUN\datasets\processed\bank_marketing\bank_marketing.csv,y,none,WNB,13,8,StratifiedKFold_10,10,True,False,45211,16,2,3,6,7,0.8829904888299049,0.5,0.7796722033640744,0.8829904888299049,0.8281212337387478,0.44149524441495247,0.5,0.46892987196053093,0.8858634092381359,0.15476596355438232,0.006474904716014862,7.203712463378906,OK
with_duration,bank_duration_sensitivity:with_duration,bank_marketing,Bank,C:\inetpub\wwwroot\up\uni\mlm\NBEM_Major_Revision_STAGE1_READY_TO_RUN\NBEM_Major_Revision_STAGE1_READY_TO_RUN\datasets\processed\bank_marketing\bank_marketing.csv,y,none,NBEM,13,8,StratifiedKFold_10,10,True,False,45211,16,2,3,6,7,0.8867507188675072,0.5660837270003144,0.8577722023236873,0.8867507188675072,0.8563285865475944,0.7291150192579847,0.5660837270003144,0.5861956526402652,0.8670748870141038,0.03484949842095375,0.018185949884355068,3.9127254486083984,OK
with_duration,bank_duration_sensitivity:with_duration,bank_marketing,Bank,C:\inetpub\wwwroot\up\uni\mlm\NBEM_Major_Revision_STAGE1_READY_TO_RUN\NBEM_Major_Revision_STAGE1_READY_TO_RUN\datasets\processed\bank_marketing\bank_marketing.csv,y,none,Adaptive Weighted NBEM,13,8,StratifiedKFold_10,10,True,False,45211,16,2,3,6,7,0.8865295288652952,0.546280178504457,0.8569712980876629,0.8865295288652952,0.8495489559981615,0.7398544180156479,0.546280178504457,0.5564969563668469,0.8675233264260089,0.034729466773569584,0.025402833707630634,3.9125728607177734,OK
with_duration,bank_duration_sensitivity:with_duration,bank_marketing,Bank,C:\inetpub\wwwroot\up\uni\mlm\NBEM_Major_Revision_STAGE1_READY_TO_RUN\NBEM_Major_Revision_STAGE1_READY_TO_RUN\datasets\processed\bank_marketing\bank_marketing.csv,y,none,Hybrid NBEM,13,8,StratifiedKFold_10,10,True,False,45211,16,2,3,6,7,0.9073213890732139,0.7089206768925375,0.8972374297712143,0.9073213890732139,0.8998090675283952,0.7901185614803417,0.7089206768925375,0.740206800597677,0.9175231370112624,64.73184587340802,0.13589570112526417,61.137478828430176,OK
with_duration,bank_duration_sensitivity:with_duration,bank_marketing,Bank,C:\inetpub\wwwroot\up\uni\mlm\NBEM_Major_Revision_STAGE1_READY_TO_RUN\NBEM_Major_Revision_STAGE1_READY_TO_RUN\datasets\processed\bank_marketing\bank_marketing.csv,y,none,WNB,13,9,StratifiedKFold_10,10,True,False,45211,16,2,3,6,7,0.8829904888299049,0.5,0.7796722033640744,0.8829904888299049,0.8281212337387478,0.44149524441495247,0.5,0.46892987196053093,0.8696232256573639,0.19842138420790434,0.006715824827551842,7.204473495483398,OK
with_duration,bank_duration_sensitivity:with_duration,bank_marketing,Bank,C:\inetpub\wwwroot\up\uni\mlm\NBEM_Major_Revision_STAGE1_READY_TO_RUN\NBEM_Major_Revision_STAGE1_READY_TO_RUN\datasets\processed\bank_marketing\bank_marketing.csv,y,none,NBEM,13,9,StratifiedKFold_10,10,True,False,45211,16,2,3,6,7,0.8854235788542358,0.5653322239943024,0.8549306316333384,0.8854235788542358,0.8554135028502808,0.717434438630776,0.5653322239943024,0.5847757601375312,0.8651513802652565,0.036162590608000755,0.01925855129957199,3.9125194549560547,OK
with_duration,bank_duration_sensitivity:with_duration,bank_marketing,Bank,C:\inetpub\wwwroot\up\uni\mlm\NBEM_Major_Revision_STAGE1_READY_TO_RUN\NBEM_Major_Revision_STAGE1_READY_TO_RUN\datasets\processed\bank_marketing\bank_marketing.csv,y,none,Adaptive Weighted NBEM,13,9,StratifiedKFold_10,10,True,False,45211,16,2,3,6,7,0.8880778588807786,0.5545362937595417,0.861423702908145,0.8880778588807786,0.853191914988225,0.753086446883227,0.5545362937595417,0.569600310058851,0.8667737175674601,0.03677385859191418,0.027794080786406994,3.9125728607177734,OK
with_duration,bank_duration_sensitivity:with_duration,bank_marketing,Bank,C:\inetpub\wwwroot\up\uni\mlm\NBEM_Major_Revision_STAGE1_READY_TO_RUN\NBEM_Major_Revision_STAGE1_READY_TO_RUN\datasets\processed\bank_marketing\bank_marketing.csv,y,none,Hybrid NBEM,13,9,StratifiedKFold_10,10,True,False,45211,16,2,3,6,7,0.8967042689670427,0.672571276769039,0.8828930386648196,0.8967042689670427,0.8866656569102765,0.7563631695203793,0.672571276769039,0.7027306645685779,0.9144688242269038,29.644876332953572,0.14491349458694458,61.127991676330566,OK
with_duration,bank_duration_sensitivity:with_duration,bank_marketing,Bank,C:\inetpub\wwwroot\up\uni\mlm\NBEM_Major_Revision_STAGE1_READY_TO_RUN\NBEM_Major_Revision_STAGE1_READY_TO_RUN\datasets\processed\bank_marketing\bank_marketing.csv,y,none,WNB,13,10,StratifiedKFold_10,10,True,False,45211,16,2,3,6,7,0.8829904888299049,0.5,0.7796722033640744,0.8829904888299049,0.8281212337387478,0.44149524441495247,0.5,0.46892987196053093,0.8644458103352262,0.18327425699681044,0.007720080204308033,7.203398704528809,OK
with_duration,bank_duration_sensitivity:with_duration,bank_marketing,Bank,C:\inetpub\wwwroot\up\uni\mlm\NBEM_Major_Revision_STAGE1_READY_TO_RUN\NBEM_Major_Revision_STAGE1_READY_TO_RUN\datasets\processed\bank_marketing\bank_marketing.csv,y,none,NBEM,13,10,StratifiedKFold_10,10,True,False,45211,16,2,3,6,7,0.8891838088918381,0.5641817661788606,0.8638578577057224,0.8891838088918381,0.8569657066366095,0.7566405362417632,0.5641817661788606,0.584175271160188,0.8459390425463403,0.03748251963406801,0.018973635509610176,3.9126224517822266,OK
with_duration,bank_duration_sensitivity:with_duration,bank_marketing,Bank,C:\inetpub\wwwroot\up\uni\mlm\NBEM_Major_Revision_STAGE1_READY_TO_RUN\NBEM_Major_Revision_STAGE1_READY_TO_RUN\datasets\processed\bank_marketing\bank_marketing.csv,y,none,Adaptive Weighted NBEM,13,10,StratifiedKFold_10,10,True,False,45211,16,2,3,6,7,0.8878566688785667,0.5486715396767069,0.8615390155086422,0.8878566688785667,0.8510125828325835,0.757737154893553,0.5486715396767069,0.5603723323149534,0.8466465066238338,0.03556883707642555,0.02667620126157999,3.9123620986938477,OK
with_duration,bank_duration_sensitivity:with_duration,bank_marketing,Bank,C:\inetpub\wwwroot\up\uni\mlm\NBEM_Major_Revision_STAGE1_READY_TO_RUN\NBEM_Major_Revision_STAGE1_READY_TO_RUN\datasets\processed\bank_marketing\bank_marketing.csv,y,none,Hybrid NBEM,13,10,StratifiedKFold_10,10,True,False,45211,16,2,3,6,7,0.9017916390179164,0.6943104072038216,0.8904250804876169,0.9017916390179164,0.8936535758562529,0.7718636582272946,0.6943104072038216,0.7238818124295029,0.9171807698572949,59.234193122945726,0.13247627764940262,61.131035804748535,OK
with_duration,bank_duration_sensitivity:with_duration,bank_marketing,Bank,C:\inetpub\wwwroot\up\uni\mlm\NBEM_Major_Revision_STAGE1_READY_TO_RUN\NBEM_Major_Revision_STAGE1_READY_TO_RUN\datasets\processed\bank_marketing\bank_marketing.csv,y,none,WNB,21,1,StratifiedKFold_10,10,True,False,45211,16,2,3,6,7,0.883016364440513,0.5,0.7797178998697409,0.883016364440513,0.828158389479969,0.4415081822202565,0.5,0.46893716970052846,0.8757037954416448,0.15847286581993103,0.006532571278512478,7.204686164855957,OK
with_duration,bank_duration_sensitivity:with_duration,bank_marketing,Bank,C:\inetpub\wwwroot\up\uni\mlm\NBEM_Major_Revision_STAGE1_READY_TO_RUN\NBEM_Major_Revision_STAGE1_READY_TO_RUN\datasets\processed\bank_marketing\bank_marketing.csv,y,none,NBEM,21,1,StratifiedKFold_10,10,True,False,45211,16,2,3,6,7,0.8850066342326405,0.5585242037459694,0.8532232398579195,0.8850066342326405,0.8530638386696217,0.7149095738855153,0.5585242037459694,0.5750491556789267,0.8636086686673322,0.03538387734442949,0.01866437029093504,3.9123001098632812,OK
with_duration,bank_duration_sensitivity:with_duration,bank_marketing,Bank,C:\inetpub\wwwroot\up\uni\mlm\NBEM_Major_Revision_STAGE1_READY_TO_RUN\NBEM_Major_Revision_STAGE1_READY_TO_RUN\datasets\processed\bank_marketing\bank_marketing.csv,y,none,Adaptive Weighted NBEM,21,1,StratifiedKFold_10,10,True,False,45211,16,2,3,6,7,0.8850066342326405,0.5413050342825843,0.8518111169641708,0.8850066342326405,0.8470729223552146,0.7211414898982859,0.5413050342825843,0.5484311543020255,0.8649792145706783,0.03420619387179613,0.022194855846464634,3.912363052368164,OK
with_duration,bank_duration_sensitivity:with_duration,bank_marketing,Bank,C:\inetpub\wwwroot\up\uni\mlm\NBEM_Major_Revision_STAGE1_READY_TO_RUN\NBEM_Major_Revision_STAGE1_READY_TO_RUN\datasets\processed\bank_marketing\bank_marketing.csv,y,none,Hybrid NBEM,21,1,StratifiedKFold_10,10,True,False,45211,16,2,3,6,7,0.9000442282176029,0.6851134097146376,0.8876530375922093,0.9000442282176029,0.8910247346666467,0.7670825760013005,0.6851134097146376,0.7154993096075899,0.9153726961691467,38.28183822706342,0.14445728808641434,61.127925872802734,OK
with_duration,bank_duration_sensitivity:with_duration,bank_marketing,Bank,C:\inetpub\wwwroot\up\uni\mlm\NBEM_Major_Revision_STAGE1_READY_TO_RUN\NBEM_Major_Revision_STAGE1_READY_TO_RUN\datasets\processed\bank_marketing\bank_marketing.csv,y,none,WNB,21,2,StratifiedKFold_10,10,True,False,45211,16,2,3,6,7,0.8832116788321168,0.5,0.7800628696254462,0.8832116788321168,0.8284388615402025,0.4416058394160584,0.5,0.4689922480620155,0.8710470596270745,0.13470050506293774,0.0058217765763401985,7.203937530517578,OK
with_duration,bank_duration_sensitivity:with_duration,bank_marketing,Bank,C:\inetpub\wwwroot\up\uni\mlm\NBEM_Major_Revision_STAGE1_READY_TO_RUN\NBEM_Major_Revision_STAGE1_READY_TO_RUN\datasets\processed\bank_marketing\bank_marketing.csv,y,none,NBEM,21,2,StratifiedKFold_10,10,True,False,45211,16,2,3,6,7,0.8918380889183809,0.5862368519909842,0.869065613487443,0.8918380889183809,0.8651787340610839,0.7621460642080402,0.5862368519909842,0.6148408896693923,0.8667545097860649,0.03210669755935669,0.01647645141929388,3.912665367126465,OK
with_duration,bank_duration_sensitivity:with_duration,bank_marketing,Bank,C:\inetpub\wwwroot\up\uni\mlm\NBEM_Major_Revision_STAGE1_READY_TO_RUN\NBEM_Major_Revision_STAGE1_READY_TO_RUN\datasets\processed\bank_marketing\bank_marketing.csv,y,none,Adaptive Weighted NBEM,21,2,StratifiedKFold_10,10,True,False,45211,16,2,3,6,7,0.8902897589028976,0.5639948034059604,0.8668101362507749,0.8902897589028976,0.8576194699177168,0.7685530197174352,0.5639948034059604,0.5841833555852247,0.8689885329629883,0.03157360013574362,0.024272138252854347,3.913022041320801,OK
with_duration,bank_duration_sensitivity:with_duration,bank_marketing,Bank,C:\inetpub\wwwroot\up\uni\mlm\NBEM_Major_Revision_STAGE1_READY_TO_RUN\NBEM_Major_Revision_STAGE1_READY_TO_RUN\datasets\processed\bank_marketing\bank_marketing.csv,y,none,Hybrid NBEM,21,2,StratifiedKFold_10,10,True,False,45211,16,2,3,6,7,0.8993585489935855,0.6874608690207864,0.8873855114621715,0.8993585489935855,0.8909364566807177,0.763174208928191,0.6874608690207864,0.7161906491113362,0.9135859913940304,43.16686657816172,0.12879414949566126,61.13192176818848,OK
with_duration,bank_duration_sensitivity:with_duration,bank_marketing,Bank,C:\inetpub\wwwroot\up\uni\mlm\NBEM_Major_Revision_STAGE1_READY_TO_RUN\NBEM_Major_Revision_STAGE1_READY_TO_RUN\datasets\processed\bank_marketing\bank_marketing.csv,y,none,WNB,21,3,StratifiedKFold_10,10,True,False,45211,16,2,3,6,7,0.8829904888299049,0.5,0.7796722033640744,0.8829904888299049,0.8281212337387478,0.44149524441495247,0.5,0.46892987196053093,0.8682973224331461,0.14822399336844683,0.006633808836340904,7.201224327087402,OK
with_duration,bank_duration_sensitivity:with_duration,bank_marketing,Bank,C:\inetpub\wwwroot\up\uni\mlm\NBEM_Major_Revision_STAGE1_READY_TO_RUN\NBEM_Major_Revision_STAGE1_READY_TO_RUN\datasets\processed\bank_marketing\bank_marketing.csv,y,none,NBEM,21,3,StratifiedKFold_10,10,True,False,45211,16,2,3,6,7,0.884981198849812,0.5626219357429414,0.8537050056008799,0.884981198849812,0.8543425183061025,0.7141309627902458,0.5626219357429414,0.5808843978863447,0.8523848263635021,0.03563590161502361,0.019046680070459843,3.9125709533691406,OK
with_duration,bank_duration_sensitivity:with_duration,bank_marketing,Bank,C:\inetpub\wwwroot\up\uni\mlm\NBEM_Major_Revision_STAGE1_READY_TO_RUN\NBEM_Major_Revision_STAGE1_READY_TO_RUN\datasets\processed\bank_marketing\bank_marketing.csv,y,none,Adaptive Weighted NBEM,21,3,StratifiedKFold_10,10,True,False,45211,16,2,3,6,7,0.8860871488608715,0.5493093938349288,0.8554115908172045,0.8860871488608715,0.8504360265516725,0.7310211253544188,0.5493093938349288,0.5613029198613769,0.8538267461198387,0.03532322030514479,0.026623659767210484,3.9125213623046875,OK
with_duration,bank_duration_sensitivity:with_duration,bank_marketing,Bank,C:\inetpub\wwwroot\up\uni\mlm\NBEM_Major_Revision_STAGE1_READY_TO_RUN\NBEM_Major_Revision_STAGE1_READY_TO_RUN\datasets\processed\bank_marketing\bank_marketing.csv,y,none,Hybrid NBEM,21,3,StratifiedKFold_10,10,True,False,45211,16,2,3,6,7,0.898252598982526,0.6931263282709086,0.8872526449133801,0.898252598982526,0.8909045208390679,0.7585606147057704,0.6931263282709086,0.7189694221174792,0.9157194350894606,74.90592164732516,0.14337742421776056,61.13343811035156,OK
with_duration,bank_duration_sensitivity:with_duration,bank_marketing,Bank,C:\inetpub\wwwroot\up\uni\mlm\NBEM_Major_Revision_STAGE1_READY_TO_RUN\NBEM_Major_Revision_STAGE1_READY_TO_RUN\datasets\processed\bank_marketing\bank_marketing.csv,y,none,WNB,21,4,StratifiedKFold_10,10,True,False,45211,16,2,3,6,7,0.8829904888299049,0.5,0.7796722033640744,0.8829904888299049,0.8281212337387478,0.44149524441495247,0.5,0.46892987196053093,0.8847210015494126,0.15485182218253613,0.007028932683169842,7.203103065490723,OK
with_duration,bank_duration_sensitivity:with_duration,bank_marketing,Bank,C:\inetpub\wwwroot\up\uni\mlm\NBEM_Major_Revision_STAGE1_READY_TO_RUN\NBEM_Major_Revision_STAGE1_READY_TO_RUN\datasets\processed\bank_marketing\bank_marketing.csv,y,none,NBEM,21,4,StratifiedKFold_10,10,True,False,45211,16,2,3,6,7,0.8858659588586596,0.5696823704119013,0.8563074093344596,0.8858659588586596,0.8569704398458273,0.7201887165122459,0.5696823704119013,0.5908396357462571,0.8487215451697344,0.03941670246422291,0.019204729236662388,3.9126224517822266,OK
with_duration,bank_duration_sensitivity:with_duration,bank_marketing,Bank,C:\inetpub\wwwroot\up\uni\mlm\NBEM_Major_Revision_STAGE1_READY_TO_RUN\NBEM_Major_Revision_STAGE1_READY_TO_RUN\datasets\processed\bank_marketing\bank_marketing.csv,y,none,Adaptive Weighted NBEM,21,4,StratifiedKFold_10,10,True,False,45211,16,2,3,6,7,0.88940499889405,0.5593874421811487,0.8651317787659488,0.88940499889405,0.8554899482370673,0.7655368009180644,0.5593874421811487,0.5771775775614004,0.8507705391880168,0.047068010084331036,0.027534794993698597,3.912263870239258,OK
with_duration,bank_duration_sensitivity:with_duration,bank_marketing,Bank,C:\inetpub\wwwroot\up\uni\mlm\NBEM_Major_Revision_STAGE1_READY_TO_RUN\NBEM_Major_Revision_STAGE1_READY_TO_RUN\datasets\processed\bank_marketing\bank_marketing.csv,y,none,Hybrid NBEM,21,4,StratifiedKFold_10,10,True,False,45211,16,2,3,6,7,0.9035611590356116,0.680553687715696,0.8906776373480769,0.9035611590356116,0.8928558207990133,0.7844499335291897,0.680553687715696,0.7163196954973957,0.9181662000750083,34.58774312864989,0.14486907050013542,61.12972068786621,OK
with_duration,bank_duration_sensitivity:with_duration,bank_marketing,Bank,C:\inetpub\wwwroot\up\uni\mlm\NBEM_Major_Revision_STAGE1_READY_TO_RUN\NBEM_Major_Revision_STAGE1_READY_TO_RUN\datasets\processed\bank_marketing\bank_marketing.csv,y,none,WNB,21,5,StratifiedKFold_10,10,True,False,45211,16,2,3,6,7,0.8829904888299049,0.5,0.7796722033640744,0.8829904888299049,0.8281212337387478,0.44149524441495247,0.5,0.46892987196053093,0.8618354383625473,0.13200170174241066,0.006066540256142616,7.203879356384277,OK
with_duration,bank_duration_sensitivity:with_duration,bank_marketing,Bank,C:\inetpub\wwwroot\up\uni\mlm\NBEM_Major_Revision_STAGE1_READY_TO_RUN\NBEM_Major_Revision_STAGE1_READY_TO_RUN\datasets\processed\bank_marketing\bank_marketing.csv,y,none,NBEM,21,5,StratifiedKFold_10,10,True,False,45211,16,2,3,6,7,0.8847600088476001,0.5608568270757015,0.85302196866369,0.8847600088476001,0.8536728498550198,0.7124735886676785,0.5608568270757015,0.578340799749379,0.8600106640502176,0.03166586719453335,0.017193655483424664,3.9128284454345703,OK
with_duration,bank_duration_sensitivity:with_duration,bank_marketing,Bank,C:\inetpub\wwwroot\up\uni\mlm\NBEM_Major_Revision_STAGE1_READY_TO_RUN\NBEM_Major_Revision_STAGE1_READY_TO_RUN\datasets\processed\bank_marketing\bank_marketing.csv,y,none,Adaptive Weighted NBEM,21,5,StratifiedKFold_10,10,True,False,45211,16,2,3,6,7,0.8847600088476001,0.541998458163965,0.8510864654142288,0.8847600088476001,0.8472027408870217,0.7176637183778849,0.541998458163965,0.5495807295655502,0.8646451693557247,0.03277221415191889,0.024118361063301563,3.9125213623046875,OK
with_duration,bank_duration_sensitivity:with_duration,bank_marketing,Bank,C:\inetpub\wwwroot\up\uni\mlm\NBEM_Major_Revision_STAGE1_READY_TO_RUN\NBEM_Major_Revision_STAGE1_READY_TO_RUN\datasets\processed\bank_marketing\bank_marketing.csv,y,none,Hybrid NBEM,21,5,StratifiedKFold_10,10,True,False,45211,16,2,3,6,7,0.9044459190444591,0.7023728458807975,0.8938268724534256,0.9044459190444591,0.8967578044185881,0.7803276183029653,0.7023728458807975,0.7324124899161728,0.9146620272681468,57.680340088903904,0.19819285348057747,61.13835334777832,OK
with_duration,bank_duration_sensitivity:with_duration,bank_marketing,Bank,C:\inetpub\wwwroot\up\uni\mlm\NBEM_Major_Revision_STAGE1_READY_TO_RUN\NBEM_Major_Revision_STAGE1_READY_TO_RUN\datasets\processed\bank_marketing\bank_marketing.csv,y,none,WNB,21,6,StratifiedKFold_10,10,True,False,45211,16,2,3,6,7,0.8829904888299049,0.5,0.7796722033640744,0.8829904888299049,0.8281212337387478,0.44149524441495247,0.5,0.46892987196053093,0.8721921631542859,0.17454906832426786,0.006601344794034958,7.203339576721191,OK
with_duration,bank_duration_sensitivity:with_duration,bank_marketing,Bank,C:\inetpub\wwwroot\up\uni\mlm\NBEM_Major_Revision_STAGE1_READY_TO_RUN\NBEM_Major_Revision_STAGE1_READY_TO_RUN\datasets\processed\bank_marketing\bank_marketing.csv,y,none,NBEM,21,6,StratifiedKFold_10,10,True,False,45211,16,2,3,6,7,0.8863083388630834,0.5568140060840017,0.8561979156919315,0.8863083388630834,0.8531176707291092,0.7290364578362012,0.5568140060840017,0.5727779542706871,0.8666193445492119,0.035600874572992325,0.021007774397730827,3.9125709533691406,OK
with_duration,bank_duration_sensitivity:with_duration,bank_marketing,Bank,C:\inetpub\wwwroot\up\uni\mlm\NBEM_Major_Revision_STAGE1_READY_TO_RUN\NBEM_Major_Revision_STAGE1_READY_TO_RUN\datasets\processed\bank_marketing\bank_marketing.csv,y,none,Adaptive Weighted NBEM,21,6,StratifiedKFold_10,10,True,False,45211,16,2,3,6,7,0.8863083388630834,0.543695140754098,0.8563929492596506,0.8863083388630834,0.8485015534264383,0.7392017793538954,0.543695140754098,0.5522913770302804,0.8656400703107537,0.03615960106253624,0.025830423459410667,3.9125213623046875,OK
with_duration,bank_duration_sensitivity:with_duration,bank_marketing,Bank,C:\inetpub\wwwroot\up\uni\mlm\NBEM_Major_Revision_STAGE1_READY_TO_RUN\NBEM_Major_Revision_STAGE1_READY_TO_RUN\datasets\processed\bank_marketing\bank_marketing.csv,y,none,Hybrid NBEM,21,6,StratifiedKFold_10,10,True,False,45211,16,2,3,6,7,0.8993585489935855,0.6888330062772047,0.8875418103450496,0.8993585489935855,0.8910796547370942,0.763537671133293,0.6888330062772047,0.7173232255841888,0.915912164593838,69.11637401860207,0.15585949458181858,61.132022857666016,OK
with_duration,bank_duration_sensitivity:with_duration,bank_marketing,Bank,C:\inetpub\wwwroot\up\uni\mlm\NBEM_Major_Revision_STAGE1_READY_TO_RUN\NBEM_Major_Revision_STAGE1_READY_TO_RUN\datasets\processed\bank_marketing\bank_marketing.csv,y,none,WNB,21,7,StratifiedKFold_10,10,True,False,45211,16,2,3,6,7,0.8829904888299049,0.5,0.7796722033640744,0.8829904888299049,0.8281212337387478,0.44149524441495247,0.5,0.46892987196053093,0.8637437919316895,0.23838357161730528,0.021026997826993465,7.203727722167969,OK
with_duration,bank_duration_sensitivity:with_duration,bank_marketing,Bank,C:\inetpub\wwwroot\up\uni\mlm\NBEM_Major_Revision_STAGE1_READY_TO_RUN\NBEM_Major_Revision_STAGE1_READY_TO_RUN\datasets\processed\bank_marketing\bank_marketing.csv,y,none,NBEM,21,7,StratifiedKFold_10,10,True,False,45211,16,2,3,6,7,0.8878566688785667,0.5667099795053244,0.8603257796438493,0.8878566688785667,0.8570937845562794,0.7396429069605245,0.5667099795053244,0.5873928518775932,0.85652069734933,0.07375318091362715,0.020591720938682556,3.9126224517822266,OK
with_duration,bank_duration_sensitivity:with_duration,bank_marketing,Bank,C:\inetpub\wwwroot\up\uni\mlm\NBEM_Major_Revision_STAGE1_READY_TO_RUN\NBEM_Major_Revision_STAGE1_READY_TO_RUN\datasets\processed\bank_marketing\bank_marketing.csv,y,none,Adaptive Weighted NBEM,21,7,StratifiedKFold_10,10,True,False,45211,16,2,3,6,7,0.8856447688564477,0.5457791765004489,0.8540240491016812,0.8856447688564477,0.8489735338659711,0.7275776836158192,0.5457791765004489,0.5556883450160389,0.8603890200059855,0.04468018002808094,0.05344637669622898,3.912053108215332,OK
with_duration,bank_duration_sensitivity:with_duration,bank_marketing,Bank,C:\inetpub\wwwroot\up\uni\mlm\NBEM_Major_Revision_STAGE1_READY_TO_RUN\NBEM_Major_Revision_STAGE1_READY_TO_RUN\datasets\processed\bank_marketing\bank_marketing.csv,y,none,Hybrid NBEM,21,7,StratifiedKFold_10,10,True,False,45211,16,2,3,6,7,0.900464499004645,0.6681411026211213,0.8861456568442934,0.900464499004645,0.8885950465997543,0.7744651379224518,0.6681411026211213,0.7034422822838231,0.9117294134582965,49.67001945339143,0.142359072342515,61.13079357147217,OK
with_duration,bank_duration_sensitivity:with_duration,bank_marketing,Bank,C:\inetpub\wwwroot\up\uni\mlm\NBEM_Major_Revision_STAGE1_READY_TO_RUN\NBEM_Major_Revision_STAGE1_READY_TO_RUN\datasets\processed\bank_marketing\bank_marketing.csv,y,none,WNB,21,8,StratifiedKFold_10,10,True,False,45211,16,2,3,6,7,0.8829904888299049,0.5,0.7796722033640744,0.8829904888299049,0.8281212337387478,0.44149524441495247,0.5,0.46892987196053093,0.8741149595978346,0.12915168423205614,0.006129331886768341,7.202117919921875,OK
with_duration,bank_duration_sensitivity:with_duration,bank_marketing,Bank,C:\inetpub\wwwroot\up\uni\mlm\NBEM_Major_Revision_STAGE1_READY_TO_RUN\NBEM_Major_Revision_STAGE1_READY_TO_RUN\datasets\processed\bank_marketing\bank_marketing.csv,y,none,NBEM,21,8,StratifiedKFold_10,10,True,False,45211,16,2,3,6,7,0.8792302587923025,0.5626451390493653,0.8443840099826475,0.8792302587923025,0.8514299891861487,0.67394254158175,0.5626451390493653,0.579474244423123,0.8485515454349152,0.03140273690223694,0.016674227081239223,3.9126224517822266,OK
with_duration,bank_duration_sensitivity:with_duration,bank_marketing,Bank,C:\inetpub\wwwroot\up\uni\mlm\NBEM_Major_Revision_STAGE1_READY_TO_RUN\NBEM_Major_Revision_STAGE1_READY_TO_RUN\datasets\processed\bank_marketing\bank_marketing.csv,y,none,Adaptive Weighted NBEM,21,8,StratifiedKFold_10,10,True,False,45211,16,2,3,6,7,0.8818845388188454,0.5493894215652477,0.8451455833268227,0.8818845388188454,0.8485247260972588,0.6869030424451381,0.5493894215652477,0.5611490259608057,0.8493191486943642,0.029956797137856483,0.02221835032105446,3.912935256958008,OK
with_duration,bank_duration_sensitivity:with_duration,bank_marketing,Bank,C:\inetpub\wwwroot\up\uni\mlm\NBEM_Major_Revision_STAGE1_READY_TO_RUN\NBEM_Major_Revision_STAGE1_READY_TO_RUN\datasets\processed\bank_marketing\bank_marketing.csv,y,none,Hybrid NBEM,21,8,StratifiedKFold_10,10,True,False,45211,16,2,3,6,7,0.8989161689891617,0.6877625761920817,0.8870079451343312,0.8989161689891617,0.8906008839886859,0.7620437657122767,0.6877625761920817,0.7160806903120314,0.9117701376287547,35.89505851641297,0.11567603796720505,61.1292839050293,OK
with_duration,bank_duration_sensitivity:with_duration,bank_marketing,Bank,C:\inetpub\wwwroot\up\uni\mlm\NBEM_Major_Revision_STAGE1_READY_TO_RUN\NBEM_Major_Revision_STAGE1_READY_TO_RUN\datasets\processed\bank_marketing\bank_marketing.csv,y,none,WNB,21,9,StratifiedKFold_10,10,True,False,45211,16,2,3,6,7,0.8829904888299049,0.5,0.7796722033640744,0.8829904888299049,0.8281212337387478,0.44149524441495247,0.5,0.46892987196053093,0.8659421868311292,0.2183356275781989,0.02470485307276249,7.203746795654297,OK
with_duration,bank_duration_sensitivity:with_duration,bank_marketing,Bank,C:\inetpub\wwwroot\up\uni\mlm\NBEM_Major_Revision_STAGE1_READY_TO_RUN\NBEM_Major_Revision_STAGE1_READY_TO_RUN\datasets\processed\bank_marketing\bank_marketing.csv,y,none,NBEM,21,9,StratifiedKFold_10,10,True,False,45211,16,2,3,6,7,0.8898473788984738,0.5735767375961753,0.8650752955718395,0.8898473788984738,0.8602571017591836,0.7550935974178211,0.5735767375961753,0.597510615263383,0.8639481230892788,0.08231519628316164,0.037180942483246326,3.9126224517822266,OK
with_duration,bank_duration_sensitivity:with_duration,bank_marketing,Bank,C:\inetpub\wwwroot\up\uni\mlm\NBEM_Major_Revision_STAGE1_READY_TO_RUN\NBEM_Major_Revision_STAGE1_READY_TO_RUN\datasets\processed\bank_marketing\bank_marketing.csv,y,none,Adaptive Weighted NBEM,21,9,StratifiedKFold_10,10,True,False,45211,16,2,3,6,7,0.8887414288874143,0.5557319743456668,0.8634934041063609,0.8887414288874143,0.8539210123407597,0.7611117766862345,0.5557319743456668,0.5715249877481021,0.8683273920241239,0.043151372112333775,0.026447243057191372,3.9123668670654297,OK
with_duration,bank_duration_sensitivity:with_duration,bank_marketing,Bank,C:\inetpub\wwwroot\up\uni\mlm\NBEM_Major_Revision_STAGE1_READY_TO_RUN\NBEM_Major_Revision_STAGE1_READY_TO_RUN\datasets\processed\bank_marketing\bank_marketing.csv,y,none,Hybrid NBEM,21,9,StratifiedKFold_10,10,True,False,45211,16,2,3,6,7,0.8978102189781022,0.7043548344325703,0.8887290508580934,0.8978102189781022,0.8921403411059389,0.7554744525547445,0.7043548344325703,0.7257438405016886,0.9167474836250952,91.20505476556718,0.1326232198625803,61.133009910583496,OK
with_duration,bank_duration_sensitivity:with_duration,bank_marketing,Bank,C:\inetpub\wwwroot\up\uni\mlm\NBEM_Major_Revision_STAGE1_READY_TO_RUN\NBEM_Major_Revision_STAGE1_READY_TO_RUN\datasets\processed\bank_marketing\bank_marketing.csv,y,none,WNB,21,10,StratifiedKFold_10,10,True,False,45211,16,2,3,6,7,0.8829904888299049,0.5,0.7796722033640744,0.8829904888299049,0.8281212337387478,0.44149524441495247,0.5,0.46892987196053093,0.8830477590341362,0.14852514117956161,0.007055416703224182,7.204191207885742,OK
with_duration,bank_duration_sensitivity:with_duration,bank_marketing,Bank,C:\inetpub\wwwroot\up\uni\mlm\NBEM_Major_Revision_STAGE1_READY_TO_RUN\NBEM_Major_Revision_STAGE1_READY_TO_RUN\datasets\processed\bank_marketing\bank_marketing.csv,y,none,NBEM,21,10,StratifiedKFold_10,10,True,False,45211,16,2,3,6,7,0.8891838088918381,0.5723810570100504,0.8635064517453134,0.8891838088918381,0.859540144374435,0.7492125085596896,0.5723810570100504,0.5956429458557535,0.8727042932746402,0.03731293510645628,0.019146635197103024,3.9128284454345703,OK
with_duration,bank_duration_sensitivity:with_duration,bank_marketing,Bank,C:\inetpub\wwwroot\up\uni\mlm\NBEM_Major_Revision_STAGE1_READY_TO_RUN\NBEM_Major_Revision_STAGE1_READY_TO_RUN\datasets\processed\bank_marketing\bank_marketing.csv,y,none,Adaptive Weighted NBEM,21,10,StratifiedKFold_10,10,True,False,45211,16,2,3,6,7,0.8865295288652952,0.544640320338219,0.8571208635960225,0.8865295288652952,0.8489478495005776,0.7416535077825401,0.544640320338219,0.5538336643758206,0.8753707793659151,0.03599087242037058,0.02597950119525194,3.912212371826172,OK
with_duration,bank_duration_sensitivity:with_duration,bank_marketing,Bank,C:\inetpub\wwwroot\up\uni\mlm\NBEM_Major_Revision_STAGE1_READY_TO_RUN\NBEM_Major_Revision_STAGE1_READY_TO_RUN\datasets\processed\bank_marketing\bank_marketing.csv,y,none,Hybrid NBEM,21,10,StratifiedKFold_10,10,True,False,45211,16,2,3,6,7,0.9077637690776377,0.724749830473802,0.8994864065177196,0.9077637690776377,0.9021947893739756,0.7866340185452925,0.724749830473802,0.7503414294229329,0.9228494796776919,68.91815041098744,0.14893692452460527,61.13015937805176,OK
with_duration,bank_duration_sensitivity:with_duration,bank_marketing,Bank,C:\inetpub\wwwroot\up\uni\mlm\NBEM_Major_Revision_STAGE1_READY_TO_RUN\NBEM_Major_Revision_STAGE1_READY_TO_RUN\datasets\processed\bank_marketing\bank_marketing.csv,y,none,WNB,42,1,StratifiedKFold_10,10,True,False,45211,16,2,3,6,7,0.883016364440513,0.5,0.7797178998697409,0.883016364440513,0.828158389479969,0.4415081822202565,0.5,0.46893716970052846,0.875766286653818,0.19804206490516663,0.006580415181815624,7.204220771789551,OK
with_duration,bank_duration_sensitivity:with_duration,bank_marketing,Bank,C:\inetpub\wwwroot\up\uni\mlm\NBEM_Major_Revision_STAGE1_READY_TO_RUN\NBEM_Major_Revision_STAGE1_READY_TO_RUN\datasets\processed\bank_marketing\bank_marketing.csv,y,none,NBEM,42,1,StratifiedKFold_10,10,True,False,45211,16,2,3,6,7,0.8816895179124281,0.5574658771943529,0.8466765596825224,0.8816895179124281,0.8510920064498546,0.6875100409051027,0.5574658771943529,0.5729036082704456,0.8574892640570905,0.036769586615264416,0.018813022412359715,3.912398338317871,OK
with_duration,bank_duration_sensitivity:with_duration,bank_marketing,Bank,C:\inetpub\wwwroot\up\uni\mlm\NBEM_Major_Revision_STAGE1_READY_TO_RUN\NBEM_Major_Revision_STAGE1_READY_TO_RUN\datasets\processed\bank_marketing\bank_marketing.csv,y,none,Adaptive Weighted NBEM,42,1,StratifiedKFold_10,10,True,False,45211,16,2,3,6,7,0.8856700574966829,0.5498802961894089,0.854149441986112,0.8856700574966829,0.8504656681624401,0.7250863070823079,0.5498802961894089,0.5621725129524703,0.8588886884751529,0.035969086922705173,0.026862015947699547,3.912311553955078,OK
with_duration,bank_duration_sensitivity:with_duration,bank_marketing,Bank,C:\inetpub\wwwroot\up\uni\mlm\NBEM_Major_Revision_STAGE1_READY_TO_RUN\NBEM_Major_Revision_STAGE1_READY_TO_RUN\datasets\processed\bank_marketing\bank_marketing.csv,y,none,Hybrid NBEM,42,1,StratifiedKFold_10,10,True,False,45211,16,2,3,6,7,0.9007076514816453,0.6936886716214623,0.8893899018695738,0.9007076514816453,0.892777901208135,0.7676362228130037,0.6936886716214623,0.7221651375594411,0.921226513127652,68.16803272720426,0.20022912975400686,61.12900161743164,OK
with_duration,bank_duration_sensitivity:with_duration,bank_marketing,Bank,C:\inetpub\wwwroot\up\uni\mlm\NBEM_Major_Revision_STAGE1_READY_TO_RUN\NBEM_Major_Revision_STAGE1_READY_TO_RUN\datasets\processed\bank_marketing\bank_marketing.csv,y,none,WNB,42,2,StratifiedKFold_10,10,True,False,45211,16,2,3,6,7,0.8832116788321168,0.5,0.7800628696254462,0.8832116788321168,0.8284388615402025,0.4416058394160584,0.5,0.4689922480620155,0.8800082910244442,0.17437222320586443,0.00676494836807251,7.20400333404541,OK
with_duration,bank_duration_sensitivity:with_duration,bank_marketing,Bank,C:\inetpub\wwwroot\up\uni\mlm\NBEM_Major_Revision_STAGE1_READY_TO_RUN\NBEM_Major_Revision_STAGE1_READY_TO_RUN\datasets\processed\bank_marketing\bank_marketing.csv,y,none,NBEM,42,2,StratifiedKFold_10,10,True,False,45211,16,2,3,6,7,0.8865295288652952,0.5799445905334335,0.8586150437615497,0.8865295288652952,0.8604425258332719,0.7216126487410426,0.5799445905334335,0.6043760513121348,0.855266602918744,0.03542146738618612,0.019836499355733395,3.912567138671875,OK
with_duration,bank_duration_sensitivity:with_duration,bank_marketing,Bank,C:\inetpub\wwwroot\up\uni\mlm\NBEM_Major_Revision_STAGE1_READY_TO_RUN\NBEM_Major_Revision_STAGE1_READY_TO_RUN\datasets\processed\bank_marketing\bank_marketing.csv,y,none,Adaptive Weighted NBEM,42,2,StratifiedKFold_10,10,True,False,45211,16,2,3,6,7,0.8874142888741429,0.5615452041071876,0.8588656177148437,0.8874142888741429,0.8553773205978796,0.7361346678798908,0.5615452041071876,0.5799229903813734,0.8534627833557209,0.0364697203040123,0.02705936413258314,3.9119510650634766,OK
with_duration,bank_duration_sensitivity:with_duration,bank_marketing,Bank,C:\inetpub\wwwroot\up\uni\mlm\NBEM_Major_Revision_STAGE1_READY_TO_RUN\NBEM_Major_Revision_STAGE1_READY_TO_RUN\datasets\processed\bank_marketing\bank_marketing.csv,y,none,Hybrid NBEM,42,2,StratifiedKFold_10,10,True,False,45211,16,2,3,6,7,0.8980314089803141,0.6817790508389682,0.8854212117549377,0.8980314089803141,0.8891234629017701,0.7591370112175695,0.6817790508389682,0.7107070862419158,0.9150834035319385,50.270528715103865,0.14180590026080608,61.13077449798584,OK
with_duration,bank_duration_sensitivity:with_duration,bank_marketing,Bank,C:\inetpub\wwwroot\up\uni\mlm\NBEM_Major_Revision_STAGE1_READY_TO_RUN\NBEM_Major_Revision_STAGE1_READY_TO_RUN\datasets\processed\bank_marketing\bank_marketing.csv,y,none,WNB,42,3,StratifiedKFold_10,10,True,False,45211,16,2,3,6,7,0.8829904888299049,0.5,0.7796722033640744,0.8829904888299049,0.8281212337387478,0.44149524441495247,0.5,0.46892987196053093,0.8646553503983393,0.15882783569395542,0.007261308841407299,7.203347206115723,OK
with_duration,bank_duration_sensitivity:with_duration,bank_marketing,Bank,C:\inetpub\wwwroot\up\uni\mlm\NBEM_Major_Revision_STAGE1_READY_TO_RUN\NBEM_Major_Revision_STAGE1_READY_TO_RUN\datasets\processed\bank_marketing\bank_marketing.csv,y,none,NBEM,42,3,StratifiedKFold_10,10,True,False,45211,16,2,3,6,7,0.8856447688564477,0.5662774035784234,0.8554819756119626,0.8856447688564477,0.8558190755253076,0.719119373776908,0.5662774035784234,0.5861418535782107,0.8622675407525828,0.039499145932495594,0.019661364145576954,3.9127254486083984,OK
with_duration,bank_duration_sensitivity:with_duration,bank_marketing,Bank,C:\inetpub\wwwroot\up\uni\mlm\NBEM_Major_Revision_STAGE1_READY_TO_RUN\NBEM_Major_Revision_STAGE1_READY_TO_RUN\datasets\processed\bank_marketing\bank_marketing.csv,y,none,Adaptive Weighted NBEM,42,3,StratifiedKFold_10,10,True,False,45211,16,2,3,6,7,0.8838752488387525,0.5414974561599569,0.8483504693101996,0.8838752488387525,0.8466365672720209,0.7062923728813559,0.5414974561599569,0.5488131163122253,0.8632496562122355,0.036237770691514015,0.03447188902646303,3.912212371826172,OK
with_duration,bank_duration_sensitivity:with_duration,bank_marketing,Bank,C:\inetpub\wwwroot\up\uni\mlm\NBEM_Major_Revision_STAGE1_READY_TO_RUN\NBEM_Major_Revision_STAGE1_READY_TO_RUN\datasets\processed\bank_marketing\bank_marketing.csv,y,none,Hybrid NBEM,42,3,StratifiedKFold_10,10,True,False,45211,16,2,3,6,7,0.8958195089581951,0.6843692110118157,0.8839233654059935,0.8958195089581951,0.8878702277236141,0.7510319295309154,0.6843692110118157,0.71026789923746,0.9136926973038704,48.00768249016255,0.14918083231896162,61.13102626800537,OK
with_duration,bank_duration_sensitivity:with_duration,bank_marketing,Bank,C:\inetpub\wwwroot\up\uni\mlm\NBEM_Major_Revision_STAGE1_READY_TO_RUN\NBEM_Major_Revision_STAGE1_READY_TO_RUN\datasets\processed\bank_marketing\bank_marketing.csv,y,none,WNB,42,4,StratifiedKFold_10,10,True,False,45211,16,2,3,6,7,0.8829904888299049,0.5,0.7796722033640744,0.8829904888299049,0.8281212337387478,0.44149524441495247,0.5,0.46892987196053093,0.875339762701206,0.12005999032407999,0.005616739392280579,7.202393531799316,OK
with_duration,bank_duration_sensitivity:with_duration,bank_marketing,Bank,C:\inetpub\wwwroot\up\uni\mlm\NBEM_Major_Revision_STAGE1_READY_TO_RUN\NBEM_Major_Revision_STAGE1_READY_TO_RUN\datasets\processed\bank_marketing\bank_marketing.csv,y,none,NBEM,42,4,StratifiedKFold_10,10,True,False,45211,16,2,3,6,7,0.8880778588807786,0.5684750881725644,0.8608831939190509,0.8880778588807786,0.8577588108259683,0.7407618613138686,0.5684750881725644,0.5899147715050294,0.8655377863477428,0.030502709560096264,0.01699587982147932,3.912982940673828,OK
with_duration,bank_duration_sensitivity:with_duration,bank_marketing,Bank,C:\inetpub\wwwroot\up\uni\mlm\NBEM_Major_Revision_STAGE1_READY_TO_RUN\NBEM_Major_Revision_STAGE1_READY_TO_RUN\datasets\processed\bank_marketing\bank_marketing.csv,y,none,Adaptive Weighted NBEM,42,4,StratifiedKFold_10,10,True,False,45211,16,2,3,6,7,0.8889626188896262,0.5501177212648359,0.8656574157654351,0.8889626188896262,0.852038482140218,0.7743611279610533,0.5501177212648359,0.5627437184225696,0.8704616226782487,0.030424965545535088,0.02364421170204878,3.912160873413086,OK
with_duration,bank_duration_sensitivity:with_duration,bank_marketing,Bank,C:\inetpub\wwwroot\up\uni\mlm\NBEM_Major_Revision_STAGE1_READY_TO_RUN\NBEM_Major_Revision_STAGE1_READY_TO_RUN\datasets\processed\bank_marketing\bank_marketing.csv,y,none,Hybrid NBEM,42,4,StratifiedKFold_10,10,True,False,45211,16,2,3,6,7,0.9022340190223402,0.6962007663720636,0.8910643429780158,0.9022340190223402,0.8942505687070627,0.7731357205954092,0.6962007663720636,0.7256732001594659,0.9222400377314175,79.4305910449475,0.1664607748389244,61.12858867645264,OK
with_duration,bank_duration_sensitivity:with_duration,bank_marketing,Bank,C:\inetpub\wwwroot\up\uni\mlm\NBEM_Major_Revision_STAGE1_READY_TO_RUN\NBEM_Major_Revision_STAGE1_READY_TO_RUN\datasets\processed\bank_marketing\bank_marketing.csv,y,none,WNB,42,5,StratifiedKFold_10,10,True,False,45211,16,2,3,6,7,0.8829904888299049,0.5,0.7796722033640744,0.8829904888299049,0.8281212337387478,0.44149524441495247,0.5,0.46892987196053093,0.8707036000166685,0.28563867788761854,0.006376659497618675,7.20323371887207,OK
with_duration,bank_duration_sensitivity:with_duration,bank_marketing,Bank,C:\inetpub\wwwroot\up\uni\mlm\NBEM_Major_Revision_STAGE1_READY_TO_RUN\NBEM_Major_Revision_STAGE1_READY_TO_RUN\datasets\processed\bank_marketing\bank_marketing.csv,y,none,NBEM,42,5,StratifiedKFold_10,10,True,False,45211,16,2,3,6,7,0.8818845388188454,0.5510292797314856,0.845532496382119,0.8818845388188454,0.8490751582094345,0.687382844424351,0.5510292797314856,0.5636005726556907,0.8684552469778879,0.035461192950606346,0.018566123209893703,3.9127254486083984,OK
with_duration,bank_duration_sensitivity:with_duration,bank_marketing,Bank,C:\inetpub\wwwroot\up\uni\mlm\NBEM_Major_Revision_STAGE1_READY_TO_RUN\NBEM_Major_Revision_STAGE1_READY_TO_RUN\datasets\processed\bank_marketing\bank_marketing.csv,y,none,Adaptive Weighted NBEM,42,5,StratifiedKFold_10,10,True,False,45211,16,2,3,6,7,0.8838752488387525,0.539857597993719,0.8481440490775118,0.8838752488387525,0.8460296333314519,0.7065683685590034,0.539857597993719,0.5461226161649018,0.8700704812271045,0.037096365354955196,0.02689362596720457,3.9123668670654297,OK
with_duration,bank_duration_sensitivity:with_duration,bank_marketing,Bank,C:\inetpub\wwwroot\up\uni\mlm\NBEM_Major_Revision_STAGE1_READY_TO_RUN\NBEM_Major_Revision_STAGE1_READY_TO_RUN\datasets\processed\bank_marketing\bank_marketing.csv,y,none,Hybrid NBEM,42,5,StratifiedKFold_10,10,True,False,45211,16,2,3,6,7,0.900464499004645,0.7025781241121184,0.8904589483043901,0.900464499004645,0.8938449347516727,0.7649182886124236,0.7025781241121184,0.7277322462875925,0.9168535558830326,61.07453531306237,0.14948155544698238,61.13056755065918,OK
with_duration,bank_duration_sensitivity:with_duration,bank_marketing,Bank,C:\inetpub\wwwroot\up\uni\mlm\NBEM_Major_Revision_STAGE1_READY_TO_RUN\NBEM_Major_Revision_STAGE1_READY_TO_RUN\datasets\processed\bank_marketing\bank_marketing.csv,y,none,WNB,42,6,StratifiedKFold_10,10,True,False,45211,16,2,3,6,7,0.8829904888299049,0.5,0.7796722033640744,0.8829904888299049,0.8281212337387478,0.44149524441495247,0.5,0.46892987196053093,0.8659668107481503,0.19931457843631506,0.01434192806482315,7.203132629394531,OK
with_duration,bank_duration_sensitivity:with_duration,bank_marketing,Bank,C:\inetpub\wwwroot\up\uni\mlm\NBEM_Major_Revision_STAGE1_READY_TO_RUN\NBEM_Major_Revision_STAGE1_READY_TO_RUN\datasets\processed\bank_marketing\bank_marketing.csv,y,none,NBEM,42,6,StratifiedKFold_10,10,True,False,45211,16,2,3,6,7,0.8891838088918381,0.5740209151762883,0.8635029290956758,0.8891838088918381,0.8600357002465422,0.7480056735968319,0.5740209151762883,0.5978541411850888,0.8562252103450758,0.07548062037676573,0.038460289128124714,3.9126691818237305,OK
with_duration,bank_duration_sensitivity:with_duration,bank_marketing,Bank,C:\inetpub\wwwroot\up\uni\mlm\NBEM_Major_Revision_STAGE1_READY_TO_RUN\NBEM_Major_Revision_STAGE1_READY_TO_RUN\datasets\processed\bank_marketing\bank_marketing.csv,y,none,Adaptive Weighted NBEM,42,6,StratifiedKFold_10,10,True,False,45211,16,2,3,6,7,0.8867507188675072,0.5496851453379349,0.8574916466843693,0.8867507188675072,0.8508728893547105,0.7396728478818031,0.5496851453379349,0.5619312065574664,0.8597203859514871,0.06893694214522839,0.038529062643647194,3.9123668670654297,OK
with_duration,bank_duration_sensitivity:with_duration,bank_marketing,Bank,C:\inetpub\wwwroot\up\uni\mlm\NBEM_Major_Revision_STAGE1_READY_TO_RUN\NBEM_Major_Revision_STAGE1_READY_TO_RUN\datasets\processed\bank_marketing\bank_marketing.csv,y,none,Hybrid NBEM,42,6,StratifiedKFold_10,10,True,False,45211,16,2,3,6,7,0.8964830789648308,0.6806453170992268,0.8838832589049949,0.8964830789648308,0.88777960370725,0.7540226134668655,0.6806453170992268,0.7083740393203295,0.9093266874012674,51.36820504348725,0.17299591097980738,61.13040065765381,OK
with_duration,bank_duration_sensitivity:with_duration,bank_marketing,Bank,C:\inetpub\wwwroot\up\uni\mlm\NBEM_Major_Revision_STAGE1_READY_TO_RUN\NBEM_Major_Revision_STAGE1_READY_TO_RUN\datasets\processed\bank_marketing\bank_marketing.csv,y,none,WNB,42,7,StratifiedKFold_10,10,True,False,45211,16,2,3,6,7,0.8829904888299049,0.5,0.7796722033640744,0.8829904888299049,0.8281212337387478,0.44149524441495247,0.5,0.46892987196053093,0.8787182114701995,0.1229676753282547,0.005656464956700802,7.202930450439453,OK
with_duration,bank_duration_sensitivity:with_duration,bank_marketing,Bank,C:\inetpub\wwwroot\up\uni\mlm\NBEM_Major_Revision_STAGE1_READY_TO_RUN\NBEM_Major_Revision_STAGE1_READY_TO_RUN\datasets\processed\bank_marketing\bank_marketing.csv,y,none,NBEM,42,7,StratifiedKFold_10,10,True,False,45211,16,2,3,6,7,0.8865295288652952,0.5684182637486693,0.8574884984228849,0.8865295288652952,0.8569345952504502,0.7261972602739726,0.5684182637486693,0.5893438508425959,0.855327384447534,0.030740637332201004,0.015998885966837406,3.9126739501953125,OK
with_duration,bank_duration_sensitivity:with_duration,bank_marketing,Bank,C:\inetpub\wwwroot\up\uni\mlm\NBEM_Major_Revision_STAGE1_READY_TO_RUN\NBEM_Major_Revision_STAGE1_READY_TO_RUN\datasets\processed\bank_marketing\bank_marketing.csv,y,none,Adaptive Weighted NBEM,42,7,StratifiedKFold_10,10,True,False,45211,16,2,3,6,7,0.8865295288652952,0.5511997530031708,0.8567394582120368,0.8865295288652952,0.8513046115875448,0.7353712056564672,0.5511997530031708,0.5642836973926041,0.8556669103803068,0.030960197560489178,0.024281537160277367,3.9125213623046875,OK
with_duration,bank_duration_sensitivity:with_duration,bank_marketing,Bank,C:\inetpub\wwwroot\up\uni\mlm\NBEM_Major_Revision_STAGE1_READY_TO_RUN\NBEM_Major_Revision_STAGE1_READY_TO_RUN\datasets\processed\bank_marketing\bank_marketing.csv,y,none,Hybrid NBEM,42,7,StratifiedKFold_10,10,True,False,45211,16,2,3,6,7,0.9077637690776377,0.6944124543983998,0.8964011541446844,0.9077637690776377,0.8980797961941497,0.7985187274958845,0.6944124543983998,0.7312360245746516,0.9163975398812748,50.28340035490692,0.14700145833194256,61.13298988342285,OK
with_duration,bank_duration_sensitivity:with_duration,bank_marketing,Bank,C:\inetpub\wwwroot\up\uni\mlm\NBEM_Major_Revision_STAGE1_READY_TO_RUN\NBEM_Major_Revision_STAGE1_READY_TO_RUN\datasets\processed\bank_marketing\bank_marketing.csv,y,none,WNB,42,8,StratifiedKFold_10,10,True,False,45211,16,2,3,6,7,0.8829904888299049,0.5,0.7796722033640744,0.8829904888299049,0.8281212337387478,0.44149524441495247,0.5,0.46892987196053093,0.8801688916585534,0.24121949449181557,0.007189972326159477,7.204048156738281,OK
with_duration,bank_duration_sensitivity:with_duration,bank_marketing,Bank,C:\inetpub\wwwroot\up\uni\mlm\NBEM_Major_Revision_STAGE1_READY_TO_RUN\NBEM_Major_Revision_STAGE1_READY_TO_RUN\datasets\processed\bank_marketing\bank_marketing.csv,y,none,NBEM,42,8,StratifiedKFold_10,10,True,False,45211,16,2,3,6,7,0.8900685689006856,0.5687824135984635,0.8659450125656748,0.8900685689006856,0.8588911014478994,0.7622975242429167,0.5687824135984635,0.5909814989938081,0.8591706096503025,0.038258242420852184,0.02130123507231474,3.9127254486083984,OK
with_duration,bank_duration_sensitivity:with_duration,bank_marketing,Bank,C:\inetpub\wwwroot\up\uni\mlm\NBEM_Major_Revision_STAGE1_READY_TO_RUN\NBEM_Major_Revision_STAGE1_READY_TO_RUN\datasets\processed\bank_marketing\bank_marketing.csv,y,none,Adaptive Weighted NBEM,42,8,StratifiedKFold_10,10,True,False,45211,16,2,3,6,7,0.8905109489051095,0.5550941201874449,0.8705353035999592,0.8905109489051095,0.8545389122329957,0.7917475362972993,0.5550941201874449,0.5707777208992149,0.8607039220217372,0.03811642620712519,0.0308751929551363,3.9129638671875,OK
with_duration,bank_duration_sensitivity:with_duration,bank_marketing,Bank,C:\inetpub\wwwroot\up\uni\mlm\NBEM_Major_Revision_STAGE1_READY_TO_RUN\NBEM_Major_Revision_STAGE1_READY_TO_RUN\datasets\processed\bank_marketing\bank_marketing.csv,y,none,Hybrid NBEM,42,8,StratifiedKFold_10,10,True,False,45211,16,2,3,6,7,0.9055518690555187,0.6956197366377367,0.8941561855041958,0.9055518690555187,0.8966139424049507,0.7874987472927605,0.6956197366377367,0.7293056181297244,0.9247616215417602,73.06416128296405,0.1400395892560482,61.132774353027344,OK
with_duration,bank_duration_sensitivity:with_duration,bank_marketing,Bank,C:\inetpub\wwwroot\up\uni\mlm\NBEM_Major_Revision_STAGE1_READY_TO_RUN\NBEM_Major_Revision_STAGE1_READY_TO_RUN\datasets\processed\bank_marketing\bank_marketing.csv,y,none,WNB,42,9,StratifiedKFold_10,10,True,False,45211,16,2,3,6,7,0.8829904888299049,0.5,0.7796722033640744,0.8829904888299049,0.8281212337387478,0.44149524441495247,0.5,0.46892987196053093,0.8617390736103586,0.14789123460650444,0.006650895811617374,7.202061653137207,OK
with_duration,bank_duration_sensitivity:with_duration,bank_marketing,Bank,C:\inetpub\wwwroot\up\uni\mlm\NBEM_Major_Revision_STAGE1_READY_TO_RUN\NBEM_Major_Revision_STAGE1_READY_TO_RUN\datasets\processed\bank_marketing\bank_marketing.csv,y,none,NBEM,42,9,StratifiedKFold_10,10,True,False,45211,16,2,3,6,7,0.8874142888741429,0.5680993366695584,0.8593571229105895,0.8874142888741429,0.8572972724283182,0.7344702774969838,0.5680993366695584,0.5891861465879811,0.8613782385186252,0.03744621016085148,0.01902703009545803,3.9126739501953125,OK
with_duration,bank_duration_sensitivity:with_duration,bank_marketing,Bank,C:\inetpub\wwwroot\up\uni\mlm\NBEM_Major_Revision_STAGE1_READY_TO_RUN\NBEM_Major_Revision_STAGE1_READY_TO_RUN\datasets\processed\bank_marketing\bank_marketing.csv,y,none,Adaptive Weighted NBEM,42,9,StratifiedKFold_10,10,True,False,45211,16,2,3,6,7,0.8874142888741429,0.5492409677578218,0.85979996316473,0.8874142888741429,0.8510172702532376,0.7498822505995608,0.5492409677578218,0.5612635335079619,0.8667434112080492,0.03560343664139509,0.027353678829967976,3.9123153686523438,OK
with_duration,bank_duration_sensitivity:with_duration,bank_marketing,Bank,C:\inetpub\wwwroot\up\uni\mlm\NBEM_Major_Revision_STAGE1_READY_TO_RUN\NBEM_Major_Revision_STAGE1_READY_TO_RUN\datasets\processed\bank_marketing\bank_marketing.csv,y,none,Hybrid NBEM,42,9,StratifiedKFold_10,10,True,False,45211,16,2,3,6,7,0.896040698960407,0.6820346742634608,0.8837304450204785,0.896040698960407,0.8876763149924455,0.7521551073847603,0.6820346742634608,0.7088746996773175,0.9081693633012717,64.75119156483561,0.16317676100879908,61.1288366317749,OK
with_duration,bank_duration_sensitivity:with_duration,bank_marketing,Bank,C:\inetpub\wwwroot\up\uni\mlm\NBEM_Major_Revision_STAGE1_READY_TO_RUN\NBEM_Major_Revision_STAGE1_READY_TO_RUN\datasets\processed\bank_marketing\bank_marketing.csv,y,none,WNB,42,10,StratifiedKFold_10,10,True,False,45211,16,2,3,6,7,0.8829904888299049,0.5,0.7796722033640744,0.8829904888299049,0.8281212337387478,0.44149524441495247,0.5,0.46892987196053093,0.8690869451568543,0.15368396416306496,0.00681962538510561,7.203729629516602,OK
with_duration,bank_duration_sensitivity:with_duration,bank_marketing,Bank,C:\inetpub\wwwroot\up\uni\mlm\NBEM_Major_Revision_STAGE1_READY_TO_RUN\NBEM_Major_Revision_STAGE1_READY_TO_RUN\datasets\processed\bank_marketing\bank_marketing.csv,y,none,NBEM,42,10,StratifiedKFold_10,10,True,False,45211,16,2,3,6,7,0.8834328688343287,0.5568256077372136,0.8497271877466347,0.8834328688343287,0.8517229213311837,0.7012249312495809,0.5568256077372136,0.5723042236126308,0.8558586928109525,0.0392381502315402,0.02735965885221958,3.9125146865844727,OK
with_duration,bank_duration_sensitivity:with_duration,bank_marketing,Bank,C:\inetpub\wwwroot\up\uni\mlm\NBEM_Major_Revision_STAGE1_READY_TO_RUN\NBEM_Major_Revision_STAGE1_READY_TO_RUN\datasets\processed\bank_marketing\bank_marketing.csv,y,none,Adaptive Weighted NBEM,42,10,StratifiedKFold_10,10,True,False,45211,16,2,3,6,7,0.8845388188453882,0.5459728530785579,0.8507366892227546,0.8845388188453882,0.8485497621024771,0.7133461083739512,0.5459728530785579,0.5559908336970755,0.8603113599599956,0.06067479494959116,0.054509153589606285,3.912160873413086,OK
with_duration,bank_duration_sensitivity:with_duration,bank_marketing,Bank,C:\inetpub\wwwroot\up\uni\mlm\NBEM_Major_Revision_STAGE1_READY_TO_RUN\NBEM_Major_Revision_STAGE1_READY_TO_RUN\datasets\processed\bank_marketing\bank_marketing.csv,y,none,Hybrid NBEM,42,10,StratifiedKFold_10,10,True,False,45211,16,2,3,6,7,0.8986949789869498,0.6876373256910797,0.8868000579998581,0.8986949789869498,0.8904225349951012,0.7612143525782167,0.6876373256910797,0.715742818264786,0.9120083266722481,47.86938486341387,0.14339750166982412,61.13033866882324,OK
with_duration,bank_duration_sensitivity:with_duration,bank_marketing,Bank,C:\inetpub\wwwroot\up\uni\mlm\NBEM_Major_Revision_STAGE1_READY_TO_RUN\NBEM_Major_Revision_STAGE1_READY_TO_RUN\datasets\processed\bank_marketing\bank_marketing.csv,y,none,WNB,87,1,StratifiedKFold_10,10,True,False,45211,16,2,3,6,7,0.883016364440513,0.5,0.7797178998697409,0.883016364440513,0.828158389479969,0.4415081822202565,0.5,0.46893716970052846,0.8696073516176939,0.13079881574958563,0.005759410560131073,7.202666282653809,OK
with_duration,bank_duration_sensitivity:with_duration,bank_marketing,Bank,C:\inetpub\wwwroot\up\uni\mlm\NBEM_Major_Revision_STAGE1_READY_TO_RUN\NBEM_Major_Revision_STAGE1_READY_TO_RUN\datasets\processed\bank_marketing\bank_marketing.csv,y,none,NBEM,87,1,StratifiedKFold_10,10,True,False,45211,16,2,3,6,7,0.8883237505528527,0.5825414229154329,0.8621134909071989,0.8883237505528527,0.8620479443574947,0.7356617647058823,0.5825414229154329,0.6085120316535391,0.8627584094471563,0.031345924362540245,0.016443559899926186,3.9127120971679688,OK
with_duration,bank_duration_sensitivity:with_duration,bank_marketing,Bank,C:\inetpub\wwwroot\up\uni\mlm\NBEM_Major_Revision_STAGE1_READY_TO_RUN\NBEM_Major_Revision_STAGE1_READY_TO_RUN\datasets\processed\bank_marketing\bank_marketing.csv,y,none,Adaptive Weighted NBEM,87,1,StratifiedKFold_10,10,True,False,45211,16,2,3,6,7,0.8903140203449801,0.5672691861040374,0.8667712444612291,0.8903140203449801,0.8585552039384831,0.7668298527194233,0.5672691861040374,0.5889166254284196,0.8639277525840352,0.03080001287162304,0.02323242835700512,3.912260055541992,OK
with_duration,bank_duration_sensitivity:with_duration,bank_marketing,Bank,C:\inetpub\wwwroot\up\uni\mlm\NBEM_Major_Revision_STAGE1_READY_TO_RUN\NBEM_Major_Revision_STAGE1_READY_TO_RUN\datasets\processed\bank_marketing\bank_marketing.csv,y,none,Hybrid NBEM,87,1,StratifiedKFold_10,10,True,False,45211,16,2,3,6,7,0.9040247678018576,0.7193458116922005,0.8957451635658458,0.9040247678018576,0.8986995242598477,0.774217413254215,0.7193458116922005,0.7423720358740628,0.9174775138155289,73.1700429469347,0.14239110983908176,61.128968238830566,OK
with_duration,bank_duration_sensitivity:with_duration,bank_marketing,Bank,C:\inetpub\wwwroot\up\uni\mlm\NBEM_Major_Revision_STAGE1_READY_TO_RUN\NBEM_Major_Revision_STAGE1_READY_TO_RUN\datasets\processed\bank_marketing\bank_marketing.csv,y,none,WNB,87,2,StratifiedKFold_10,10,True,False,45211,16,2,3,6,7,0.8832116788321168,0.5,0.7800628696254462,0.8832116788321168,0.8284388615402025,0.4416058394160584,0.5,0.4689922480620155,0.8726293741320037,0.18468303233385086,0.006805100478231907,7.2037353515625,OK
with_duration,bank_duration_sensitivity:with_duration,bank_marketing,Bank,C:\inetpub\wwwroot\up\uni\mlm\NBEM_Major_Revision_STAGE1_READY_TO_RUN\NBEM_Major_Revision_STAGE1_READY_TO_RUN\datasets\processed\bank_marketing\bank_marketing.csv,y,none,NBEM,87,2,StratifiedKFold_10,10,True,False,45211,16,2,3,6,7,0.8790090687900907,0.5518563736538944,0.8408843635314587,0.8790090687900907,0.8481473820286415,0.6656826344583024,0.5518563736538944,0.5644981920328286,0.8527783469556572,0.048564781434834,0.020190189592540264,3.912464141845703,OK
with_duration,bank_duration_sensitivity:with_duration,bank_marketing,Bank,C:\inetpub\wwwroot\up\uni\mlm\NBEM_Major_Revision_STAGE1_READY_TO_RUN\NBEM_Major_Revision_STAGE1_READY_TO_RUN\datasets\processed\bank_marketing\bank_marketing.csv,y,none,Adaptive Weighted NBEM,87,2,StratifiedKFold_10,10,True,False,45211,16,2,3,6,7,0.880557398805574,0.5371196468820436,0.8387721180017728,0.880557398805574,0.8438034265229737,0.6672247270240816,0.5371196468820436,0.5420202180888264,0.8538118791217966,0.03935903590172529,0.029260097071528435,3.912461280822754,OK
with_duration,bank_duration_sensitivity:with_duration,bank_marketing,Bank,C:\inetpub\wwwroot\up\uni\mlm\NBEM_Major_Revision_STAGE1_READY_TO_RUN\NBEM_Major_Revision_STAGE1_READY_TO_RUN\datasets\processed\bank_marketing\bank_marketing.csv,y,none,Hybrid NBEM,87,2,StratifiedKFold_10,10,True,False,45211,16,2,3,6,7,0.9011280690112807,0.6695623591284748,0.887009753841737,0.9011280690112807,0.889375042609108,0.776331106641581,0.6695623591284748,0.705102479335225,0.9141537463288025,36.1032789722085,0.1430382588878274,61.130393981933594,OK
with_duration,bank_duration_sensitivity:with_duration,bank_marketing,Bank,C:\inetpub\wwwroot\up\uni\mlm\NBEM_Major_Revision_STAGE1_READY_TO_RUN\NBEM_Major_Revision_STAGE1_READY_TO_RUN\datasets\processed\bank_marketing\bank_marketing.csv,y,none,WNB,87,3,StratifiedKFold_10,10,True,False,45211,16,2,3,6,7,0.8829904888299049,0.5,0.7796722033640744,0.8829904888299049,0.8281212337387478,0.44149524441495247,0.5,0.46892987196053093,0.8745409060086147,0.15756130404770374,0.0069221435114741325,7.203783988952637,OK
with_duration,bank_duration_sensitivity:with_duration,bank_marketing,Bank,C:\inetpub\wwwroot\up\uni\mlm\NBEM_Major_Revision_STAGE1_READY_TO_RUN\NBEM_Major_Revision_STAGE1_READY_TO_RUN\datasets\processed\bank_marketing\bank_marketing.csv,y,none,NBEM,87,3,StratifiedKFold_10,10,True,False,45211,16,2,3,6,7,0.8887414288874143,0.5688508396755705,0.8624747389197506,0.8887414288874143,0.8582212497668806,0.7473335397323844,0.5688508396755705,0.5906481350974938,0.8662031056441806,0.0369541198015213,0.02026195265352726,3.9125194549560547,OK
with_duration,bank_duration_sensitivity:with_duration,bank_marketing,Bank,C:\inetpub\wwwroot\up\uni\mlm\NBEM_Major_Revision_STAGE1_READY_TO_RUN\NBEM_Major_Revision_STAGE1_READY_TO_RUN\datasets\processed\bank_marketing\bank_marketing.csv,y,none,Adaptive Weighted NBEM,87,3,StratifiedKFold_10,10,True,False,45211,16,2,3,6,7,0.8876354788763547,0.5477263600925859,0.8608643826791424,0.8876354788763547,0.8505696599539858,0.7555140348030666,0.5477263600925859,0.5588448169354319,0.8679291475199928,0.030904666520655155,0.02277408540248871,3.912109375,OK
with_duration,bank_duration_sensitivity:with_duration,bank_marketing,Bank,C:\inetpub\wwwroot\up\uni\mlm\NBEM_Major_Revision_STAGE1_READY_TO_RUN\NBEM_Major_Revision_STAGE1_READY_TO_RUN\datasets\processed\bank_marketing\bank_marketing.csv,y,none,Hybrid NBEM,87,3,StratifiedKFold_10,10,True,False,45211,16,2,3,6,7,0.9031187790311878,0.7008014137916665,0.8924403673212212,0.9031187790311878,0.895554777505732,0.7754171402591499,0.7008014137916665,0.7297690985015967,0.9188163661917408,59.70808461867273,0.1496519921347499,61.13134574890137,OK
with_duration,bank_duration_sensitivity:with_duration,bank_marketing,Bank,C:\inetpub\wwwroot\up\uni\mlm\NBEM_Major_Revision_STAGE1_READY_TO_RUN\NBEM_Major_Revision_STAGE1_READY_TO_RUN\datasets\processed\bank_marketing\bank_marketing.csv,y,none,WNB,87,4,StratifiedKFold_10,10,True,False,45211,16,2,3,6,7,0.8829904888299049,0.5,0.7796722033640744,0.8829904888299049,0.8281212337387478,0.44149524441495247,0.5,0.46892987196053093,0.8667348875444651,0.15648955758661032,0.006442013196647167,7.203729629516602,OK
with_duration,bank_duration_sensitivity:with_duration,bank_marketing,Bank,C:\inetpub\wwwroot\up\uni\mlm\NBEM_Major_Revision_STAGE1_READY_TO_RUN\NBEM_Major_Revision_STAGE1_READY_TO_RUN\datasets\processed\bank_marketing\bank_marketing.csv,y,none,NBEM,87,4,StratifiedKFold_10,10,True,False,45211,16,2,3,6,7,0.8867507188675072,0.5644438688340765,0.8576644498692422,0.8867507188675072,0.855814097699035,0.7298398946141764,0.5644438688340765,0.5839016126573614,0.8469377317962958,0.03561838809400797,0.018764326348900795,3.9128284454345703,OK
with_duration,bank_duration_sensitivity:with_duration,bank_marketing,Bank,C:\inetpub\wwwroot\up\uni\mlm\NBEM_Major_Revision_STAGE1_READY_TO_RUN\NBEM_Major_Revision_STAGE1_READY_TO_RUN\datasets\processed\bank_marketing\bank_marketing.csv,y,none,Adaptive Weighted NBEM,87,4,StratifiedKFold_10,10,True,False,45211,16,2,3,6,7,0.8869719088697191,0.5498103958389369,0.8582124107757133,0.8869719088697191,0.8510186758665992,0.7426739630964301,0.5498103958389369,0.5621415392313225,0.8475897920604915,0.03448256757110357,0.026693287305533886,3.9124183654785156,OK
with_duration,bank_duration_sensitivity:with_duration,bank_marketing,Bank,C:\inetpub\wwwroot\up\uni\mlm\NBEM_Major_Revision_STAGE1_READY_TO_RUN\NBEM_Major_Revision_STAGE1_READY_TO_RUN\datasets\processed\bank_marketing\bank_marketing.csv,y,none,Hybrid NBEM,87,4,StratifiedKFold_10,10,True,False,45211,16,2,3,6,7,0.9022340190223402,0.6953808372889446,0.8909597801636973,0.9022340190223402,0.8941326138028464,0.7733613188158643,0.6953808372889446,0.7251255880491898,0.9137580453913499,53.96664172038436,0.15409403759986162,61.13031482696533,OK
with_duration,bank_duration_sensitivity:with_duration,bank_marketing,Bank,C:\inetpub\wwwroot\up\uni\mlm\NBEM_Major_Revision_STAGE1_READY_TO_RUN\NBEM_Major_Revision_STAGE1_READY_TO_RUN\datasets\processed\bank_marketing\bank_marketing.csv,y,none,WNB,87,5,StratifiedKFold_10,10,True,False,45211,16,2,3,6,7,0.8829904888299049,0.5,0.7796722033640744,0.8829904888299049,0.8281212337387478,0.44149524441495247,0.5,0.46892987196053093,0.8797694633122578,0.12424702197313309,0.006235695444047451,7.202297210693359,OK
with_duration,bank_duration_sensitivity:with_duration,bank_marketing,Bank,C:\inetpub\wwwroot\up\uni\mlm\NBEM_Major_Revision_STAGE1_READY_TO_RUN\NBEM_Major_Revision_STAGE1_READY_TO_RUN\datasets\processed\bank_marketing\bank_marketing.csv,y,none,NBEM,87,5,StratifiedKFold_10,10,True,False,45211,16,2,3,6,7,0.8832116788321168,0.5616199317349254,0.8501958347856918,0.8832116788321168,0.853136398882807,0.6997565348741535,0.5616199317349254,0.5790556239763335,0.8473999037773087,0.03300373628735542,0.017530257813632488,3.9125194549560547,OK
with_duration,bank_duration_sensitivity:with_duration,bank_marketing,Bank,C:\inetpub\wwwroot\up\uni\mlm\NBEM_Major_Revision_STAGE1_READY_TO_RUN\NBEM_Major_Revision_STAGE1_READY_TO_RUN\datasets\processed\bank_marketing\bank_marketing.csv,y,none,Adaptive Weighted NBEM,87,5,StratifiedKFold_10,10,True,False,45211,16,2,3,6,7,0.8829904888299049,0.5418163832390679,0.845982808646522,0.8829904888299049,0.8463702097977374,0.6959153654673003,0.5418163832390679,0.5493771739935308,0.8510281432430077,0.03188372030854225,0.02412348799407482,3.912160873413086,OK
with_duration,bank_duration_sensitivity:with_duration,bank_marketing,Bank,C:\inetpub\wwwroot\up\uni\mlm\NBEM_Major_Revision_STAGE1_READY_TO_RUN\NBEM_Major_Revision_STAGE1_READY_TO_RUN\datasets\processed\bank_marketing\bank_marketing.csv,y,none,Hybrid NBEM,87,5,StratifiedKFold_10,10,True,False,45211,16,2,3,6,7,0.8998009289980093,0.6866237200298517,0.8876282354609566,0.8998009289980093,0.891070010389509,0.7657957565048492,0.6866237200298517,0.7163002350066388,0.9177442787275875,48.655451129190624,0.143944694660604,61.12693119049072,OK
with_duration,bank_duration_sensitivity:with_duration,bank_marketing,Bank,C:\inetpub\wwwroot\up\uni\mlm\NBEM_Major_Revision_STAGE1_READY_TO_RUN\NBEM_Major_Revision_STAGE1_READY_TO_RUN\datasets\processed\bank_marketing\bank_marketing.csv,y,none,WNB,87,6,StratifiedKFold_10,10,True,False,45211,16,2,3,6,7,0.8829904888299049,0.5,0.7796722033640744,0.8829904888299049,0.8281212337387478,0.44149524441495247,0.5,0.46892987196053093,0.8788702168041186,0.12491809204220772,0.005652193911373615,7.20281982421875,OK
with_duration,bank_duration_sensitivity:with_duration,bank_marketing,Bank,C:\inetpub\wwwroot\up\uni\mlm\NBEM_Major_Revision_STAGE1_READY_TO_RUN\NBEM_Major_Revision_STAGE1_READY_TO_RUN\datasets\processed\bank_marketing\bank_marketing.csv,y,none,NBEM,87,6,StratifiedKFold_10,10,True,False,45211,16,2,3,6,7,0.8876354788763547,0.5698644453367984,0.859932272502756,0.8876354788763547,0.8579550829511586,0.7356625786274027,0.5698644453367984,0.5916773340160437,0.8626856738050772,0.030818380415439606,0.01617444958537817,3.9126739501953125,OK
with_duration,bank_duration_sensitivity:with_duration,bank_marketing,Bank,C:\inetpub\wwwroot\up\uni\mlm\NBEM_Major_Revision_STAGE1_READY_TO_RUN\NBEM_Major_Revision_STAGE1_READY_TO_RUN\datasets\processed\bank_marketing\bank_marketing.csv,y,none,Adaptive Weighted NBEM,87,6,StratifiedKFold_10,10,True,False,45211,16,2,3,6,7,0.8887414288874143,0.5573718325119047,0.8632464649171289,0.8887414288874143,0.8544834396215693,0.7588858736297783,0.5573718325119047,0.5740214613056799,0.8652858647351414,0.030166106298565865,0.023192276246845722,3.912160873413086,OK
with_duration,bank_duration_sensitivity:with_duration,bank_marketing,Bank,C:\inetpub\wwwroot\up\uni\mlm\NBEM_Major_Revision_STAGE1_READY_TO_RUN\NBEM_Major_Revision_STAGE1_READY_TO_RUN\datasets\processed\bank_marketing\bank_marketing.csv,y,none,Hybrid NBEM,87,6,StratifiedKFold_10,10,True,False,45211,16,2,3,6,7,0.9020128290201282,0.6936157286217046,0.8905362471904502,0.9020128290201282,0.893714654575337,0.7729522150124168,0.6936157286217046,0.7236757308930153,0.9186037481390001,47.264308823272586,0.1456494927406311,61.1309289932251,OK
with_duration,bank_duration_sensitivity:with_duration,bank_marketing,Bank,C:\inetpub\wwwroot\up\uni\mlm\NBEM_Major_Revision_STAGE1_READY_TO_RUN\NBEM_Major_Revision_STAGE1_READY_TO_RUN\datasets\processed\bank_marketing\bank_marketing.csv,y,none,WNB,87,7,StratifiedKFold_10,10,True,False,45211,16,2,3,6,7,0.8829904888299049,0.5,0.7796722033640744,0.8829904888299049,0.8281212337387478,0.44149524441495247,0.5,0.46892987196053093,0.8699762473908119,0.14842689409852028,0.0060374923050403595,7.202570915222168,OK
with_duration,bank_duration_sensitivity:with_duration,bank_marketing,Bank,C:\inetpub\wwwroot\up\uni\mlm\NBEM_Major_Revision_STAGE1_READY_TO_RUN\NBEM_Major_Revision_STAGE1_READY_TO_RUN\datasets\processed\bank_marketing\bank_marketing.csv,y,none,NBEM,87,7,StratifiedKFold_10,10,True,False,45211,16,2,3,6,7,0.8874142888741429,0.5738388402513912,0.8597225762620169,0.8874142888741429,0.8590321915778174,0.7318607085609605,0.5738388402513912,0.5969329837453499,0.8659980641812925,0.0314621115103364,0.016406825743615627,3.9125661849975586,OK
with_duration,bank_duration_sensitivity:with_duration,bank_marketing,Bank,C:\inetpub\wwwroot\up\uni\mlm\NBEM_Major_Revision_STAGE1_READY_TO_RUN\NBEM_Major_Revision_STAGE1_READY_TO_RUN\datasets\processed\bank_marketing\bank_marketing.csv,y,none,Adaptive Weighted NBEM,87,7,StratifiedKFold_10,10,True,False,45211,16,2,3,6,7,0.887193098871931,0.5491157172568198,0.8590318234741863,0.887193098871931,0.8508717228477024,0.7466787166741979,0.5491157172568198,0.5610539229124404,0.8682203726924548,0.029728692956268787,0.0232072276994586,3.9123106002807617,OK
with_duration,bank_duration_sensitivity:with_duration,bank_marketing,Bank,C:\inetpub\wwwroot\up\uni\mlm\NBEM_Major_Revision_STAGE1_READY_TO_RUN\NBEM_Major_Revision_STAGE1_READY_TO_RUN\datasets\processed\bank_marketing\bank_marketing.csv,y,none,Hybrid NBEM,87,7,StratifiedKFold_10,10,True,False,45211,16,2,3,6,7,0.9033399690333996,0.7042063806251444,0.8930747810178598,0.9033399690333996,0.8961909380195604,0.7753650257270822,0.7042063806251444,0.7322366704637631,0.9159519416905645,49.09099895041436,0.1678289705887437,61.130496978759766,OK
with_duration,bank_duration_sensitivity:with_duration,bank_marketing,Bank,C:\inetpub\wwwroot\up\uni\mlm\NBEM_Major_Revision_STAGE1_READY_TO_RUN\NBEM_Major_Revision_STAGE1_READY_TO_RUN\datasets\processed\bank_marketing\bank_marketing.csv,y,none,WNB,87,8,StratifiedKFold_10,10,True,False,45211,16,2,3,6,7,0.8829904888299049,0.5,0.7796722033640744,0.8829904888299049,0.8281212337387478,0.44149524441495247,0.5,0.46892987196053093,0.872169196616295,0.17254610918462276,0.006969558075070381,7.203128814697266,OK
with_duration,bank_duration_sensitivity:with_duration,bank_marketing,Bank,C:\inetpub\wwwroot\up\uni\mlm\NBEM_Major_Revision_STAGE1_READY_TO_RUN\NBEM_Major_Revision_STAGE1_READY_TO_RUN\datasets\processed\bank_marketing\bank_marketing.csv,y,none,NBEM,87,8,StratifiedKFold_10,10,True,False,45211,16,2,3,6,7,0.887193098871931,0.5687940152516754,0.8589123360758577,0.887193098871931,0.8573958509942734,0.7320518677302597,0.5687940152516754,0.5900697644649258,0.8700704812271044,0.07041363697499037,0.03663460444658995,3.9126224517822266,OK
with_duration,bank_duration_sensitivity:with_duration,bank_marketing,Bank,C:\inetpub\wwwroot\up\uni\mlm\NBEM_Major_Revision_STAGE1_READY_TO_RUN\NBEM_Major_Revision_STAGE1_READY_TO_RUN\datasets\processed\bank_marketing\bank_marketing.csv,y,none,Adaptive Weighted NBEM,87,8,StratifiedKFold_10,10,True,False,45211,16,2,3,6,7,0.8878566688785667,0.5519512560091828,0.8609996321916452,0.8878566688785667,0.8521848701846688,0.7531041356176204,0.5519512560091828,0.5655690027207054,0.8739454333998812,0.06961100082844496,0.05380562040954828,3.9124650955200195,OK
with_duration,bank_duration_sensitivity:with_duration,bank_marketing,Bank,C:\inetpub\wwwroot\up\uni\mlm\NBEM_Major_Revision_STAGE1_READY_TO_RUN\NBEM_Major_Revision_STAGE1_READY_TO_RUN\datasets\processed\bank_marketing\bank_marketing.csv,y,none,Hybrid NBEM,87,8,StratifiedKFold_10,10,True,False,45211,16,2,3,6,7,0.9031187790311878,0.6811231157968111,0.890249819376821,0.9031187790311878,0.892625021164139,0.7820818405344134,0.6811231157968111,0.7162178197389465,0.9215003731470502,31.664568879641593,0.16617372259497643,61.13006782531738,OK
with_duration,bank_duration_sensitivity:with_duration,bank_marketing,Bank,C:\inetpub\wwwroot\up\uni\mlm\NBEM_Major_Revision_STAGE1_READY_TO_RUN\NBEM_Major_Revision_STAGE1_READY_TO_RUN\datasets\processed\bank_marketing\bank_marketing.csv,y,none,WNB,87,9,StratifiedKFold_10,10,True,False,45211,16,2,3,6,7,0.8829904888299049,0.5,0.7796722033640744,0.8829904888299049,0.8281212337387478,0.44149524441495247,0.5,0.46892987196053093,0.8700321247409754,0.12838364951312542,0.005990077741444111,7.201964378356934,OK
with_duration,bank_duration_sensitivity:with_duration,bank_marketing,Bank,C:\inetpub\wwwroot\up\uni\mlm\NBEM_Major_Revision_STAGE1_READY_TO_RUN\NBEM_Major_Revision_STAGE1_READY_TO_RUN\datasets\processed\bank_marketing\bank_marketing.csv,y,none,NBEM,87,9,StratifiedKFold_10,10,True,False,45211,16,2,3,6,7,0.8863083388630834,0.5707528004970243,0.8572743272185093,0.8863083388630834,0.8575248179859598,0.7235711592329239,0.5707528004970243,0.5924255286309617,0.8576879657235075,0.03279229160398245,0.01692881528288126,3.911836624145508,OK
with_duration,bank_duration_sensitivity:with_duration,bank_marketing,Bank,C:\inetpub\wwwroot\up\uni\mlm\NBEM_Major_Revision_STAGE1_READY_TO_RUN\NBEM_Major_Revision_STAGE1_READY_TO_RUN\datasets\processed\bank_marketing\bank_marketing.csv,y,none,Adaptive Weighted NBEM,87,9,StratifiedKFold_10,10,True,False,45211,16,2,3,6,7,0.8863083388630834,0.5518944315852878,0.8560766488431729,0.8863083388630834,0.8514436667877052,0.7320335889629005,0.5518944315852878,0.5653385497331197,0.8606560947982923,0.036283478140830994,0.028128120116889477,3.911130905151367,OK
with_duration,bank_duration_sensitivity:with_duration,bank_marketing,Bank,C:\inetpub\wwwroot\up\uni\mlm\NBEM_Major_Revision_STAGE1_READY_TO_RUN\NBEM_Major_Revision_STAGE1_READY_TO_RUN\datasets\processed\bank_marketing\bank_marketing.csv,y,none,Hybrid NBEM,87,9,StratifiedKFold_10,10,True,False,45211,16,2,3,6,7,0.9046671090466711,0.7057778127142754,0.8944390127671394,0.9046671090466711,0.8973929260061098,0.7801812791670804,0.7057778127142754,0.7348735978160197,0.9216310693220089,61.94336358457804,0.16294225119054317,61.127647399902344,OK
with_duration,bank_duration_sensitivity:with_duration,bank_marketing,Bank,C:\inetpub\wwwroot\up\uni\mlm\NBEM_Major_Revision_STAGE1_READY_TO_RUN\NBEM_Major_Revision_STAGE1_READY_TO_RUN\datasets\processed\bank_marketing\bank_marketing.csv,y,none,WNB,87,10,StratifiedKFold_10,10,True,False,45211,16,2,3,6,7,0.8829904888299049,0.5,0.7796722033640744,0.8829904888299049,0.8281212337387478,0.44149524441495247,0.5,0.46892987196053093,0.8678041337874237,0.20159732643514872,0.006791430525481701,7.201632499694824,OK
with_duration,bank_duration_sensitivity:with_duration,bank_marketing,Bank,C:\inetpub\wwwroot\up\uni\mlm\NBEM_Major_Revision_STAGE1_READY_TO_RUN\NBEM_Major_Revision_STAGE1_READY_TO_RUN\datasets\processed\bank_marketing\bank_marketing.csv,y,none,NBEM,87,10,StratifiedKFold_10,10,True,False,45211,16,2,3,6,7,0.8867507188675072,0.5578844361691246,0.857381777375012,0.8867507188675072,0.8536891973021475,0.7333517232426818,0.5578844361691246,0.5744402968610736,0.8668745809198738,0.03843209706246853,0.019091530703008175,3.9127769470214844,OK
with_duration,bank_duration_sensitivity:with_duration,bank_marketing,Bank,C:\inetpub\wwwroot\up\uni\mlm\NBEM_Major_Revision_STAGE1_READY_TO_RUN\NBEM_Major_Revision_STAGE1_READY_TO_RUN\datasets\processed\bank_marketing\bank_marketing.csv,y,none,Adaptive Weighted NBEM,87,10,StratifiedKFold_10,10,True,False,45211,16,2,3,6,7,0.8869719088697191,0.5416111050077471,0.8594036285722214,0.8869719088697191,0.8480037418210998,0.7535622154123167,0.5416111050077471,0.5487869735519902,0.8687351072655709,0.038006643764674664,0.028545456938445568,3.9124698638916016,OK
with_duration,bank_duration_sensitivity:with_duration,bank_marketing,Bank,C:\inetpub\wwwroot\up\uni\mlm\NBEM_Major_Revision_STAGE1_READY_TO_RUN\NBEM_Major_Revision_STAGE1_READY_TO_RUN\datasets\processed\bank_marketing\bank_marketing.csv,y,none,Hybrid NBEM,87,10,StratifiedKFold_10,10,True,False,45211,16,2,3,6,7,0.9037823490378235,0.6798590091335791,0.8908631431880683,0.9037823490378235,0.8929056224404073,0.7858415238037899,0.6798590091335791,0.7160694524551846,0.9096467983225429,39.16699643433094,0.13978628162294626,61.127989768981934,OK
with_duration,bank_duration_sensitivity:with_duration,bank_marketing,Bank,C:\inetpub\wwwroot\up\uni\mlm\NBEM_Major_Revision_STAGE1_READY_TO_RUN\NBEM_Major_Revision_STAGE1_READY_TO_RUN\datasets\processed\bank_marketing\bank_marketing.csv,y,none,WNB,123,1,StratifiedKFold_10,10,True,False,45211,16,2,3,6,7,0.883016364440513,0.5,0.7797178998697409,0.883016364440513,0.828158389479969,0.4415081822202565,0.5,0.46893716970052846,0.8555863593045866,0.21526177693158388,0.011948546394705772,7.201326370239258,OK
with_duration,bank_duration_sensitivity:with_duration,bank_marketing,Bank,C:\inetpub\wwwroot\up\uni\mlm\NBEM_Major_Revision_STAGE1_READY_TO_RUN\NBEM_Major_Revision_STAGE1_READY_TO_RUN\datasets\processed\bank_marketing\bank_marketing.csv,y,none,NBEM,123,1,StratifiedKFold_10,10,True,False,45211,16,2,3,6,7,0.8823529411764706,0.5562016136935288,0.8475479649721934,0.8823529411764706,0.8510134948824626,0.692181421709801,0.5562016136935288,0.5712200877627625,0.8568544101516028,0.06817915756255388,0.021591277793049812,3.9127073287963867,OK
with_duration,bank_duration_sensitivity:with_duration,bank_marketing,Bank,C:\inetpub\wwwroot\up\uni\mlm\NBEM_Major_Revision_STAGE1_READY_TO_RUN\NBEM_Major_Revision_STAGE1_READY_TO_RUN\datasets\processed\bank_marketing\bank_marketing.csv,y,none,Adaptive Weighted NBEM,123,1,StratifiedKFold_10,10,True,False,45211,16,2,3,6,7,0.8852277753206546,0.5373304511628809,0.8526383355683236,0.8852277753206546,0.8456575641502263,0.7274833252556026,0.5373304511628809,0.5417302659365597,0.8615876460554552,0.039647369645535946,0.028526234440505505,3.9120492935180664,OK
with_duration,bank_duration_sensitivity:with_duration,bank_marketing,Bank,C:\inetpub\wwwroot\up\uni\mlm\NBEM_Major_Revision_STAGE1_READY_TO_RUN\NBEM_Major_Revision_STAGE1_READY_TO_RUN\datasets\processed\bank_marketing\bank_marketing.csv,y,none,Hybrid NBEM,123,1,StratifiedKFold_10,10,True,False,45211,16,2,3,6,7,0.9020344980097302,0.7042795118300126,0.8919859290053975,0.9020344980097302,0.8952409424682353,0.7702787855403332,0.7042795118300126,0.7306753732672675,0.9102697205932688,58.728780566714704,0.14621163811534643,61.12536334991455,OK
with_duration,bank_duration_sensitivity:with_duration,bank_marketing,Bank,C:\inetpub\wwwroot\up\uni\mlm\NBEM_Major_Revision_STAGE1_READY_TO_RUN\NBEM_Major_Revision_STAGE1_READY_TO_RUN\datasets\processed\bank_marketing\bank_marketing.csv,y,none,WNB,123,2,StratifiedKFold_10,10,True,False,45211,16,2,3,6,7,0.8832116788321168,0.5,0.7800628696254462,0.8832116788321168,0.8284388615402025,0.4416058394160584,0.5,0.4689922480620155,0.8794618802601523,0.15761213563382626,0.00713913980871439,7.203500747680664,OK
with_duration,bank_duration_sensitivity:with_duration,bank_marketing,Bank,C:\inetpub\wwwroot\up\uni\mlm\NBEM_Major_Revision_STAGE1_READY_TO_RUN\NBEM_Major_Revision_STAGE1_READY_TO_RUN\datasets\processed\bank_marketing\bank_marketing.csv,y,none,NBEM,123,2,StratifiedKFold_10,10,True,False,45211,16,2,3,6,7,0.88940499889405,0.5725331830703732,0.863774060850021,0.88940499889405,0.8598482397290705,0.7493266377539374,0.5725331830703732,0.5958941920315091,0.8748169144487702,0.03813991881906986,0.01978609524667263,3.912356376647949,OK
with_duration,bank_duration_sensitivity:with_duration,bank_marketing,Bank,C:\inetpub\wwwroot\up\uni\mlm\NBEM_Major_Revision_STAGE1_READY_TO_RUN\NBEM_Major_Revision_STAGE1_READY_TO_RUN\datasets\processed\bank_marketing\bank_marketing.csv,y,none,Adaptive Weighted NBEM,123,2,StratifiedKFold_10,10,True,False,45211,16,2,3,6,7,0.8887414288874143,0.552435512146256,0.8635829665065458,0.8887414288874143,0.852938821753234,0.7629200656408305,0.552435512146256,0.5664352796748622,0.8756213525184222,0.03718777745962143,0.027957684360444546,3.9122085571289062,OK
with_duration,bank_duration_sensitivity:with_duration,bank_marketing,Bank,C:\inetpub\wwwroot\up\uni\mlm\NBEM_Major_Revision_STAGE1_READY_TO_RUN\NBEM_Major_Revision_STAGE1_READY_TO_RUN\datasets\processed\bank_marketing\bank_marketing.csv,y,none,Hybrid NBEM,123,2,StratifiedKFold_10,10,True,False,45211,16,2,3,6,7,0.9106392391063924,0.7143908089156022,0.9010131735364476,0.9106392391063924,0.9031067612302205,0.8017443723463911,0.7143908089156022,0.7477494050341733,0.9245156296245701,66.28583944402635,0.16490419954061508,61.13135623931885,OK
with_duration,bank_duration_sensitivity:with_duration,bank_marketing,Bank,C:\inetpub\wwwroot\up\uni\mlm\NBEM_Major_Revision_STAGE1_READY_TO_RUN\NBEM_Major_Revision_STAGE1_READY_TO_RUN\datasets\processed\bank_marketing\bank_marketing.csv,y,none,WNB,123,3,StratifiedKFold_10,10,True,False,45211,16,2,3,6,7,0.8829904888299049,0.5,0.7796722033640744,0.8829904888299049,0.8281212337387478,0.44149524441495247,0.5,0.46892987196053093,0.8566895132419848,0.25343629717826843,0.007761514745652676,7.203174591064453,OK
with_duration,bank_duration_sensitivity:with_duration,bank_marketing,Bank,C:\inetpub\wwwroot\up\uni\mlm\NBEM_Major_Revision_STAGE1_READY_TO_RUN\NBEM_Major_Revision_STAGE1_READY_TO_RUN\datasets\processed\bank_marketing\bank_marketing.csv,y,none,NBEM,123,3,StratifiedKFold_10,10,True,False,45211,16,2,3,6,7,0.8876354788763547,0.5665847290043224,0.859800564550582,0.8876354788763547,0.8569405500607612,0.7374753001975984,0.5665847290043224,0.5871523813084757,0.8437328342886151,0.036562840454280376,0.019251289777457714,3.9127254486083984,OK
with_duration,bank_duration_sensitivity:with_duration,bank_marketing,Bank,C:\inetpub\wwwroot\up\uni\mlm\NBEM_Major_Revision_STAGE1_READY_TO_RUN\NBEM_Major_Revision_STAGE1_READY_TO_RUN\datasets\processed\bank_marketing\bank_marketing.csv,y,none,Adaptive Weighted NBEM,123,3,StratifiedKFold_10,10,True,False,45211,16,2,3,6,7,0.8867507188675072,0.5521449325872918,0.8573896465676853,0.8867507188675072,0.8517373507137195,0.7374870600414078,0.5521449325872918,0.5657673178916279,0.8479591508158092,0.03610876947641373,0.02630200795829296,3.912263870239258,OK
with_duration,bank_duration_sensitivity:with_duration,bank_marketing,Bank,C:\inetpub\wwwroot\up\uni\mlm\NBEM_Major_Revision_STAGE1_READY_TO_RUN\NBEM_Major_Revision_STAGE1_READY_TO_RUN\datasets\processed\bank_marketing\bank_marketing.csv,y,none,Hybrid NBEM,123,3,StratifiedKFold_10,10,True,False,45211,16,2,3,6,7,0.8973678389736784,0.6762267446045209,0.8840099967711345,0.8973678389736784,0.887720447580746,0.7583083458270865,0.6762267446045209,0.706150249788761,0.9081447393842506,45.76235498953611,0.1386910416185856,61.1306848526001,OK
with_duration,bank_duration_sensitivity:with_duration,bank_marketing,Bank,C:\inetpub\wwwroot\up\uni\mlm\NBEM_Major_Revision_STAGE1_READY_TO_RUN\NBEM_Major_Revision_STAGE1_READY_TO_RUN\datasets\processed\bank_marketing\bank_marketing.csv,y,none,WNB,123,4,StratifiedKFold_10,10,True,False,45211,16,2,3,6,7,0.8829904888299049,0.5,0.7796722033640744,0.8829904888299049,0.8281212337387478,0.44149524441495247,0.5,0.46892987196053093,0.8680548715578604,0.1825028033927083,0.006412539631128311,7.203423500061035,OK
with_duration,bank_duration_sensitivity:with_duration,bank_marketing,Bank,C:\inetpub\wwwroot\up\uni\mlm\NBEM_Major_Revision_STAGE1_READY_TO_RUN\NBEM_Major_Revision_STAGE1_READY_TO_RUN\datasets\processed\bank_marketing\bank_marketing.csv,y,none,NBEM,123,4,StratifiedKFold_10,10,True,False,45211,16,2,3,6,7,0.8852023888520238,0.5660269025764194,0.8545848520281045,0.8852023888520238,0.8555140026092606,0.7154397995068016,0.5660269025764194,0.5856691691218863,0.8554448215902505,0.03635524120181799,0.018859156407415867,3.9125194549560547,OK
with_duration,bank_duration_sensitivity:with_duration,bank_marketing,Bank,C:\inetpub\wwwroot\up\uni\mlm\NBEM_Major_Revision_STAGE1_READY_TO_RUN\NBEM_Major_Revision_STAGE1_READY_TO_RUN\datasets\processed\bank_marketing\bank_marketing.csv,y,none,Adaptive Weighted NBEM,123,4,StratifiedKFold_10,10,True,False,45211,16,2,3,6,7,0.8836540588365406,0.5446519219914309,0.8481893445952475,0.8836540588365406,0.8476832938972978,0.7033611542443063,0.5446519219914309,0.5538937679902272,0.8555115902883271,0.03681700211018324,0.026845783926546574,3.9124135971069336,OK
with_duration,bank_duration_sensitivity:with_duration,bank_marketing,Bank,C:\inetpub\wwwroot\up\uni\mlm\NBEM_Major_Revision_STAGE1_READY_TO_RUN\NBEM_Major_Revision_STAGE1_READY_TO_RUN\datasets\processed\bank_marketing\bank_marketing.csv,y,none,Hybrid NBEM,123,4,StratifiedKFold_10,10,True,False,45211,16,2,3,6,7,0.8973678389736784,0.6983648298487334,0.8874045088825817,0.8973678389736784,0.8910013342822096,0.754700616169244,0.6983648298487334,0.7214074439240818,0.9102453489209043,83.74391872249544,0.14761699736118317,61.132941246032715,OK
with_duration,bank_duration_sensitivity:with_duration,bank_marketing,Bank,C:\inetpub\wwwroot\up\uni\mlm\NBEM_Major_Revision_STAGE1_READY_TO_RUN\NBEM_Major_Revision_STAGE1_READY_TO_RUN\datasets\processed\bank_marketing\bank_marketing.csv,y,none,WNB,123,5,StratifiedKFold_10,10,True,False,45211,16,2,3,6,7,0.8829904888299049,0.5,0.7796722033640744,0.8829904888299049,0.8281212337387478,0.44149524441495247,0.5,0.46892987196053093,0.8717884729761982,0.15972572844475508,0.007454811595380306,7.204211235046387,OK
with_duration,bank_duration_sensitivity:with_duration,bank_marketing,Bank,C:\inetpub\wwwroot\up\uni\mlm\NBEM_Major_Revision_STAGE1_READY_TO_RUN\NBEM_Major_Revision_STAGE1_READY_TO_RUN\datasets\processed\bank_marketing\bank_marketing.csv,y,none,NBEM,123,5,StratifiedKFold_10,10,True,False,45211,16,2,3,6,7,0.8854235788542358,0.5612325785787076,0.8544602778472323,0.8854235788542358,0.8541244191564454,0.7183867862390434,0.5612325785787076,0.5790254596806899,0.845367957086195,0.03694643173366785,0.019621211104094982,3.9127769470214844,OK
with_duration,bank_duration_sensitivity:with_duration,bank_marketing,Bank,C:\inetpub\wwwroot\up\uni\mlm\NBEM_Major_Revision_STAGE1_READY_TO_RUN\NBEM_Major_Revision_STAGE1_READY_TO_RUN\datasets\processed\bank_marketing\bank_marketing.csv,y,none,Adaptive Weighted NBEM,123,5,StratifiedKFold_10,10,True,False,45211,16,2,3,6,7,0.8874142888741429,0.5484210386747029,0.8599137144243799,0.8874142888741429,0.8507220635537314,0.7509497678345294,0.5484210386747029,0.5599550697674952,0.8443560088039975,0.035791815258562565,0.02483770065009594,3.912263870239258,OK
with_duration,bank_duration_sensitivity:with_duration,bank_marketing,Bank,C:\inetpub\wwwroot\up\uni\mlm\NBEM_Major_Revision_STAGE1_READY_TO_RUN\NBEM_Major_Revision_STAGE1_READY_TO_RUN\datasets\processed\bank_marketing\bank_marketing.csv,y,none,Hybrid NBEM,123,5,StratifiedKFold_10,10,True,False,45211,16,2,3,6,7,0.9009068790090687,0.7020086960310035,0.890730702980281,0.9009068790090687,0.8940918951943166,0.7666458523193933,0.7020086960310035,0.7278926772331413,0.9192103488640797,76.70793596561998,0.14087981451302767,61.13010120391846,OK
with_duration,bank_duration_sensitivity:with_duration,bank_marketing,Bank,C:\inetpub\wwwroot\up\uni\mlm\NBEM_Major_Revision_STAGE1_READY_TO_RUN\NBEM_Major_Revision_STAGE1_READY_TO_RUN\datasets\processed\bank_marketing\bank_marketing.csv,y,none,WNB,123,6,StratifiedKFold_10,10,True,False,45211,16,2,3,6,7,0.8829904888299049,0.5,0.7796722033640744,0.8829904888299049,0.8281212337387478,0.44149524441495247,0.5,0.46892987196053093,0.8785034625015626,0.14616934955120087,0.006571443751454353,7.201787948608398,OK
with_duration,bank_duration_sensitivity:with_duration,bank_marketing,Bank,C:\inetpub\wwwroot\up\uni\mlm\NBEM_Major_Revision_STAGE1_READY_TO_RUN\NBEM_Major_Revision_STAGE1_READY_TO_RUN\datasets\processed\bank_marketing\bank_marketing.csv,y,none,NBEM,123,6,StratifiedKFold_10,10,True,False,45211,16,2,3,6,7,0.8856447688564477,0.5597179709134715,0.8547960150057671,0.8856447688564477,0.8537472927757309,0.7209247937214232,0.5597179709134715,0.5769027823308137,0.861922805914286,0.03583495877683163,0.018863854929804802,3.911489486694336,OK
with_duration,bank_duration_sensitivity:with_duration,bank_marketing,Bank,C:\inetpub\wwwroot\up\uni\mlm\NBEM_Major_Revision_STAGE1_READY_TO_RUN\NBEM_Major_Revision_STAGE1_READY_TO_RUN\datasets\processed\bank_marketing\bank_marketing.csv,y,none,Adaptive Weighted NBEM,123,6,StratifiedKFold_10,10,True,False,45211,16,2,3,6,7,0.8856447688564477,0.5441393183342109,0.8540288817509458,0.8856447688564477,0.8483758484425916,0.7287590681967664,0.5441393183342109,0.5530388429661985,0.8639433877206208,0.034544505178928375,0.025989754125475883,3.911130905151367,OK
with_duration,bank_duration_sensitivity:with_duration,bank_marketing,Bank,C:\inetpub\wwwroot\up\uni\mlm\NBEM_Major_Revision_STAGE1_READY_TO_RUN\NBEM_Major_Revision_STAGE1_READY_TO_RUN\datasets\processed\bank_marketing\bank_marketing.csv,y,none,Hybrid NBEM,123,6,StratifiedKFold_10,10,True,False,45211,16,2,3,6,7,0.9006856890068569,0.6994236582806445,0.8901739407278185,0.9006856890068569,0.8935707032900212,0.7663569873594174,0.6994236582806445,0.7259571282056543,0.9178868133241909,58.11144970729947,0.1562319789081812,61.1249885559082,OK
with_duration,bank_duration_sensitivity:with_duration,bank_marketing,Bank,C:\inetpub\wwwroot\up\uni\mlm\NBEM_Major_Revision_STAGE1_READY_TO_RUN\NBEM_Major_Revision_STAGE1_READY_TO_RUN\datasets\processed\bank_marketing\bank_marketing.csv,y,none,WNB,123,7,StratifiedKFold_10,10,True,False,45211,16,2,3,6,7,0.8829904888299049,0.5,0.7796722033640744,0.8829904888299049,0.8281212337387478,0.44149524441495247,0.5,0.46892987196053093,0.8666697762254187,0.15855060890316963,0.006982800550758839,7.203063011169434,OK
with_duration,bank_duration_sensitivity:with_duration,bank_marketing,Bank,C:\inetpub\wwwroot\up\uni\mlm\NBEM_Major_Revision_STAGE1_READY_TO_RUN\NBEM_Major_Revision_STAGE1_READY_TO_RUN\datasets\processed\bank_marketing\bank_marketing.csv,y,none,NBEM,123,7,StratifiedKFold_10,10,True,False,45211,16,2,3,6,7,0.8878566688785667,0.5699896958378003,0.8604253700394325,0.8878566688785667,0.858109524266512,0.7376933443547791,0.5699896958378003,0.5919225428930088,0.8544011463380448,0.03691012319177389,0.026996570639312267,3.9126691818237305,OK
with_duration,bank_duration_sensitivity:with_duration,bank_marketing,Bank,C:\inetpub\wwwroot\up\uni\mlm\NBEM_Major_Revision_STAGE1_READY_TO_RUN\NBEM_Major_Revision_STAGE1_READY_TO_RUN\datasets\processed\bank_marketing\bank_marketing.csv,y,none,Adaptive Weighted NBEM,123,7,StratifiedKFold_10,10,True,False,45211,16,2,3,6,7,0.8882990488829905,0.5538416151774248,0.8622641490931684,0.8882990488829905,0.8530550271395128,0.7571838950463696,0.5538416151774248,0.5685560823897152,0.8555977739979014,0.03725740499794483,0.02965863887220621,3.9126195907592773,OK
with_duration,bank_duration_sensitivity:with_duration,bank_marketing,Bank,C:\inetpub\wwwroot\up\uni\mlm\NBEM_Major_Revision_STAGE1_READY_TO_RUN\NBEM_Major_Revision_STAGE1_READY_TO_RUN\datasets\processed\bank_marketing\bank_marketing.csv,y,none,Hybrid NBEM,123,7,StratifiedKFold_10,10,True,False,45211,16,2,3,6,7,0.9015704490157045,0.6794264332066781,0.888458630419447,0.9015704490157045,0.8912362333486729,0.7755078149994474,0.6794264332066781,0.7131895226276259,0.9069391145239439,27.62357039935887,0.14923209324479103,61.12947654724121,OK
with_duration,bank_duration_sensitivity:with_duration,bank_marketing,Bank,C:\inetpub\wwwroot\up\uni\mlm\NBEM_Major_Revision_STAGE1_READY_TO_RUN\NBEM_Major_Revision_STAGE1_READY_TO_RUN\datasets\processed\bank_marketing\bank_marketing.csv,y,none,WNB,123,8,StratifiedKFold_10,10,True,False,45211,16,2,3,6,7,0.8829904888299049,0.5,0.7796722033640744,0.8829904888299049,0.8281212337387478,0.44149524441495247,0.5,0.46892987196053093,0.8769590220137817,0.19858883041888475,0.006959732621908188,7.203304290771484,OK
with_duration,bank_duration_sensitivity:with_duration,bank_marketing,Bank,C:\inetpub\wwwroot\up\uni\mlm\NBEM_Major_Revision_STAGE1_READY_TO_RUN\NBEM_Major_Revision_STAGE1_READY_TO_RUN\datasets\processed\bank_marketing\bank_marketing.csv,y,none,NBEM,123,8,StratifiedKFold_10,10,True,False,45211,16,2,3,6,7,0.8832116788321168,0.5591601444855685,0.8497329082337736,0.8832116788321168,0.8523627633823065,0.6995554696559723,0.5591601444855685,0.5756016385048643,0.8625824427683345,0.03688705526292324,0.01972244679927826,3.9116439819335938,OK
with_duration,bank_duration_sensitivity:with_duration,bank_marketing,Bank,C:\inetpub\wwwroot\up\uni\mlm\NBEM_Major_Revision_STAGE1_READY_TO_RUN\NBEM_Major_Revision_STAGE1_READY_TO_RUN\datasets\processed\bank_marketing\bank_marketing.csv,y,none,Adaptive Weighted NBEM,123,8,StratifiedKFold_10,10,True,False,45211,16,2,3,6,7,0.8840964388409643,0.5440824939103159,0.8493002360314639,0.8840964388409643,0.8476745917877981,0.7085300837776085,0.5440824939103159,0.5529810021964088,0.8663177015657024,0.03534030634909868,0.027620654553174973,3.911182403564453,OK
with_duration,bank_duration_sensitivity:with_duration,bank_marketing,Bank,C:\inetpub\wwwroot\up\uni\mlm\NBEM_Major_Revision_STAGE1_READY_TO_RUN\NBEM_Major_Revision_STAGE1_READY_TO_RUN\datasets\processed\bank_marketing\bank_marketing.csv,y,none,Hybrid NBEM,123,8,StratifiedKFold_10,10,True,False,45211,16,2,3,6,7,0.9062154390621544,0.7140339279693603,0.8968202118888984,0.9062154390621544,0.8996583649358658,0.7838491295938104,0.7140339279693603,0.7419698392460242,0.9198993450038072,58.52732292190194,0.14822997245937586,61.1279935836792,OK
with_duration,bank_duration_sensitivity:with_duration,bank_marketing,Bank,C:\inetpub\wwwroot\up\uni\mlm\NBEM_Major_Revision_STAGE1_READY_TO_RUN\NBEM_Major_Revision_STAGE1_READY_TO_RUN\datasets\processed\bank_marketing\bank_marketing.csv,y,none,WNB,123,9,StratifiedKFold_10,10,True,False,45211,16,2,3,6,7,0.8829904888299049,0.5,0.7796722033640744,0.8829904888299049,0.8281212337387478,0.44149524441495247,0.5,0.46892987196053093,0.8898344893946682,0.15809611044824123,0.010280482470989227,7.204013824462891,OK
with_duration,bank_duration_sensitivity:with_duration,bank_marketing,Bank,C:\inetpub\wwwroot\up\uni\mlm\NBEM_Major_Revision_STAGE1_READY_TO_RUN\NBEM_Major_Revision_STAGE1_READY_TO_RUN\datasets\processed\bank_marketing\bank_marketing.csv,y,none,NBEM,123,9,StratifiedKFold_10,10,True,False,45211,16,2,3,6,7,0.8889626188896262,0.5837348136727141,0.8633952598936332,0.8889626188896262,0.8627236786229237,0.7404233651670727,0.5837348136727141,0.6103196504462827,0.8725546556250496,0.03985326085239649,0.021121826954185963,3.9130859375,OK
with_duration,bank_duration_sensitivity:with_duration,bank_marketing,Bank,C:\inetpub\wwwroot\up\uni\mlm\NBEM_Major_Revision_STAGE1_READY_TO_RUN\NBEM_Major_Revision_STAGE1_READY_TO_RUN\datasets\processed\bank_marketing\bank_marketing.csv,y,none,Adaptive Weighted NBEM,123,9,StratifiedKFold_10,10,True,False,45211,16,2,3,6,7,0.8878566688785667,0.5617904050066106,0.8603138312058908,0.8878566688785667,0.8555208311400384,0.7431383436623078,0.5617904050066106,0.5803881380478426,0.8754044004833863,0.040065133944153786,0.030471952632069588,3.9124183654785156,OK
with_duration,bank_duration_sensitivity:with_duration,bank_marketing,Bank,C:\inetpub\wwwroot\up\uni\mlm\NBEM_Major_Revision_STAGE1_READY_TO_RUN\NBEM_Major_Revision_STAGE1_READY_TO_RUN\datasets\processed\bank_marketing\bank_marketing.csv,y,none,Hybrid NBEM,123,9,StratifiedKFold_10,10,True,False,45211,16,2,3,6,7,0.9104180491041804,0.6975553185766619,0.8996388007674098,0.9104180491041804,0.9005343656053543,0.8103360806950726,0.6975553185766619,0.7367678777755207,0.9246351871985937,29.345017039217055,0.13859663903713226,61.13034915924072,OK
with_duration,bank_duration_sensitivity:with_duration,bank_marketing,Bank,C:\inetpub\wwwroot\up\uni\mlm\NBEM_Major_Revision_STAGE1_READY_TO_RUN\NBEM_Major_Revision_STAGE1_READY_TO_RUN\datasets\processed\bank_marketing\bank_marketing.csv,y,none,WNB,123,10,StratifiedKFold_10,10,True,False,45211,16,2,3,6,7,0.8829904888299049,0.5,0.7796722033640744,0.8829904888299049,0.8281212337387478,0.44149524441495247,0.5,0.46892987196053093,0.8798312598732435,0.1678084684535861,0.006925559602677822,7.203164100646973,OK
with_duration,bank_duration_sensitivity:with_duration,bank_marketing,Bank,C:\inetpub\wwwroot\up\uni\mlm\NBEM_Major_Revision_STAGE1_READY_TO_RUN\NBEM_Major_Revision_STAGE1_READY_TO_RUN\datasets\processed\bank_marketing\bank_marketing.csv,y,none,NBEM,123,10,StratifiedKFold_10,10,True,False,45211,16,2,3,6,7,0.8889626188896262,0.5722558065090484,0.86298806182137,0.8889626188896262,0.859384508057045,0.7470732536675411,0.5722558065090484,0.5953922456518174,0.8708087252008744,0.03718649595975876,0.019895875826478004,3.9127721786499023,OK
with_duration,bank_duration_sensitivity:with_duration,bank_marketing,Bank,C:\inetpub\wwwroot\up\uni\mlm\NBEM_Major_Revision_STAGE1_READY_TO_RUN\NBEM_Major_Revision_STAGE1_READY_TO_RUN\datasets\processed\bank_marketing\bank_marketing.csv,y,none,Adaptive Weighted NBEM,123,10,StratifiedKFold_10,10,True,False,45211,16,2,3,6,7,0.8876354788763547,0.5534658636744187,0.8600878261974712,0.8876354788763547,0.8526116458775065,0.7481189045695675,0.5534658636744187,0.5678991255136291,0.8732152395528298,0.03582086320966482,0.041646482422947884,3.9116973876953125,OK
with_duration,bank_duration_sensitivity:with_duration,bank_marketing,Bank,C:\inetpub\wwwroot\up\uni\mlm\NBEM_Major_Revision_STAGE1_READY_TO_RUN\NBEM_Major_Revision_STAGE1_READY_TO_RUN\datasets\processed\bank_marketing\bank_marketing.csv,y,none,Hybrid NBEM,123,10,StratifiedKFold_10,10,True,False,45211,16,2,3,6,7,0.9044459190444591,0.7064724912963924,0.8943297503579406,0.9044459190444591,0.8973229346680075,0.7790919471953954,0.7064724912963924,0.7350407314071383,0.9216485901860432,52.46588393673301,0.16032631695270538,61.13168144226074,OK
