duplicate_cv_protocol,analysis,dataset,display_name,file,target,target_transform,model,seed,fold,cv_protocol,n_splits_or_total_folds,stratified,grouped,n_rows,n_features,n_classes,n_boolean,n_categorical,n_numerical,accuracy,balanced_accuracy,precision_weighted,recall_weighted,f1_weighted,precision_macro,recall_macro,f1_macro,roc_auc_weighted,train_time_s,inference_time_s,peak_memory_mb,status
duplicate_grouped,duplicate_sensitivity:duplicate_grouped,haberman_s_survival,Haberman Survival,C:\inetpub\wwwroot\up\uni\mlm\NBEM_Major_Revision_STAGE1B_READY_TO_RUN\datasets\processed\haberman_s_survival\haberman_s_survival.csv,survival_status,none,NBEM,13,1,StratifiedGroupKFold_10,10,True,True,306,3,2,0,0,3,0.8064516129032258,0.5714285714285714,0.8451612903225807,0.8064516129032258,0.7446236559139785,0.9,0.5714285714285714,0.5694444444444444,0.48214285714285715,0.0018504606559872627,0.002101205289363861,0.03850841522216797,OK
duplicate_grouped,duplicate_sensitivity:duplicate_grouped,haberman_s_survival,Haberman Survival,C:\inetpub\wwwroot\up\uni\mlm\NBEM_Major_Revision_STAGE1B_READY_TO_RUN\datasets\processed\haberman_s_survival\haberman_s_survival.csv,survival_status,none,Hybrid NBEM,13,1,StratifiedGroupKFold_10,10,True,True,306,3,2,0,0,3,0.7741935483870968,0.5505952380952381,0.7269187986651836,0.7741935483870968,0.722120781767769,0.646551724137931,0.5505952380952381,0.5450733752620545,0.5535714285714286,0.3233911618590355,0.013968163169920444,1.2694873809814453,OK
duplicate_grouped,duplicate_sensitivity:duplicate_grouped,haberman_s_survival,Haberman Survival,C:\inetpub\wwwroot\up\uni\mlm\NBEM_Major_Revision_STAGE1B_READY_TO_RUN\datasets\processed\haberman_s_survival\haberman_s_survival.csv,survival_status,none,NBEM,13,2,StratifiedGroupKFold_10,10,True,True,306,3,2,0,0,3,0.7586206896551724,0.4583333333333333,0.6743295019157087,0.7586206896551724,0.7139959432048681,0.4074074074074074,0.4583333333333333,0.43137254901960786,0.575,0.0037235617637634277,0.0042075347155332565,0.01911163330078125,OK
duplicate_grouped,duplicate_sensitivity:duplicate_grouped,haberman_s_survival,Haberman Survival,C:\inetpub\wwwroot\up\uni\mlm\NBEM_Major_Revision_STAGE1B_READY_TO_RUN\datasets\processed\haberman_s_survival\haberman_s_survival.csv,survival_status,none,Hybrid NBEM,13,2,StratifiedGroupKFold_10,10,True,True,306,3,2,0,0,3,0.7586206896551724,0.5375,0.7382758620689656,0.7586206896551724,0.7476737821565407,0.5449999999999999,0.5375,0.5396825396825397,0.45,0.3791847890242934,0.013428231701254845,1.1639652252197266,OK
duplicate_grouped,duplicate_sensitivity:duplicate_grouped,haberman_s_survival,Haberman Survival,C:\inetpub\wwwroot\up\uni\mlm\NBEM_Major_Revision_STAGE1B_READY_TO_RUN\datasets\processed\haberman_s_survival\haberman_s_survival.csv,survival_status,none,NBEM,13,3,StratifiedGroupKFold_10,10,True,True,306,3,2,0,0,3,0.8275862068965517,0.5833333333333334,0.8583743842364532,0.8275862068965517,0.7744615087414277,0.9107142857142857,0.5833333333333334,0.5938375350140056,0.7644927536231885,0.003946113400161266,0.004040088504552841,0.019283294677734375,OK
duplicate_grouped,duplicate_sensitivity:duplicate_grouped,haberman_s_survival,Haberman Survival,C:\inetpub\wwwroot\up\uni\mlm\NBEM_Major_Revision_STAGE1B_READY_TO_RUN\datasets\processed\haberman_s_survival\haberman_s_survival.csv,survival_status,none,Hybrid NBEM,13,3,StratifiedGroupKFold_10,10,True,True,306,3,2,0,0,3,0.7931034482758621,0.5,0.6290130796670631,0.7931034482758621,0.7015915119363395,0.39655172413793105,0.5,0.4423076923076923,0.7862318840579711,0.35886089876294136,0.013377400115132332,1.1627817153930664,OK
duplicate_grouped,duplicate_sensitivity:duplicate_grouped,haberman_s_survival,Haberman Survival,C:\inetpub\wwwroot\up\uni\mlm\NBEM_Major_Revision_STAGE1B_READY_TO_RUN\datasets\processed\haberman_s_survival\haberman_s_survival.csv,survival_status,none,NBEM,13,4,StratifiedGroupKFold_10,10,True,True,306,3,2,0,0,3,0.6129032258064516,0.475,0.4086021505376344,0.6129032258064516,0.49032258064516127,0.31666666666666665,0.475,0.38,0.725,0.0041101425886154175,0.004734652116894722,0.019437789916992188,OK
duplicate_grouped,duplicate_sensitivity:duplicate_grouped,haberman_s_survival,Haberman Survival,C:\inetpub\wwwroot\up\uni\mlm\NBEM_Major_Revision_STAGE1B_READY_TO_RUN\datasets\processed\haberman_s_survival\haberman_s_survival.csv,survival_status,none,Hybrid NBEM,13,4,StratifiedGroupKFold_10,10,True,True,306,3,2,0,0,3,0.6129032258064516,0.475,0.4086021505376344,0.6129032258064516,0.49032258064516127,0.31666666666666665,0.475,0.38,0.9022727272727272,0.4837815538048744,0.014127921313047409,1.1624794006347656,OK
duplicate_grouped,duplicate_sensitivity:duplicate_grouped,haberman_s_survival,Haberman Survival,C:\inetpub\wwwroot\up\uni\mlm\NBEM_Major_Revision_STAGE1B_READY_TO_RUN\datasets\processed\haberman_s_survival\haberman_s_survival.csv,survival_status,none,NBEM,13,5,StratifiedGroupKFold_10,10,True,True,306,3,2,0,0,3,0.6,0.5565610859728507,0.6,0.6,0.5492063492063491,0.6,0.5565610859728507,0.5238095238095238,0.6063348416289593,0.008998571895062923,0.008628224022686481,0.019695281982421875,OK
duplicate_grouped,duplicate_sensitivity:duplicate_grouped,haberman_s_survival,Haberman Survival,C:\inetpub\wwwroot\up\uni\mlm\NBEM_Major_Revision_STAGE1B_READY_TO_RUN\datasets\processed\haberman_s_survival\haberman_s_survival.csv,survival_status,none,Hybrid NBEM,13,5,StratifiedGroupKFold_10,10,True,True,306,3,2,0,0,3,0.5666666666666667,0.5180995475113122,0.5435897435897435,0.5666666666666667,0.4973096215230278,0.5384615384615384,0.5180995475113122,0.466484268125855,0.6153846153846154,0.5094223162159324,0.0175738288089633,1.1620779037475586,OK
duplicate_grouped,duplicate_sensitivity:duplicate_grouped,haberman_s_survival,Haberman Survival,C:\inetpub\wwwroot\up\uni\mlm\NBEM_Major_Revision_STAGE1B_READY_TO_RUN\datasets\processed\haberman_s_survival\haberman_s_survival.csv,survival_status,none,NBEM,13,6,StratifiedGroupKFold_10,10,True,True,306,3,2,0,0,3,0.7333333333333333,0.65,0.7222222222222221,0.7333333333333333,0.7121212121212122,0.7083333333333333,0.65,0.6590909090909092,0.7000000000000001,0.003776530735194683,0.00462273508310318,0.01938629150390625,OK
duplicate_grouped,duplicate_sensitivity:duplicate_grouped,haberman_s_survival,Haberman Survival,C:\inetpub\wwwroot\up\uni\mlm\NBEM_Major_Revision_STAGE1B_READY_TO_RUN\datasets\processed\haberman_s_survival\haberman_s_survival.csv,survival_status,none,Hybrid NBEM,13,6,StratifiedGroupKFold_10,10,True,True,306,3,2,0,0,3,0.7333333333333333,0.625,0.7371794871794871,0.7333333333333333,0.6935817805383022,0.7403846153846154,0.625,0.6273291925465838,0.7350000000000001,0.5181825328618288,0.013981404714286327,1.1664180755615234,OK
duplicate_grouped,duplicate_sensitivity:duplicate_grouped,haberman_s_survival,Haberman Survival,C:\inetpub\wwwroot\up\uni\mlm\NBEM_Major_Revision_STAGE1B_READY_TO_RUN\datasets\processed\haberman_s_survival\haberman_s_survival.csv,survival_status,none,NBEM,13,7,StratifiedGroupKFold_10,10,True,True,306,3,2,0,0,3,0.8620689655172413,0.5,0.7431629013079666,0.8620689655172413,0.7982120051085568,0.43103448275862066,0.5,0.46296296296296297,0.62,0.0038128383457660675,0.004293821752071381,0.019094467163085938,OK
duplicate_grouped,duplicate_sensitivity:duplicate_grouped,haberman_s_survival,Haberman Survival,C:\inetpub\wwwroot\up\uni\mlm\NBEM_Major_Revision_STAGE1B_READY_TO_RUN\datasets\processed\haberman_s_survival\haberman_s_survival.csv,survival_status,none,Hybrid NBEM,13,7,StratifiedGroupKFold_10,10,True,True,306,3,2,0,0,3,0.8620689655172413,0.605,0.8352490421455938,0.8620689655172413,0.8417329796640141,0.6944444444444444,0.605,0.6282051282051282,0.68,0.4656250774860382,0.014605914242565632,1.1641912460327148,OK
duplicate_grouped,duplicate_sensitivity:duplicate_grouped,haberman_s_survival,Haberman Survival,C:\inetpub\wwwroot\up\uni\mlm\NBEM_Major_Revision_STAGE1B_READY_TO_RUN\datasets\processed\haberman_s_survival\haberman_s_survival.csv,survival_status,none,NBEM,13,8,StratifiedGroupKFold_10,10,True,True,306,3,2,0,0,3,0.6451612903225806,0.5204545454545454,0.600111234705228,0.6451612903225806,0.554919734643237,0.5775862068965517,0.5204545454545454,0.46467817896389324,0.5590909090909091,0.003925180993974209,0.004153712652623653,0.019334793090820312,OK
duplicate_grouped,duplicate_sensitivity:duplicate_grouped,haberman_s_survival,Haberman Survival,C:\inetpub\wwwroot\up\uni\mlm\NBEM_Major_Revision_STAGE1B_READY_TO_RUN\datasets\processed\haberman_s_survival\haberman_s_survival.csv,survival_status,none,Hybrid NBEM,13,8,StratifiedGroupKFold_10,10,True,True,306,3,2,0,0,3,0.6451612903225806,0.5204545454545454,0.600111234705228,0.6451612903225806,0.554919734643237,0.5775862068965517,0.5204545454545454,0.46467817896389324,0.6818181818181819,0.405299274250865,0.01401515118777752,1.1599187850952148,OK
duplicate_grouped,duplicate_sensitivity:duplicate_grouped,haberman_s_survival,Haberman Survival,C:\inetpub\wwwroot\up\uni\mlm\NBEM_Major_Revision_STAGE1B_READY_TO_RUN\datasets\processed\haberman_s_survival\haberman_s_survival.csv,survival_status,none,NBEM,13,9,StratifiedGroupKFold_10,10,True,True,306,3,2,0,0,3,0.8857142857142857,0.75,0.9004608294930876,0.8857142857142857,0.870607553366174,0.935483870967742,0.75,0.7988505747126436,0.9305555555555556,0.0038000233471393585,0.00446297787129879,0.018716812133789062,OK
duplicate_grouped,duplicate_sensitivity:duplicate_grouped,haberman_s_survival,Haberman Survival,C:\inetpub\wwwroot\up\uni\mlm\NBEM_Major_Revision_STAGE1B_READY_TO_RUN\datasets\processed\haberman_s_survival\haberman_s_survival.csv,survival_status,none,Hybrid NBEM,13,9,StratifiedGroupKFold_10,10,True,True,306,3,2,0,0,3,0.7714285714285715,0.6319444444444444,0.7527093596059113,0.7714285714285715,0.7591836734693876,0.6637931034482758,0.6319444444444444,0.6428571428571428,0.9074074074074074,0.7790228091180325,0.015668691135942936,1.1618585586547852,OK
duplicate_grouped,duplicate_sensitivity:duplicate_grouped,haberman_s_survival,Haberman Survival,C:\inetpub\wwwroot\up\uni\mlm\NBEM_Major_Revision_STAGE1B_READY_TO_RUN\datasets\processed\haberman_s_survival\haberman_s_survival.csv,survival_status,none,NBEM,13,10,StratifiedGroupKFold_10,10,True,True,306,3,2,0,0,3,0.7419354838709677,0.5866666666666667,0.7419354838709677,0.7419354838709677,0.7419354838709677,0.5866666666666667,0.5866666666666667,0.5866666666666667,0.6333333333333333,0.008643602021038532,0.004487751983106136,0.018802642822265625,OK
duplicate_grouped,duplicate_sensitivity:duplicate_grouped,haberman_s_survival,Haberman Survival,C:\inetpub\wwwroot\up\uni\mlm\NBEM_Major_Revision_STAGE1B_READY_TO_RUN\datasets\processed\haberman_s_survival\haberman_s_survival.csv,survival_status,none,Hybrid NBEM,13,10,StratifiedGroupKFold_10,10,True,True,306,3,2,0,0,3,0.7096774193548387,0.5666666666666667,0.7273425499231952,0.7096774193548387,0.71788119714387,0.5595238095238095,0.5666666666666667,0.5620094191522763,0.7,0.3938778443261981,0.015275274403393269,1.1598834991455078,OK
duplicate_grouped,duplicate_sensitivity:duplicate_grouped,haberman_s_survival,Haberman Survival,C:\inetpub\wwwroot\up\uni\mlm\NBEM_Major_Revision_STAGE1B_READY_TO_RUN\datasets\processed\haberman_s_survival\haberman_s_survival.csv,survival_status,none,NBEM,21,1,StratifiedGroupKFold_10,10,True,True,306,3,2,0,0,3,0.59375,0.4318181818181818,0.4504310344827586,0.59375,0.5122549019607843,0.3275862068965517,0.4318181818181818,0.37254901960784315,0.4295454545454546,0.0021874913945794106,0.0023318715393543243,0.019145965576171875,OK
duplicate_grouped,duplicate_sensitivity:duplicate_grouped,haberman_s_survival,Haberman Survival,C:\inetpub\wwwroot\up\uni\mlm\NBEM_Major_Revision_STAGE1B_READY_TO_RUN\datasets\processed\haberman_s_survival\haberman_s_survival.csv,survival_status,none,Hybrid NBEM,21,1,StratifiedGroupKFold_10,10,True,True,306,3,2,0,0,3,0.5625,0.4090909090909091,0.44196428571428575,0.5625,0.495,0.32142857142857145,0.4090909090909091,0.36,0.5022727272727272,0.4421846205368638,0.01325138658285141,1.1632499694824219,OK
duplicate_grouped,duplicate_sensitivity:duplicate_grouped,haberman_s_survival,Haberman Survival,C:\inetpub\wwwroot\up\uni\mlm\NBEM_Major_Revision_STAGE1B_READY_TO_RUN\datasets\processed\haberman_s_survival\haberman_s_survival.csv,survival_status,none,NBEM,21,2,StratifiedGroupKFold_10,10,True,True,306,3,2,0,0,3,0.7096774193548387,0.625,0.8029953917050692,0.7096774193548387,0.6503774879890185,0.8392857142857143,0.625,0.6042553191489362,0.7960526315789473,0.00747061800211668,0.008289058692753315,0.019266128540039062,OK
duplicate_grouped,duplicate_sensitivity:duplicate_grouped,haberman_s_survival,Haberman Survival,C:\inetpub\wwwroot\up\uni\mlm\NBEM_Major_Revision_STAGE1B_READY_TO_RUN\datasets\processed\haberman_s_survival\haberman_s_survival.csv,survival_status,none,Hybrid NBEM,21,2,StratifiedGroupKFold_10,10,True,True,306,3,2,0,0,3,0.6451612903225806,0.5416666666666666,0.775268817204301,0.6451612903225806,0.5348660556033829,0.8166666666666667,0.5416666666666666,0.46467817896389324,0.7346491228070176,0.32725269719958305,0.01587714534252882,1.1609973907470703,OK
duplicate_grouped,duplicate_sensitivity:duplicate_grouped,haberman_s_survival,Haberman Survival,C:\inetpub\wwwroot\up\uni\mlm\NBEM_Major_Revision_STAGE1B_READY_TO_RUN\datasets\processed\haberman_s_survival\haberman_s_survival.csv,survival_status,none,NBEM,21,3,StratifiedGroupKFold_10,10,True,True,306,3,2,0,0,3,0.8275862068965517,0.5791666666666667,0.7911877394636014,0.8275862068965517,0.7957113880034773,0.6759259259259259,0.5791666666666667,0.5938375350140056,0.8,0.0044732289388775826,0.004072979092597961,0.019025802612304688,OK
duplicate_grouped,duplicate_sensitivity:duplicate_grouped,haberman_s_survival,Haberman Survival,C:\inetpub\wwwroot\up\uni\mlm\NBEM_Major_Revision_STAGE1B_READY_TO_RUN\datasets\processed\haberman_s_survival\haberman_s_survival.csv,survival_status,none,Hybrid NBEM,21,3,StratifiedGroupKFold_10,10,True,True,306,3,2,0,0,3,0.8620689655172413,0.6,0.8817733990147782,0.8620689655172413,0.8213969938107869,0.9285714285714286,0.6,0.6282051282051282,0.8416666666666667,0.3736731316894293,0.015588812530040741,1.1571063995361328,OK
duplicate_grouped,duplicate_sensitivity:duplicate_grouped,haberman_s_survival,Haberman Survival,C:\inetpub\wwwroot\up\uni\mlm\NBEM_Major_Revision_STAGE1B_READY_TO_RUN\datasets\processed\haberman_s_survival\haberman_s_survival.csv,survival_status,none,NBEM,21,4,StratifiedGroupKFold_10,10,True,True,306,3,2,0,0,3,0.8666666666666667,0.76,0.8666666666666667,0.8666666666666667,0.8666666666666667,0.76,0.76,0.76,0.788,0.004630851559340954,0.004778222180902958,0.018854141235351562,OK
duplicate_grouped,duplicate_sensitivity:duplicate_grouped,haberman_s_survival,Haberman Survival,C:\inetpub\wwwroot\up\uni\mlm\NBEM_Major_Revision_STAGE1B_READY_TO_RUN\datasets\processed\haberman_s_survival\haberman_s_survival.csv,survival_status,none,Hybrid NBEM,21,4,StratifiedGroupKFold_10,10,True,True,306,3,2,0,0,3,0.8666666666666667,0.76,0.8666666666666667,0.8666666666666667,0.8666666666666667,0.76,0.76,0.76,0.844,0.5154623705893755,0.016748981550335884,1.159010887145996,OK
duplicate_grouped,duplicate_sensitivity:duplicate_grouped,haberman_s_survival,Haberman Survival,C:\inetpub\wwwroot\up\uni\mlm\NBEM_Major_Revision_STAGE1B_READY_TO_RUN\datasets\processed\haberman_s_survival\haberman_s_survival.csv,survival_status,none,NBEM,21,5,StratifiedGroupKFold_10,10,True,True,306,3,2,0,0,3,0.7586206896551724,0.6111111111111112,0.8212005108556832,0.7586206896551724,0.6997932368438605,0.8703703703703703,0.6111111111111112,0.6073500967117988,0.7555555555555555,0.0039042504504323006,0.004153712652623653,0.019300460815429688,OK
duplicate_grouped,duplicate_sensitivity:duplicate_grouped,haberman_s_survival,Haberman Survival,C:\inetpub\wwwroot\up\uni\mlm\NBEM_Major_Revision_STAGE1B_READY_TO_RUN\datasets\processed\haberman_s_survival\haberman_s_survival.csv,survival_status,none,Hybrid NBEM,21,5,StratifiedGroupKFold_10,10,True,True,306,3,2,0,0,3,0.6896551724137931,0.5,0.47562425683709875,0.6896551724137931,0.5629838142153413,0.3448275862068966,0.5,0.40816326530612246,0.7166666666666667,0.34743690583854914,0.016341041773557663,1.1598854064941406,OK
duplicate_grouped,duplicate_sensitivity:duplicate_grouped,haberman_s_survival,Haberman Survival,C:\inetpub\wwwroot\up\uni\mlm\NBEM_Major_Revision_STAGE1B_READY_TO_RUN\datasets\processed\haberman_s_survival\haberman_s_survival.csv,survival_status,none,NBEM,21,6,StratifiedGroupKFold_10,10,True,True,306,3,2,0,0,3,0.7941176470588235,0.5529100529100529,0.7481617647058824,0.7941176470588235,0.74565193308962,0.65625,0.5529100529100529,0.551789077212806,0.5767195767195767,0.003882892429828644,0.004551399499177933,0.018768310546875,OK
duplicate_grouped,duplicate_sensitivity:duplicate_grouped,haberman_s_survival,Haberman Survival,C:\inetpub\wwwroot\up\uni\mlm\NBEM_Major_Revision_STAGE1B_READY_TO_RUN\datasets\processed\haberman_s_survival\haberman_s_survival.csv,survival_status,none,Hybrid NBEM,21,6,StratifiedGroupKFold_10,10,True,True,306,3,2,0,0,3,0.7941176470588235,0.5529100529100529,0.7481617647058824,0.7941176470588235,0.74565193308962,0.65625,0.5529100529100529,0.551789077212806,0.8201058201058201,0.40409852378070354,0.014116387814283371,1.1600351333618164,OK
duplicate_grouped,duplicate_sensitivity:duplicate_grouped,haberman_s_survival,Haberman Survival,C:\inetpub\wwwroot\up\uni\mlm\NBEM_Major_Revision_STAGE1B_READY_TO_RUN\datasets\processed\haberman_s_survival\haberman_s_survival.csv,survival_status,none,NBEM,21,7,StratifiedGroupKFold_10,10,True,True,306,3,2,0,0,3,0.5517241379310345,0.5288461538461539,0.5394088669950738,0.5517241379310345,0.5286468734744597,0.5357142857142857,0.5288461538461539,0.5148005148005148,0.48076923076923084,0.0038538454100489616,0.004160546697676182,0.019575119018554688,OK
duplicate_grouped,duplicate_sensitivity:duplicate_grouped,haberman_s_survival,Haberman Survival,C:\inetpub\wwwroot\up\uni\mlm\NBEM_Major_Revision_STAGE1B_READY_TO_RUN\datasets\processed\haberman_s_survival\haberman_s_survival.csv,survival_status,none,Hybrid NBEM,21,7,StratifiedGroupKFold_10,10,True,True,306,3,2,0,0,3,0.5862068965517241,0.5528846153846154,0.5908045977011495,0.5862068965517241,0.5356321839080459,0.5916666666666667,0.5528846153846154,0.5166666666666666,0.5240384615384616,0.5903693148866296,0.013983539305627346,1.1596946716308594,OK
duplicate_grouped,duplicate_sensitivity:duplicate_grouped,haberman_s_survival,Haberman Survival,C:\inetpub\wwwroot\up\uni\mlm\NBEM_Major_Revision_STAGE1B_READY_TO_RUN\datasets\processed\haberman_s_survival\haberman_s_survival.csv,survival_status,none,NBEM,21,8,StratifiedGroupKFold_10,10,True,True,306,3,2,0,0,3,0.7857142857142857,0.5606060606060607,0.7417582417582418,0.7857142857142857,0.7410714285714286,0.6538461538461539,0.5606060606060607,0.5625,0.7348484848484849,0.00478676613420248,0.004729526117444038,0.019214630126953125,OK
duplicate_grouped,duplicate_sensitivity:duplicate_grouped,haberman_s_survival,Haberman Survival,C:\inetpub\wwwroot\up\uni\mlm\NBEM_Major_Revision_STAGE1B_READY_TO_RUN\datasets\processed\haberman_s_survival\haberman_s_survival.csv,survival_status,none,Hybrid NBEM,21,8,StratifiedGroupKFold_10,10,True,True,306,3,2,0,0,3,0.7857142857142857,0.5606060606060607,0.7417582417582418,0.7857142857142857,0.7410714285714286,0.6538461538461539,0.5606060606060607,0.5625,0.6363636363636364,0.3050719378516078,0.014482038095593452,1.1627321243286133,OK
duplicate_grouped,duplicate_sensitivity:duplicate_grouped,haberman_s_survival,Haberman Survival,C:\inetpub\wwwroot\up\uni\mlm\NBEM_Major_Revision_STAGE1B_READY_TO_RUN\datasets\processed\haberman_s_survival\haberman_s_survival.csv,survival_status,none,NBEM,21,9,StratifiedGroupKFold_10,10,True,True,306,3,2,0,0,3,0.75,0.5,0.5625,0.75,0.6428571428571428,0.375,0.5,0.42857142857142855,0.5234375,0.0038628168404102325,0.004078533500432968,0.018716812133789062,OK
duplicate_grouped,duplicate_sensitivity:duplicate_grouped,haberman_s_survival,Haberman Survival,C:\inetpub\wwwroot\up\uni\mlm\NBEM_Major_Revision_STAGE1B_READY_TO_RUN\datasets\processed\haberman_s_survival\haberman_s_survival.csv,survival_status,none,Hybrid NBEM,21,9,StratifiedGroupKFold_10,10,True,True,306,3,2,0,0,3,0.71875,0.4791666666666667,0.5564516129032258,0.71875,0.6272727272727272,0.3709677419354839,0.4791666666666667,0.41818181818181815,0.7682291666666667,0.42963121458888054,0.014396177604794502,1.161086082458496,OK
duplicate_grouped,duplicate_sensitivity:duplicate_grouped,haberman_s_survival,Haberman Survival,C:\inetpub\wwwroot\up\uni\mlm\NBEM_Major_Revision_STAGE1B_READY_TO_RUN\datasets\processed\haberman_s_survival\haberman_s_survival.csv,survival_status,none,NBEM,21,10,StratifiedGroupKFold_10,10,True,True,306,3,2,0,0,3,0.875,0.6666666666666666,0.8916666666666667,0.875,0.8482142857142857,0.9333333333333333,0.6666666666666666,0.7142857142857143,0.7179487179487178,0.003958499990403652,0.004110570065677166,0.018785476684570312,OK
duplicate_grouped,duplicate_sensitivity:duplicate_grouped,haberman_s_survival,Haberman Survival,C:\inetpub\wwwroot\up\uni\mlm\NBEM_Major_Revision_STAGE1B_READY_TO_RUN\datasets\processed\haberman_s_survival\haberman_s_survival.csv,survival_status,none,Hybrid NBEM,21,10,StratifiedGroupKFold_10,10,True,True,306,3,2,0,0,3,0.84375,0.6474358974358975,0.8254310344827586,0.84375,0.821969696969697,0.764367816091954,0.6474358974358975,0.6767676767676767,0.8333333333333334,0.39374670572578907,0.023234564810991287,1.1590347290039062,OK
duplicate_grouped,duplicate_sensitivity:duplicate_grouped,haberman_s_survival,Haberman Survival,C:\inetpub\wwwroot\up\uni\mlm\NBEM_Major_Revision_STAGE1B_READY_TO_RUN\datasets\processed\haberman_s_survival\haberman_s_survival.csv,survival_status,none,NBEM,42,1,StratifiedGroupKFold_10,10,True,True,306,3,2,0,0,3,0.8,0.625,0.8428571428571429,0.8,0.752,0.8928571428571428,0.625,0.64,0.8892045454545454,0.002113165333867073,0.0022848835214972496,0.01924896240234375,OK
duplicate_grouped,duplicate_sensitivity:duplicate_grouped,haberman_s_survival,Haberman Survival,C:\inetpub\wwwroot\up\uni\mlm\NBEM_Major_Revision_STAGE1B_READY_TO_RUN\datasets\processed\haberman_s_survival\haberman_s_survival.csv,survival_status,none,Hybrid NBEM,42,1,StratifiedGroupKFold_10,10,True,True,306,3,2,0,0,3,0.7666666666666667,0.5625,0.8229885057471265,0.7666666666666667,0.6919389978213508,0.8793103448275862,0.5625,0.542483660130719,0.8096590909090909,0.33957671746611595,0.01424667239189148,1.159337043762207,OK
duplicate_grouped,duplicate_sensitivity:duplicate_grouped,haberman_s_survival,Haberman Survival,C:\inetpub\wwwroot\up\uni\mlm\NBEM_Major_Revision_STAGE1B_READY_TO_RUN\datasets\processed\haberman_s_survival\haberman_s_survival.csv,survival_status,none,NBEM,42,2,StratifiedGroupKFold_10,10,True,True,306,3,2,0,0,3,0.7241379310344828,0.525974025974026,0.6640141467727674,0.7241379310344828,0.6804597701149425,0.5512820512820513,0.525974025974026,0.5166666666666667,0.4837662337662338,0.004244699142873287,0.004418126307427883,0.01911163330078125,OK
duplicate_grouped,duplicate_sensitivity:duplicate_grouped,haberman_s_survival,Haberman Survival,C:\inetpub\wwwroot\up\uni\mlm\NBEM_Major_Revision_STAGE1B_READY_TO_RUN\datasets\processed\haberman_s_survival\haberman_s_survival.csv,survival_status,none,Hybrid NBEM,42,2,StratifiedGroupKFold_10,10,True,True,306,3,2,0,0,3,0.7241379310344828,0.525974025974026,0.6640141467727674,0.7241379310344828,0.6804597701149425,0.5512820512820513,0.525974025974026,0.5166666666666667,0.5162337662337663,0.3834081292152405,0.014203956350684166,1.1585874557495117,OK
duplicate_grouped,duplicate_sensitivity:duplicate_grouped,haberman_s_survival,Haberman Survival,C:\inetpub\wwwroot\up\uni\mlm\NBEM_Major_Revision_STAGE1B_READY_TO_RUN\datasets\processed\haberman_s_survival\haberman_s_survival.csv,survival_status,none,NBEM,42,3,StratifiedGroupKFold_10,10,True,True,306,3,2,0,0,3,0.7333333333333333,0.5555555555555556,0.806896551724138,0.7333333333333333,0.648,0.8620689655172413,0.5555555555555556,0.52,0.4761904761904762,0.0037423567846417427,0.004136626608669758,0.019077301025390625,OK
duplicate_grouped,duplicate_sensitivity:duplicate_grouped,haberman_s_survival,Haberman Survival,C:\inetpub\wwwroot\up\uni\mlm\NBEM_Major_Revision_STAGE1B_READY_TO_RUN\datasets\processed\haberman_s_survival\haberman_s_survival.csv,survival_status,none,Hybrid NBEM,42,3,StratifiedGroupKFold_10,10,True,True,306,3,2,0,0,3,0.7333333333333333,0.5555555555555556,0.806896551724138,0.7333333333333333,0.648,0.8620689655172413,0.5555555555555556,0.52,0.5661375661375662,0.3371128533035517,0.013527758419513702,1.1570119857788086,OK
duplicate_grouped,duplicate_sensitivity:duplicate_grouped,haberman_s_survival,Haberman Survival,C:\inetpub\wwwroot\up\uni\mlm\NBEM_Major_Revision_STAGE1B_READY_TO_RUN\datasets\processed\haberman_s_survival\haberman_s_survival.csv,survival_status,none,NBEM,42,4,StratifiedGroupKFold_10,10,True,True,306,3,2,0,0,3,0.5666666666666667,0.40476190476190477,0.45769230769230773,0.5666666666666667,0.5063829787234043,0.3269230769230769,0.40476190476190477,0.3617021276595745,0.44973544973544977,0.004156704060733318,0.004398477263748646,0.019077301025390625,OK
duplicate_grouped,duplicate_sensitivity:duplicate_grouped,haberman_s_survival,Haberman Survival,C:\inetpub\wwwroot\up\uni\mlm\NBEM_Major_Revision_STAGE1B_READY_TO_RUN\datasets\processed\haberman_s_survival\haberman_s_survival.csv,survival_status,none,Hybrid NBEM,42,4,StratifiedGroupKFold_10,10,True,True,306,3,2,0,0,3,0.6,0.42857142857142855,0.4666666666666667,0.6,0.525,0.3333333333333333,0.42857142857142855,0.375,0.6296296296296297,0.41806924901902676,0.013930573128163815,1.159733772277832,OK
duplicate_grouped,duplicate_sensitivity:duplicate_grouped,haberman_s_survival,Haberman Survival,C:\inetpub\wwwroot\up\uni\mlm\NBEM_Major_Revision_STAGE1B_READY_TO_RUN\datasets\processed\haberman_s_survival\haberman_s_survival.csv,survival_status,none,NBEM,42,5,StratifiedGroupKFold_10,10,True,True,306,3,2,0,0,3,0.7333333333333333,0.5795454545454546,0.6974358974358974,0.7333333333333333,0.7000000000000001,0.6346153846153846,0.5795454545454546,0.5833333333333334,0.7102272727272727,0.003990964964032173,0.004222912713885307,0.01911163330078125,OK
duplicate_grouped,duplicate_sensitivity:duplicate_grouped,haberman_s_survival,Haberman Survival,C:\inetpub\wwwroot\up\uni\mlm\NBEM_Major_Revision_STAGE1B_READY_TO_RUN\datasets\processed\haberman_s_survival\haberman_s_survival.csv,survival_status,none,Hybrid NBEM,42,5,StratifiedGroupKFold_10,10,True,True,306,3,2,0,0,3,0.7333333333333333,0.5795454545454546,0.6974358974358974,0.7333333333333333,0.7000000000000001,0.6346153846153846,0.5795454545454546,0.5833333333333334,0.6420454545454546,0.5593424793332815,0.013800288550555706,1.1602611541748047,OK
duplicate_grouped,duplicate_sensitivity:duplicate_grouped,haberman_s_survival,Haberman Survival,C:\inetpub\wwwroot\up\uni\mlm\NBEM_Major_Revision_STAGE1B_READY_TO_RUN\datasets\processed\haberman_s_survival\haberman_s_survival.csv,survival_status,none,NBEM,42,6,StratifiedGroupKFold_10,10,True,True,306,3,2,0,0,3,0.6896551724137931,0.55,0.789408866995074,0.6896551724137931,0.59240979123591,0.8392857142857143,0.55,0.495164410058027,0.8105263157894737,0.003715873695909977,0.004293821752071381,0.019420623779296875,OK
duplicate_grouped,duplicate_sensitivity:duplicate_grouped,haberman_s_survival,Haberman Survival,C:\inetpub\wwwroot\up\uni\mlm\NBEM_Major_Revision_STAGE1B_READY_TO_RUN\datasets\processed\haberman_s_survival\haberman_s_survival.csv,survival_status,none,Hybrid NBEM,42,6,StratifiedGroupKFold_10,10,True,True,306,3,2,0,0,3,0.6896551724137931,0.5736842105263158,0.6834659593280282,0.6896551724137931,0.630238726790451,0.6794871794871795,0.5736842105263158,0.5538461538461539,0.8052631578947369,0.5494507141411304,0.016749408096075058,1.160975456237793,OK
duplicate_grouped,duplicate_sensitivity:duplicate_grouped,haberman_s_survival,Haberman Survival,C:\inetpub\wwwroot\up\uni\mlm\NBEM_Major_Revision_STAGE1B_READY_TO_RUN\datasets\processed\haberman_s_survival\haberman_s_survival.csv,survival_status,none,NBEM,42,7,StratifiedGroupKFold_10,10,True,True,306,3,2,0,0,3,0.84375,0.6474358974358975,0.8254310344827586,0.84375,0.821969696969697,0.764367816091954,0.6474358974358975,0.6767676767676767,0.8365384615384616,0.0041819047182798386,0.004532605409622192,0.018785476684570312,OK
duplicate_grouped,duplicate_sensitivity:duplicate_grouped,haberman_s_survival,Haberman Survival,C:\inetpub\wwwroot\up\uni\mlm\NBEM_Major_Revision_STAGE1B_READY_TO_RUN\datasets\processed\haberman_s_survival\haberman_s_survival.csv,survival_status,none,Hybrid NBEM,42,7,StratifiedGroupKFold_10,10,True,True,306,3,2,0,0,3,0.84375,0.6474358974358975,0.8254310344827586,0.84375,0.821969696969697,0.764367816091954,0.6474358974358975,0.6767676767676767,0.7019230769230769,0.4072193605825305,0.015649041160941124,1.1587467193603516,OK
duplicate_grouped,duplicate_sensitivity:duplicate_grouped,haberman_s_survival,Haberman Survival,C:\inetpub\wwwroot\up\uni\mlm\NBEM_Major_Revision_STAGE1B_READY_TO_RUN\datasets\processed\haberman_s_survival\haberman_s_survival.csv,survival_status,none,NBEM,42,8,StratifiedGroupKFold_10,10,True,True,306,3,2,0,0,3,0.696969696969697,0.5486111111111112,0.6545454545454545,0.696969696969697,0.6653346653346653,0.575,0.5486111111111112,0.5467032967032968,0.5532407407407407,0.004502703435719013,0.004182333126664162,0.018922805786132812,OK
duplicate_grouped,duplicate_sensitivity:duplicate_grouped,haberman_s_survival,Haberman Survival,C:\inetpub\wwwroot\up\uni\mlm\NBEM_Major_Revision_STAGE1B_READY_TO_RUN\datasets\processed\haberman_s_survival\haberman_s_survival.csv,survival_status,none,Hybrid NBEM,42,8,StratifiedGroupKFold_10,10,True,True,306,3,2,0,0,3,0.696969696969697,0.5833333333333334,0.6763236763236764,0.696969696969697,0.6840909090909092,0.5989010989010989,0.5833333333333334,0.5875,0.7708333333333333,0.6322101568803191,0.02266387827694416,1.1618995666503906,OK
duplicate_grouped,duplicate_sensitivity:duplicate_grouped,haberman_s_survival,Haberman Survival,C:\inetpub\wwwroot\up\uni\mlm\NBEM_Major_Revision_STAGE1B_READY_TO_RUN\datasets\processed\haberman_s_survival\haberman_s_survival.csv,survival_status,none,NBEM,42,9,StratifiedGroupKFold_10,10,True,True,306,3,2,0,0,3,0.8484848484848485,0.5833333333333334,0.8721590909090909,0.8484848484848485,0.800792427911072,0.921875,0.5833333333333334,0.6004842615012107,0.46296296296296297,0.0038312068209052086,0.0041285110637545586,0.018768310546875,OK
duplicate_grouped,duplicate_sensitivity:duplicate_grouped,haberman_s_survival,Haberman Survival,C:\inetpub\wwwroot\up\uni\mlm\NBEM_Major_Revision_STAGE1B_READY_TO_RUN\datasets\processed\haberman_s_survival\haberman_s_survival.csv,survival_status,none,Hybrid NBEM,42,9,StratifiedGroupKFold_10,10,True,True,306,3,2,0,0,3,0.8787878787878788,0.6666666666666666,0.8944281524926686,0.8787878787878788,0.8526645768025078,0.935483870967742,0.6666666666666666,0.7155172413793103,0.6728395061728396,0.6157153360545635,0.014029674232006073,1.160435676574707,OK
duplicate_grouped,duplicate_sensitivity:duplicate_grouped,haberman_s_survival,Haberman Survival,C:\inetpub\wwwroot\up\uni\mlm\NBEM_Major_Revision_STAGE1B_READY_TO_RUN\datasets\processed\haberman_s_survival\haberman_s_survival.csv,survival_status,none,NBEM,42,10,StratifiedGroupKFold_10,10,True,True,306,3,2,0,0,3,0.8,0.6984126984126984,0.8,0.8,0.7801242236024845,0.8,0.6984126984126984,0.7204968944099379,0.8095238095238095,0.003758162260055542,0.004556525498628616,0.0191802978515625,OK
duplicate_grouped,duplicate_sensitivity:duplicate_grouped,haberman_s_survival,Haberman Survival,C:\inetpub\wwwroot\up\uni\mlm\NBEM_Major_Revision_STAGE1B_READY_TO_RUN\datasets\processed\haberman_s_survival\haberman_s_survival.csv,survival_status,none,Hybrid NBEM,42,10,StratifiedGroupKFold_10,10,True,True,306,3,2,0,0,3,0.8,0.6666666666666666,0.8444444444444444,0.8,0.7625,0.8888888888888888,0.6666666666666666,0.6875,0.7936507936507937,0.40218655206263065,0.015677234157919884,1.1614980697631836,OK
duplicate_grouped,duplicate_sensitivity:duplicate_grouped,haberman_s_survival,Haberman Survival,C:\inetpub\wwwroot\up\uni\mlm\NBEM_Major_Revision_STAGE1B_READY_TO_RUN\datasets\processed\haberman_s_survival\haberman_s_survival.csv,survival_status,none,NBEM,87,1,StratifiedGroupKFold_10,10,True,True,306,3,2,0,0,3,0.6176470588235294,0.5571428571428572,0.6121703853955376,0.6176470588235294,0.562203828899981,0.6103448275862069,0.5571428571428572,0.5252416756176155,0.5517857142857143,0.002095651812851429,0.002220810391008854,0.019489288330078125,OK
duplicate_grouped,duplicate_sensitivity:duplicate_grouped,haberman_s_survival,Haberman Survival,C:\inetpub\wwwroot\up\uni\mlm\NBEM_Major_Revision_STAGE1B_READY_TO_RUN\datasets\processed\haberman_s_survival\haberman_s_survival.csv,survival_status,none,Hybrid NBEM,87,1,StratifiedGroupKFold_10,10,True,True,306,3,2,0,0,3,0.5882352941176471,0.5214285714285715,0.5588235294117647,0.5882352941176471,0.515032679738562,0.55,0.5214285714285715,0.4711111111111111,0.6267857142857143,0.6767156273126602,0.014102717861533165,1.1614923477172852,OK
duplicate_grouped,duplicate_sensitivity:duplicate_grouped,haberman_s_survival,Haberman Survival,C:\inetpub\wwwroot\up\uni\mlm\NBEM_Major_Revision_STAGE1B_READY_TO_RUN\datasets\processed\haberman_s_survival\haberman_s_survival.csv,survival_status,none,NBEM,87,2,StratifiedGroupKFold_10,10,True,True,306,3,2,0,0,3,0.7333333333333333,0.5397727272727273,0.6833333333333333,0.7333333333333333,0.6693333333333334,0.625,0.5397727272727273,0.52,0.5596590909090908,0.0037111742421984673,0.00444589089602232,0.019060134887695312,OK
duplicate_grouped,duplicate_sensitivity:duplicate_grouped,haberman_s_survival,Haberman Survival,C:\inetpub\wwwroot\up\uni\mlm\NBEM_Major_Revision_STAGE1B_READY_TO_RUN\datasets\processed\haberman_s_survival\haberman_s_survival.csv,survival_status,none,Hybrid NBEM,87,2,StratifiedGroupKFold_10,10,True,True,306,3,2,0,0,3,0.6333333333333333,0.5113636363636364,0.6182194616977225,0.6333333333333333,0.6251851851851851,0.5124223602484472,0.5113636363636364,0.5111111111111111,0.6335227272727273,0.5671894261613488,0.013664450496435165,1.1586437225341797,OK
duplicate_grouped,duplicate_sensitivity:duplicate_grouped,haberman_s_survival,Haberman Survival,C:\inetpub\wwwroot\up\uni\mlm\NBEM_Major_Revision_STAGE1B_READY_TO_RUN\datasets\processed\haberman_s_survival\haberman_s_survival.csv,survival_status,none,NBEM,87,3,StratifiedGroupKFold_10,10,True,True,306,3,2,0,0,3,0.8064516129032258,0.5714285714285714,0.8451612903225807,0.8064516129032258,0.7446236559139785,0.9,0.5714285714285714,0.5694444444444444,0.6041666666666666,0.0037974612787365913,0.004113559611141682,0.01897430419921875,OK
duplicate_grouped,duplicate_sensitivity:duplicate_grouped,haberman_s_survival,Haberman Survival,C:\inetpub\wwwroot\up\uni\mlm\NBEM_Major_Revision_STAGE1B_READY_TO_RUN\datasets\processed\haberman_s_survival\haberman_s_survival.csv,survival_status,none,Hybrid NBEM,87,3,StratifiedGroupKFold_10,10,True,True,306,3,2,0,0,3,0.8064516129032258,0.5714285714285714,0.8451612903225807,0.8064516129032258,0.7446236559139785,0.9,0.5714285714285714,0.5694444444444444,0.7053571428571429,0.4091603811830282,0.03113277070224285,1.1605329513549805,OK
duplicate_grouped,duplicate_sensitivity:duplicate_grouped,haberman_s_survival,Haberman Survival,C:\inetpub\wwwroot\up\uni\mlm\NBEM_Major_Revision_STAGE1B_READY_TO_RUN\datasets\processed\haberman_s_survival\haberman_s_survival.csv,survival_status,none,NBEM,87,4,StratifiedGroupKFold_10,10,True,True,306,3,2,0,0,3,0.8214285714285714,0.6565217391304348,0.8080357142857143,0.8214285714285714,0.8134076325565687,0.6875,0.6565217391304348,0.6690307328605201,0.7304347826086957,0.004011895507574081,0.004034962505102158,0.018939971923828125,OK
duplicate_grouped,duplicate_sensitivity:duplicate_grouped,haberman_s_survival,Haberman Survival,C:\inetpub\wwwroot\up\uni\mlm\NBEM_Major_Revision_STAGE1B_READY_TO_RUN\datasets\processed\haberman_s_survival\haberman_s_survival.csv,survival_status,none,Hybrid NBEM,87,4,StratifiedGroupKFold_10,10,True,True,306,3,2,0,0,3,0.7857142857142857,0.5565217391304348,0.7495238095238096,0.7857142857142857,0.7633928571428571,0.5866666666666667,0.5565217391304348,0.5625,0.6260869565217391,0.5694849891588092,0.029557401314377785,1.1634883880615234,OK
duplicate_grouped,duplicate_sensitivity:duplicate_grouped,haberman_s_survival,Haberman Survival,C:\inetpub\wwwroot\up\uni\mlm\NBEM_Major_Revision_STAGE1B_READY_TO_RUN\datasets\processed\haberman_s_survival\haberman_s_survival.csv,survival_status,none,NBEM,87,5,StratifiedGroupKFold_10,10,True,True,306,3,2,0,0,3,0.78125,0.46296296296296297,0.703125,0.78125,0.7401315789473684,0.4166666666666667,0.46296296296296297,0.43859649122807015,0.6962962962962964,0.003854699432849884,0.004427949897944927,0.018716812133789062,OK
duplicate_grouped,duplicate_sensitivity:duplicate_grouped,haberman_s_survival,Haberman Survival,C:\inetpub\wwwroot\up\uni\mlm\NBEM_Major_Revision_STAGE1B_READY_TO_RUN\datasets\processed\haberman_s_survival\haberman_s_survival.csv,survival_status,none,Hybrid NBEM,87,5,StratifiedGroupKFold_10,10,True,True,306,3,2,0,0,3,0.8125,0.562962962962963,0.7794540229885057,0.8125,0.7924107142857143,0.5977011494252873,0.562962962962963,0.5714285714285714,0.8666666666666667,0.4636067422106862,0.019511429592967033,1.1601343154907227,OK
duplicate_grouped,duplicate_sensitivity:duplicate_grouped,haberman_s_survival,Haberman Survival,C:\inetpub\wwwroot\up\uni\mlm\NBEM_Major_Revision_STAGE1B_READY_TO_RUN\datasets\processed\haberman_s_survival\haberman_s_survival.csv,survival_status,none,NBEM,87,6,StratifiedGroupKFold_10,10,True,True,306,3,2,0,0,3,0.7741935483870968,0.5433333333333333,0.7269585253456221,0.7741935483870968,0.7429498884155,0.5773809523809523,0.5433333333333333,0.5450733752620545,0.7833333333333332,0.003960637375712395,0.004096901044249535,0.018854141235351562,OK
duplicate_grouped,duplicate_sensitivity:duplicate_grouped,haberman_s_survival,Haberman Survival,C:\inetpub\wwwroot\up\uni\mlm\NBEM_Major_Revision_STAGE1B_READY_TO_RUN\datasets\processed\haberman_s_survival\haberman_s_survival.csv,survival_status,none,Hybrid NBEM,87,6,StratifiedGroupKFold_10,10,True,True,306,3,2,0,0,3,0.8387096774193549,0.6466666666666666,0.8202764976958525,0.8387096774193549,0.816392777439643,0.7619047619047619,0.6466666666666666,0.6750524109014675,0.8033333333333332,0.3378954119980335,0.015265450812876225,1.1595182418823242,OK
duplicate_grouped,duplicate_sensitivity:duplicate_grouped,haberman_s_survival,Haberman Survival,C:\inetpub\wwwroot\up\uni\mlm\NBEM_Major_Revision_STAGE1B_READY_TO_RUN\datasets\processed\haberman_s_survival\haberman_s_survival.csv,survival_status,none,NBEM,87,7,StratifiedGroupKFold_10,10,True,True,306,3,2,0,0,3,0.8275862068965517,0.5791666666666667,0.7911877394636014,0.8275862068965517,0.7957113880034773,0.6759259259259259,0.5791666666666667,0.5938375350140056,0.5083333333333333,0.0039247553795576096,0.004132782109081745,0.01897430419921875,OK
duplicate_grouped,duplicate_sensitivity:duplicate_grouped,haberman_s_survival,Haberman Survival,C:\inetpub\wwwroot\up\uni\mlm\NBEM_Major_Revision_STAGE1B_READY_TO_RUN\datasets\processed\haberman_s_survival\haberman_s_survival.csv,survival_status,none,Hybrid NBEM,87,7,StratifiedGroupKFold_10,10,True,True,306,3,2,0,0,3,0.8275862068965517,0.5791666666666667,0.7911877394636014,0.8275862068965517,0.7957113880034773,0.6759259259259259,0.5791666666666667,0.5938375350140056,0.6666666666666667,0.36989361234009266,0.013651637360453606,1.1601247787475586,OK
duplicate_grouped,duplicate_sensitivity:duplicate_grouped,haberman_s_survival,Haberman Survival,C:\inetpub\wwwroot\up\uni\mlm\NBEM_Major_Revision_STAGE1B_READY_TO_RUN\datasets\processed\haberman_s_survival\haberman_s_survival.csv,survival_status,none,NBEM,87,8,StratifiedGroupKFold_10,10,True,True,306,3,2,0,0,3,0.7241379310344828,0.6363636363636364,0.8090185676392573,0.7241379310344828,0.6703985669502911,0.8461538461538461,0.6363636363636364,0.6233766233766234,0.7424242424242423,0.0037372317165136337,0.004316887818276882,0.019540786743164062,OK
duplicate_grouped,duplicate_sensitivity:duplicate_grouped,haberman_s_survival,Haberman Survival,C:\inetpub\wwwroot\up\uni\mlm\NBEM_Major_Revision_STAGE1B_READY_TO_RUN\datasets\processed\haberman_s_survival\haberman_s_survival.csv,survival_status,none,Hybrid NBEM,87,8,StratifiedGroupKFold_10,10,True,True,306,3,2,0,0,3,0.6206896551724138,0.5,0.38525564803804996,0.6206896551724138,0.47542186353631694,0.3103448275862069,0.5,0.3829787234042553,0.8030303030303031,0.3717919150367379,0.013200127519667149,1.1599063873291016,OK
duplicate_grouped,duplicate_sensitivity:duplicate_grouped,haberman_s_survival,Haberman Survival,C:\inetpub\wwwroot\up\uni\mlm\NBEM_Major_Revision_STAGE1B_READY_TO_RUN\datasets\processed\haberman_s_survival\haberman_s_survival.csv,survival_status,none,NBEM,87,9,StratifiedGroupKFold_10,10,True,True,306,3,2,0,0,3,0.71875,0.55,0.8004032258064516,0.71875,0.6275728987993139,0.8548387096774194,0.55,0.5060034305317325,0.7681818181818182,0.0037051942199468613,0.00438010785728693,0.019214630126953125,OK
duplicate_grouped,duplicate_sensitivity:duplicate_grouped,haberman_s_survival,Haberman Survival,C:\inetpub\wwwroot\up\uni\mlm\NBEM_Major_Revision_STAGE1B_READY_TO_RUN\datasets\processed\haberman_s_survival\haberman_s_survival.csv,survival_status,none,Hybrid NBEM,87,9,StratifiedGroupKFold_10,10,True,True,306,3,2,0,0,3,0.75,0.6,0.8166666666666667,0.75,0.6858974358974359,0.8666666666666667,0.6,0.5897435897435898,0.890909090909091,0.3821488590911031,0.013524769805371761,1.1596784591674805,OK
duplicate_grouped,duplicate_sensitivity:duplicate_grouped,haberman_s_survival,Haberman Survival,C:\inetpub\wwwroot\up\uni\mlm\NBEM_Major_Revision_STAGE1B_READY_TO_RUN\datasets\processed\haberman_s_survival\haberman_s_survival.csv,survival_status,none,NBEM,87,10,StratifiedGroupKFold_10,10,True,True,306,3,2,0,0,3,0.7,0.575,0.691358024691358,0.7,0.641571194762684,0.6851851851851851,0.575,0.5581014729950899,0.6749999999999999,0.004045641981065273,0.004140043631196022,0.019351959228515625,OK
duplicate_grouped,duplicate_sensitivity:duplicate_grouped,haberman_s_survival,Haberman Survival,C:\inetpub\wwwroot\up\uni\mlm\NBEM_Major_Revision_STAGE1B_READY_TO_RUN\datasets\processed\haberman_s_survival\haberman_s_survival.csv,survival_status,none,Hybrid NBEM,87,10,StratifiedGroupKFold_10,10,True,True,306,3,2,0,0,3,0.7666666666666667,0.675,0.7733333333333333,0.7666666666666667,0.7407407407407407,0.78,0.675,0.6888888888888889,0.85,0.3617463707923889,0.013845568522810936,1.159592628479004,OK
duplicate_grouped,duplicate_sensitivity:duplicate_grouped,haberman_s_survival,Haberman Survival,C:\inetpub\wwwroot\up\uni\mlm\NBEM_Major_Revision_STAGE1B_READY_TO_RUN\datasets\processed\haberman_s_survival\haberman_s_survival.csv,survival_status,none,NBEM,123,1,StratifiedGroupKFold_10,10,True,True,306,3,2,0,0,3,0.84375,0.7291666666666667,0.8388888888888888,0.84375,0.830316742081448,0.825925925925926,0.7291666666666667,0.7586726998491704,0.6614583333333333,0.0037175817415118217,0.0033621834591031075,0.019163131713867188,OK
duplicate_grouped,duplicate_sensitivity:duplicate_grouped,haberman_s_survival,Haberman Survival,C:\inetpub\wwwroot\up\uni\mlm\NBEM_Major_Revision_STAGE1B_READY_TO_RUN\datasets\processed\haberman_s_survival\haberman_s_survival.csv,survival_status,none,Hybrid NBEM,123,1,StratifiedGroupKFold_10,10,True,True,306,3,2,0,0,3,0.78125,0.6041666666666667,0.7614942528735632,0.78125,0.741852487135506,0.7298850574712643,0.6041666666666667,0.6157804459691252,0.6666666666666666,0.7690541539341211,0.01422958541661501,1.1609220504760742,OK
duplicate_grouped,duplicate_sensitivity:duplicate_grouped,haberman_s_survival,Haberman Survival,C:\inetpub\wwwroot\up\uni\mlm\NBEM_Major_Revision_STAGE1B_READY_TO_RUN\datasets\processed\haberman_s_survival\haberman_s_survival.csv,survival_status,none,NBEM,123,2,StratifiedGroupKFold_10,10,True,True,306,3,2,0,0,3,0.8,0.5625,0.7571428571428572,0.8,0.7576923076923077,0.6607142857142857,0.5625,0.5673076923076923,0.6493055555555555,0.004591980017721653,0.004631705582141876,0.01897430419921875,OK
duplicate_grouped,duplicate_sensitivity:duplicate_grouped,haberman_s_survival,Haberman Survival,C:\inetpub\wwwroot\up\uni\mlm\NBEM_Major_Revision_STAGE1B_READY_TO_RUN\datasets\processed\haberman_s_survival\haberman_s_survival.csv,survival_status,none,Hybrid NBEM,123,2,StratifiedGroupKFold_10,10,True,True,306,3,2,0,0,3,0.8,0.625,0.7769230769230769,0.8,0.7840000000000001,0.6730769230769231,0.625,0.64,0.6701388888888888,0.3261061981320381,0.013912204653024673,1.1570777893066406,OK
duplicate_grouped,duplicate_sensitivity:duplicate_grouped,haberman_s_survival,Haberman Survival,C:\inetpub\wwwroot\up\uni\mlm\NBEM_Major_Revision_STAGE1B_READY_TO_RUN\datasets\processed\haberman_s_survival\haberman_s_survival.csv,survival_status,none,NBEM,123,3,StratifiedGroupKFold_10,10,True,True,306,3,2,0,0,3,0.7241379310344828,0.5773809523809523,0.6882758620689655,0.7241379310344828,0.6901549225387307,0.63,0.5773809523809523,0.5797101449275363,0.6547619047619048,0.004585573449730873,0.0042656296864151955,0.019025802612304688,OK
duplicate_grouped,duplicate_sensitivity:duplicate_grouped,haberman_s_survival,Haberman Survival,C:\inetpub\wwwroot\up\uni\mlm\NBEM_Major_Revision_STAGE1B_READY_TO_RUN\datasets\processed\haberman_s_survival\haberman_s_survival.csv,survival_status,none,Hybrid NBEM,123,3,StratifiedGroupKFold_10,10,True,True,306,3,2,0,0,3,0.7931034482758621,0.625,0.8390804597701149,0.7931034482758621,0.7439655172413793,0.8888888888888888,0.625,0.6375,0.7440476190476191,0.3717991756275296,0.01354869082570076,1.158799171447754,OK
duplicate_grouped,duplicate_sensitivity:duplicate_grouped,haberman_s_survival,Haberman Survival,C:\inetpub\wwwroot\up\uni\mlm\NBEM_Major_Revision_STAGE1B_READY_TO_RUN\datasets\processed\haberman_s_survival\haberman_s_survival.csv,survival_status,none,NBEM,123,4,StratifiedGroupKFold_10,10,True,True,306,3,2,0,0,3,0.7333333333333333,0.5555555555555556,0.806896551724138,0.7333333333333333,0.648,0.8620689655172413,0.5555555555555556,0.52,0.7142857142857142,0.003932017832994461,0.004355759359896183,0.019128799438476562,OK
duplicate_grouped,duplicate_sensitivity:duplicate_grouped,haberman_s_survival,Haberman Survival,C:\inetpub\wwwroot\up\uni\mlm\NBEM_Major_Revision_STAGE1B_READY_TO_RUN\datasets\processed\haberman_s_survival\haberman_s_survival.csv,survival_status,none,Hybrid NBEM,123,4,StratifiedGroupKFold_10,10,True,True,306,3,2,0,0,3,0.7333333333333333,0.5555555555555556,0.806896551724138,0.7333333333333333,0.648,0.8620689655172413,0.5555555555555556,0.52,0.6878306878306878,0.41194931510835886,0.018579792231321335,1.1588268280029297,OK
duplicate_grouped,duplicate_sensitivity:duplicate_grouped,haberman_s_survival,Haberman Survival,C:\inetpub\wwwroot\up\uni\mlm\NBEM_Major_Revision_STAGE1B_READY_TO_RUN\datasets\processed\haberman_s_survival\haberman_s_survival.csv,survival_status,none,NBEM,123,5,StratifiedGroupKFold_10,10,True,True,306,3,2,0,0,3,0.90625,0.6494252873563219,0.8927083333333333,0.90625,0.8976694915254237,0.7166666666666667,0.6494252873563219,0.6745762711864407,0.5862068965517241,0.003747910261154175,0.004311761818826199,0.0186309814453125,OK
duplicate_grouped,duplicate_sensitivity:duplicate_grouped,haberman_s_survival,Haberman Survival,C:\inetpub\wwwroot\up\uni\mlm\NBEM_Major_Revision_STAGE1B_READY_TO_RUN\datasets\processed\haberman_s_survival\haberman_s_survival.csv,survival_status,none,Hybrid NBEM,123,5,StratifiedGroupKFold_10,10,True,True,306,3,2,0,0,3,0.9375,0.6666666666666666,0.9415322580645161,0.9375,0.9229166666666667,0.967741935483871,0.6666666666666666,0.7333333333333334,0.6436781609195402,0.3962549939751625,0.014010450802743435,1.1596031188964844,OK
duplicate_grouped,duplicate_sensitivity:duplicate_grouped,haberman_s_survival,Haberman Survival,C:\inetpub\wwwroot\up\uni\mlm\NBEM_Major_Revision_STAGE1B_READY_TO_RUN\datasets\processed\haberman_s_survival\haberman_s_survival.csv,survival_status,none,NBEM,123,6,StratifiedGroupKFold_10,10,True,True,306,3,2,0,0,3,0.84375,0.6942857142857143,0.8337053571428571,0.84375,0.8268653516295026,0.8035714285714286,0.6942857142857143,0.725557461406518,0.6742857142857143,0.0039132218807935715,0.004113560542464256,0.0189056396484375,OK
duplicate_grouped,duplicate_sensitivity:duplicate_grouped,haberman_s_survival,Haberman Survival,C:\inetpub\wwwroot\up\uni\mlm\NBEM_Major_Revision_STAGE1B_READY_TO_RUN\datasets\processed\haberman_s_survival\haberman_s_survival.csv,survival_status,none,Hybrid NBEM,123,6,StratifiedGroupKFold_10,10,True,True,306,3,2,0,0,3,0.84375,0.6428571428571428,0.8697916666666667,0.84375,0.8074494949494949,0.9166666666666667,0.6428571428571428,0.6767676767676767,0.76,0.3408599104732275,0.014747731387615204,1.1593952178955078,OK
duplicate_grouped,duplicate_sensitivity:duplicate_grouped,haberman_s_survival,Haberman Survival,C:\inetpub\wwwroot\up\uni\mlm\NBEM_Major_Revision_STAGE1B_READY_TO_RUN\datasets\processed\haberman_s_survival\haberman_s_survival.csv,survival_status,none,NBEM,123,7,StratifiedGroupKFold_10,10,True,True,306,3,2,0,0,3,0.6785714285714286,0.4523809523809524,0.548076923076923,0.6785714285714286,0.6063829787234043,0.36538461538461536,0.4523809523809524,0.40425531914893614,0.7074829931972789,0.003949956968426704,0.004111851565539837,0.019077301025390625,OK
duplicate_grouped,duplicate_sensitivity:duplicate_grouped,haberman_s_survival,Haberman Survival,C:\inetpub\wwwroot\up\uni\mlm\NBEM_Major_Revision_STAGE1B_READY_TO_RUN\datasets\processed\haberman_s_survival\haberman_s_survival.csv,survival_status,none,Hybrid NBEM,123,7,StratifiedGroupKFold_10,10,True,True,306,3,2,0,0,3,0.6785714285714286,0.4523809523809524,0.548076923076923,0.6785714285714286,0.6063829787234043,0.36538461538461536,0.4523809523809524,0.40425531914893614,0.6802721088435374,0.3940615225583315,0.01349871326237917,1.159719467163086,OK
duplicate_grouped,duplicate_sensitivity:duplicate_grouped,haberman_s_survival,Haberman Survival,C:\inetpub\wwwroot\up\uni\mlm\NBEM_Major_Revision_STAGE1B_READY_TO_RUN\datasets\processed\haberman_s_survival\haberman_s_survival.csv,survival_status,none,NBEM,123,8,StratifiedGroupKFold_10,10,True,True,306,3,2,0,0,3,0.6206896551724138,0.5176767676767676,0.5804597701149427,0.6206896551724138,0.5273209549071618,0.5648148148148149,0.5176767676767676,0.4547008547008547,0.5606060606060606,0.003663758747279644,0.004052475094795227,0.019283294677734375,OK
duplicate_grouped,duplicate_sensitivity:duplicate_grouped,haberman_s_survival,Haberman Survival,C:\inetpub\wwwroot\up\uni\mlm\NBEM_Major_Revision_STAGE1B_READY_TO_RUN\datasets\processed\haberman_s_survival\haberman_s_survival.csv,survival_status,none,Hybrid NBEM,123,8,StratifiedGroupKFold_10,10,True,True,306,3,2,0,0,3,0.6206896551724138,0.5176767676767676,0.5804597701149427,0.6206896551724138,0.5273209549071618,0.5648148148148149,0.5176767676767676,0.4547008547008547,0.6818181818181819,0.3292261799797416,0.013644374907016754,1.1590023040771484,OK
duplicate_grouped,duplicate_sensitivity:duplicate_grouped,haberman_s_survival,Haberman Survival,C:\inetpub\wwwroot\up\uni\mlm\NBEM_Major_Revision_STAGE1B_READY_TO_RUN\datasets\processed\haberman_s_survival\haberman_s_survival.csv,survival_status,none,NBEM,123,9,StratifiedGroupKFold_10,10,True,True,306,3,2,0,0,3,0.71875,0.6318181818181818,0.7010714285714286,0.71875,0.702909887359199,0.6657142857142857,0.6318181818181818,0.639549436795995,0.7772727272727272,0.0037209978327155113,0.004430512897670269,0.01911163330078125,OK
duplicate_grouped,duplicate_sensitivity:duplicate_grouped,haberman_s_survival,Haberman Survival,C:\inetpub\wwwroot\up\uni\mlm\NBEM_Major_Revision_STAGE1B_READY_TO_RUN\datasets\processed\haberman_s_survival\haberman_s_survival.csv,survival_status,none,Hybrid NBEM,123,9,StratifiedGroupKFold_10,10,True,True,306,3,2,0,0,3,0.71875,0.6045454545454545,0.6967592592592592,0.71875,0.6862244897959184,0.6703703703703703,0.6045454545454545,0.6081632653061224,0.8636363636363636,0.39662406127899885,0.022946657612919807,1.1607046127319336,OK
duplicate_grouped,duplicate_sensitivity:duplicate_grouped,haberman_s_survival,Haberman Survival,C:\inetpub\wwwroot\up\uni\mlm\NBEM_Major_Revision_STAGE1B_READY_TO_RUN\datasets\processed\haberman_s_survival\haberman_s_survival.csv,survival_status,none,NBEM,123,10,StratifiedGroupKFold_10,10,True,True,306,3,2,0,0,3,0.625,0.5,0.390625,0.625,0.4807692307692308,0.3125,0.5,0.38461538461538464,0.4854166666666667,0.0040370989590883255,0.005011451430618763,0.01924896240234375,OK
duplicate_grouped,duplicate_sensitivity:duplicate_grouped,haberman_s_survival,Haberman Survival,C:\inetpub\wwwroot\up\uni\mlm\NBEM_Major_Revision_STAGE1B_READY_TO_RUN\datasets\processed\haberman_s_survival\haberman_s_survival.csv,survival_status,none,Hybrid NBEM,123,10,StratifiedGroupKFold_10,10,True,True,306,3,2,0,0,3,0.5625,0.45,0.375,0.5625,0.44999999999999996,0.3,0.45,0.36,0.6395833333333333,0.5551464771851897,0.01550295203924179,1.162001609802246,OK
duplicate_grouped,duplicate_sensitivity:duplicate_grouped,internet_advertisements,Internet Ads,C:\inetpub\wwwroot\up\uni\mlm\NBEM_Major_Revision_STAGE1B_READY_TO_RUN\datasets\processed\internet_advertisements\internet_advertisements.csv,class,none,NBEM,13,1,StratifiedGroupKFold_10,10,True,True,3279,1558,2,1555,3,0,0.9479768786127167,0.8135507246376812,0.9489231969951955,0.9479768786127167,0.9431763855250317,0.9564345991561182,0.8135507246376812,0.8669685577580315,0.9844202898550725,0.22553670592606068,0.04137865360826254,73.94827365875244,OK
duplicate_grouped,duplicate_sensitivity:duplicate_grouped,internet_advertisements,Internet Ads,C:\inetpub\wwwroot\up\uni\mlm\NBEM_Major_Revision_STAGE1B_READY_TO_RUN\datasets\processed\internet_advertisements\internet_advertisements.csv,class,none,Hybrid NBEM,13,1,StratifiedGroupKFold_10,10,True,True,3279,1558,2,1555,3,0,0.9248554913294798,0.846231884057971,0.9263086601750914,0.9248554913294798,0.9255292412826915,0.8340324384787472,0.846231884057971,0.839962997224792,0.9439855072463768,53.31674496643245,0.63942960370332,139.22919273376465,OK
duplicate_grouped,duplicate_sensitivity:duplicate_grouped,internet_advertisements,Internet Ads,C:\inetpub\wwwroot\up\uni\mlm\NBEM_Major_Revision_STAGE1B_READY_TO_RUN\datasets\processed\internet_advertisements\internet_advertisements.csv,class,none,NBEM,13,2,StratifiedGroupKFold_10,10,True,True,3279,1558,2,1555,3,0,0.9611650485436893,0.8799615317363175,0.9606305111513814,0.9611650485436893,0.9594611788786548,0.9531803962460896,0.8799615317363175,0.911965811965812,0.9679139709739466,0.22257306333631277,0.022656616754829884,74.87775802612305,OK
duplicate_grouped,duplicate_sensitivity:duplicate_grouped,internet_advertisements,Internet Ads,C:\inetpub\wwwroot\up\uni\mlm\NBEM_Major_Revision_STAGE1B_READY_TO_RUN\datasets\processed\internet_advertisements\internet_advertisements.csv,class,none,Hybrid NBEM,13,2,StratifiedGroupKFold_10,10,True,True,3279,1558,2,1555,3,0,0.9805825242718447,0.9399807658681587,0.9804903235323947,0.9805825242718447,0.9801813805705076,0.9779202279202279,0.9399807658681587,0.9578176192209684,0.9784927434866235,44.81288599316031,0.6273371037095785,141.3737382888794,OK
duplicate_grouped,duplicate_sensitivity:duplicate_grouped,internet_advertisements,Internet Ads,C:\inetpub\wwwroot\up\uni\mlm\NBEM_Major_Revision_STAGE1B_READY_TO_RUN\datasets\processed\internet_advertisements\internet_advertisements.csv,class,none,NBEM,13,3,StratifiedGroupKFold_10,10,True,True,3279,1558,2,1555,3,0,0.9545454545454546,0.8747095917690011,0.9535530746057063,0.9545454545454546,0.9527227158806105,0.9401559454191033,0.8747095917690011,0.9035087719298246,0.949800862927315,0.22373280487954617,0.03533987980335951,74.9031229019165,OK
duplicate_grouped,duplicate_sensitivity:duplicate_grouped,internet_advertisements,Internet Ads,C:\inetpub\wwwroot\up\uni\mlm\NBEM_Major_Revision_STAGE1B_READY_TO_RUN\datasets\processed\internet_advertisements\internet_advertisements.csv,class,none,Hybrid NBEM,13,3,StratifiedGroupKFold_10,10,True,True,3279,1558,2,1555,3,0,0.9675324675324676,0.9540325257218719,0.9691996375717307,0.9675324675324676,0.9680839993339992,0.9241860465116278,0.9540325257218719,0.938301282051282,0.9834052439429141,56.07547720242292,0.6050375951454043,141.32198429107666,OK
duplicate_grouped,duplicate_sensitivity:duplicate_grouped,internet_advertisements,Internet Ads,C:\inetpub\wwwroot\up\uni\mlm\NBEM_Major_Revision_STAGE1B_READY_TO_RUN\datasets\processed\internet_advertisements\internet_advertisements.csv,class,none,NBEM,13,4,StratifiedGroupKFold_10,10,True,True,3279,1558,2,1555,3,0,0.9347826086956522,0.8328010948905109,0.9319640261413191,0.9347826086956522,0.931936186305411,0.8965751562924708,0.8328010948905109,0.8604593573949111,0.8873935523114355,0.29923350270837545,0.0640882384032011,74.55017757415771,OK
duplicate_grouped,duplicate_sensitivity:duplicate_grouped,internet_advertisements,Internet Ads,C:\inetpub\wwwroot\up\uni\mlm\NBEM_Major_Revision_STAGE1B_READY_TO_RUN\datasets\processed\internet_advertisements\internet_advertisements.csv,class,none,Hybrid NBEM,13,4,StratifiedGroupKFold_10,10,True,True,3279,1558,2,1555,3,0,0.9347826086956522,0.8499847931873479,0.932617212274083,0.9347826086956522,0.9332857566209244,0.88367925314662,0.8499847931873479,0.8656280428432328,0.9529349148418492,44.51408477779478,0.5659369910135865,140.59119606018066,OK
duplicate_grouped,duplicate_sensitivity:duplicate_grouped,internet_advertisements,Internet Ads,C:\inetpub\wwwroot\up\uni\mlm\NBEM_Major_Revision_STAGE1B_READY_TO_RUN\datasets\processed\internet_advertisements\internet_advertisements.csv,class,none,NBEM,13,5,StratifiedGroupKFold_10,10,True,True,3279,1558,2,1555,3,0,0.9310344827586207,0.8567073170731707,0.9298625456856826,0.9310344827586207,0.93037216444974,0.8706797235023042,0.8567073170731707,0.863478015252801,0.9243348115299335,0.22225141152739525,0.034835402853786945,75.35690975189209,OK
duplicate_grouped,duplicate_sensitivity:duplicate_grouped,internet_advertisements,Internet Ads,C:\inetpub\wwwroot\up\uni\mlm\NBEM_Major_Revision_STAGE1B_READY_TO_RUN\datasets\processed\internet_advertisements\internet_advertisements.csv,class,none,Hybrid NBEM,13,5,StratifiedGroupKFold_10,10,True,True,3279,1558,2,1555,3,0,0.9724137931034482,0.9184220251293422,0.9724440411373261,0.9724137931034482,0.9715707236008796,0.972953216374269,0.9184220251293422,0.9431873836810658,0.9223946784922396,45.37228912860155,0.5521196145564318,142.38820266723633,OK
duplicate_grouped,duplicate_sensitivity:duplicate_grouped,internet_advertisements,Internet Ads,C:\inetpub\wwwroot\up\uni\mlm\NBEM_Major_Revision_STAGE1B_READY_TO_RUN\datasets\processed\internet_advertisements\internet_advertisements.csv,class,none,NBEM,13,6,StratifiedGroupKFold_10,10,True,True,3279,1558,2,1555,3,0,0.9618055555555556,0.9001059415555752,0.9614723342293906,0.9618055555555556,0.9605423728149558,0.9568548387096774,0.9001059415555752,0.9255341654326211,0.9603160589741326,0.3493710905313492,0.035720907151699066,75.4072790145874,OK
duplicate_grouped,duplicate_sensitivity:duplicate_grouped,internet_advertisements,Internet Ads,C:\inetpub\wwwroot\up\uni\mlm\NBEM_Major_Revision_STAGE1B_READY_TO_RUN\datasets\processed\internet_advertisements\internet_advertisements.csv,class,none,Hybrid NBEM,13,6,StratifiedGroupKFold_10,10,True,True,3279,1558,2,1555,3,0,0.9409722222222222,0.9047850269268121,0.9427491830065359,0.9409722222222222,0.9417001760062367,0.8852941176470588,0.9047850269268121,0.8946258313066311,0.9560783967511256,69.47286161128432,0.5230726711452007,142.51218032836914,OK
duplicate_grouped,duplicate_sensitivity:duplicate_grouped,internet_advertisements,Internet Ads,C:\inetpub\wwwroot\up\uni\mlm\NBEM_Major_Revision_STAGE1B_READY_TO_RUN\datasets\processed\internet_advertisements\internet_advertisements.csv,class,none,NBEM,13,7,StratifiedGroupKFold_10,10,True,True,3279,1558,2,1555,3,0,0.9833333333333333,0.9319999999999999,0.9832236842105263,0.9833333333333333,0.9828983248928711,0.9796052631578946,0.9319999999999999,0.9541877678223607,0.9853629629629629,0.3446313142776489,0.059251921251416206,72.07956027984619,OK
duplicate_grouped,duplicate_sensitivity:duplicate_grouped,internet_advertisements,Internet Ads,C:\inetpub\wwwroot\up\uni\mlm\NBEM_Major_Revision_STAGE1B_READY_TO_RUN\datasets\processed\internet_advertisements\internet_advertisements.csv,class,none,Hybrid NBEM,13,7,StratifiedGroupKFold_10,10,True,True,3279,1558,2,1555,3,0,0.9666666666666667,0.9226666666666667,0.9674006046432034,0.9666666666666667,0.9669844222273891,0.9068507215789173,0.9226666666666667,0.9145547547082074,0.9874962962962963,39.62558489013463,0.6496139755472541,136.14286136627197,OK
duplicate_grouped,duplicate_sensitivity:duplicate_grouped,internet_advertisements,Internet Ads,C:\inetpub\wwwroot\up\uni\mlm\NBEM_Major_Revision_STAGE1B_READY_TO_RUN\datasets\processed\internet_advertisements\internet_advertisements.csv,class,none,NBEM,13,8,StratifiedGroupKFold_10,10,True,True,3279,1558,2,1555,3,0,0.9501779359430605,0.900277520814061,0.9494476273159996,0.9501779359430605,0.9497299126739985,0.9149405446873802,0.900277520814061,0.9073917137476459,0.9715541165587416,0.4706707028672099,0.039898114278912544,75.58380317687988,OK
duplicate_grouped,duplicate_sensitivity:duplicate_grouped,internet_advertisements,Internet Ads,C:\inetpub\wwwroot\up\uni\mlm\NBEM_Major_Revision_STAGE1B_READY_TO_RUN\datasets\processed\internet_advertisements\internet_advertisements.csv,class,none,Hybrid NBEM,13,8,StratifiedGroupKFold_10,10,True,True,3279,1558,2,1555,3,0,0.9608540925266904,0.9416281221091581,0.9621951860876883,0.9608540925266904,0.9613464494830776,0.9199507389162561,0.9416281221091581,0.9303279612306998,0.9840888066604996,61.478160969913006,0.5206327270716429,142.83168697357178,OK
duplicate_grouped,duplicate_sensitivity:duplicate_grouped,internet_advertisements,Internet Ads,C:\inetpub\wwwroot\up\uni\mlm\NBEM_Major_Revision_STAGE1B_READY_TO_RUN\datasets\processed\internet_advertisements\internet_advertisements.csv,class,none,NBEM,13,9,StratifiedGroupKFold_10,10,True,True,3279,1558,2,1555,3,0,0.964769647696477,0.8910761950982771,0.964458201437486,0.964769647696477,0.9633473992102611,0.9598730204023398,0.8910761950982771,0.9214700826716871,0.9572312545498666,0.21305164601653814,0.04221631586551666,73.36528968811035,OK
duplicate_grouped,duplicate_sensitivity:duplicate_grouped,internet_advertisements,Internet Ads,C:\inetpub\wwwroot\up\uni\mlm\NBEM_Major_Revision_STAGE1B_READY_TO_RUN\datasets\processed\internet_advertisements\internet_advertisements.csv,class,none,Hybrid NBEM,13,9,StratifiedGroupKFold_10,10,True,True,3279,1558,2,1555,3,0,0.959349593495935,0.9281121087114778,0.9605246185640779,0.959349593495935,0.9598228257117057,0.9086276780544296,0.9281121087114778,0.9180206466519543,0.976886677990779,45.62129149585962,0.5507667968049645,138.59803295135498,OK
duplicate_grouped,duplicate_sensitivity:duplicate_grouped,internet_advertisements,Internet Ads,C:\inetpub\wwwroot\up\uni\mlm\NBEM_Major_Revision_STAGE1B_READY_TO_RUN\datasets\processed\internet_advertisements\internet_advertisements.csv,class,none,NBEM,13,10,StratifiedGroupKFold_10,10,True,True,3279,1558,2,1555,3,0,0.9335260115606936,0.8800908521303259,0.9391742917754479,0.9335260115606936,0.9356955836907364,0.8334707620421906,0.8800908521303259,0.8544915982519976,0.9730576441102756,0.3128210650756955,0.029019178822636604,73.94512844085693,OK
duplicate_grouped,duplicate_sensitivity:duplicate_grouped,internet_advertisements,Internet Ads,C:\inetpub\wwwroot\up\uni\mlm\NBEM_Major_Revision_STAGE1B_READY_TO_RUN\datasets\processed\internet_advertisements\internet_advertisements.csv,class,none,Hybrid NBEM,13,10,StratifiedGroupKFold_10,10,True,True,3279,1558,2,1555,3,0,0.976878612716763,0.956062030075188,0.9774780496462538,0.976878612716763,0.9771093119528378,0.9382149307645996,0.956062030075188,0.9468877120270166,0.993812656641604,48.54835419077426,0.6039205677807331,139.7232780456543,OK
duplicate_grouped,duplicate_sensitivity:duplicate_grouped,internet_advertisements,Internet Ads,C:\inetpub\wwwroot\up\uni\mlm\NBEM_Major_Revision_STAGE1B_READY_TO_RUN\datasets\processed\internet_advertisements\internet_advertisements.csv,class,none,NBEM,21,1,StratifiedGroupKFold_10,10,True,True,3279,1558,2,1555,3,0,0.946875,0.8543761203335671,0.9452110162374019,0.946875,0.9444932432432432,0.9243187756625606,0.8543761203335671,0.8846846846846848,0.9688255007403944,0.3636164804920554,0.034699137322604656,74.60059833526611,OK
duplicate_grouped,duplicate_sensitivity:duplicate_grouped,internet_advertisements,Internet Ads,C:\inetpub\wwwroot\up\uni\mlm\NBEM_Major_Revision_STAGE1B_READY_TO_RUN\datasets\processed\internet_advertisements\internet_advertisements.csv,class,none,Hybrid NBEM,21,1,StratifiedGroupKFold_10,10,True,True,3279,1558,2,1555,3,0,0.978125,0.9431455069752942,0.9778687005928853,0.978125,0.9778241908364859,0.9682147562582346,0.9431455069752942,0.9551632338517584,0.9790351492479152,57.011646116152406,0.6640605581924319,140.9339895248413,OK
duplicate_grouped,duplicate_sensitivity:duplicate_grouped,internet_advertisements,Internet Ads,C:\inetpub\wwwroot\up\uni\mlm\NBEM_Major_Revision_STAGE1B_READY_TO_RUN\datasets\processed\internet_advertisements\internet_advertisements.csv,class,none,NBEM,21,2,StratifiedGroupKFold_10,10,True,True,3279,1558,2,1555,3,0,0.9337748344370861,0.8617407437283213,0.9320386070096174,0.9337748344370861,0.9326254948928987,0.8877648076091655,0.8617407437283213,0.8740091781393409,0.9719286924255868,0.40061588026583195,0.04951008968055248,75.0543851852417,OK
duplicate_grouped,duplicate_sensitivity:duplicate_grouped,internet_advertisements,Internet Ads,C:\inetpub\wwwroot\up\uni\mlm\NBEM_Major_Revision_STAGE1B_READY_TO_RUN\datasets\processed\internet_advertisements\internet_advertisements.csv,class,none,Hybrid NBEM,21,2,StratifiedGroupKFold_10,10,True,True,3279,1558,2,1555,3,0,0.956953642384106,0.875574735823183,0.9576507493900314,0.956953642384106,0.954690260900267,0.9641148325358853,0.875574735823183,0.9127148224727095,0.9556344276841171,53.49831015057862,0.5221273638308048,141.83606052398682,OK
duplicate_grouped,duplicate_sensitivity:duplicate_grouped,internet_advertisements,Internet Ads,C:\inetpub\wwwroot\up\uni\mlm\NBEM_Major_Revision_STAGE1B_READY_TO_RUN\datasets\processed\internet_advertisements\internet_advertisements.csv,class,none,NBEM,21,3,StratifiedGroupKFold_10,10,True,True,3279,1558,2,1555,3,0,0.9594594594594594,0.8939106006775179,0.9592009513099901,0.9594594594594594,0.9579806898531997,0.9560019129603061,0.8939106006775179,0.9213811420982736,0.9721556638849872,0.4422179386019707,0.04539951961487532,75.2056474685669,OK
duplicate_grouped,duplicate_sensitivity:duplicate_grouped,internet_advertisements,Internet Ads,C:\inetpub\wwwroot\up\uni\mlm\NBEM_Major_Revision_STAGE1B_READY_TO_RUN\datasets\processed\internet_advertisements\internet_advertisements.csv,class,none,Hybrid NBEM,21,3,StratifiedGroupKFold_10,10,True,True,3279,1558,2,1555,3,0,0.972972972972973,0.9347269272081302,0.9726954045679147,0.972972972972973,0.9725064721219554,0.9658255865427181,0.9347269272081302,0.9494146799965821,0.9800049574485665,48.61570807546377,0.47359632793813944,142.13929080963135,OK
duplicate_grouped,duplicate_sensitivity:duplicate_grouped,internet_advertisements,Internet Ads,C:\inetpub\wwwroot\up\uni\mlm\NBEM_Major_Revision_STAGE1B_READY_TO_RUN\datasets\processed\internet_advertisements\internet_advertisements.csv,class,none,NBEM,21,4,StratifiedGroupKFold_10,10,True,True,3279,1558,2,1555,3,0,0.9607843137254902,0.8919573643410852,0.9604599734630693,0.9607843137254902,0.9593011389149692,0.9562030075187969,0.8919573643410852,0.9203678001387925,0.9551033591731266,0.2587155783548951,0.0385897196829319,74.9535436630249,OK
duplicate_grouped,duplicate_sensitivity:duplicate_grouped,internet_advertisements,Internet Ads,C:\inetpub\wwwroot\up\uni\mlm\NBEM_Major_Revision_STAGE1B_READY_TO_RUN\datasets\processed\internet_advertisements\internet_advertisements.csv,class,none,Hybrid NBEM,21,4,StratifiedGroupKFold_10,10,True,True,3279,1558,2,1555,3,0,0.9509803921568627,0.9200581395348837,0.9524798154555939,0.9509803921568627,0.9515797813011434,0.8999999999999999,0.9200581395348837,0.9096225412014886,0.9502583979328165,52.63015850260854,0.5155277280136943,141.66457271575928,OK
duplicate_grouped,duplicate_sensitivity:duplicate_grouped,internet_advertisements,Internet Ads,C:\inetpub\wwwroot\up\uni\mlm\NBEM_Major_Revision_STAGE1B_READY_TO_RUN\datasets\processed\internet_advertisements\internet_advertisements.csv,class,none,NBEM,21,5,StratifiedGroupKFold_10,10,True,True,3279,1558,2,1555,3,0,0.9085365853658537,0.8764568764568765,0.9266158925957076,0.9085365853658537,0.9145376381821372,0.7887611749680715,0.8764568764568765,0.823021582733813,0.9385198135198135,0.2528826957568526,0.07611409947276115,74.39891529083252,OK
duplicate_grouped,duplicate_sensitivity:duplicate_grouped,internet_advertisements,Internet Ads,C:\inetpub\wwwroot\up\uni\mlm\NBEM_Major_Revision_STAGE1B_READY_TO_RUN\datasets\processed\internet_advertisements\internet_advertisements.csv,class,none,Hybrid NBEM,21,5,StratifiedGroupKFold_10,10,True,True,3279,1558,2,1555,3,0,0.9420731707317073,0.8956876456876457,0.9455854895870076,0.9420731707317073,0.9434449195570964,0.8598849095176799,0.8956876456876457,0.8765035768781086,0.9504245754245754,45.82120452541858,0.41672924533486366,140.48401355743408,OK
duplicate_grouped,duplicate_sensitivity:duplicate_grouped,internet_advertisements,Internet Ads,C:\inetpub\wwwroot\up\uni\mlm\NBEM_Major_Revision_STAGE1B_READY_TO_RUN\datasets\processed\internet_advertisements\internet_advertisements.csv,class,none,NBEM,21,6,StratifiedGroupKFold_10,10,True,True,3279,1558,2,1555,3,0,0.9680511182108626,0.8888888888888888,0.9692003585629899,0.9680511182108626,0.9663468852765976,0.9820143884892086,0.8888888888888888,0.9283424908424909,0.9615257048092869,0.2587817879393697,0.026771885342895985,74.77707099914551,OK
duplicate_grouped,duplicate_sensitivity:duplicate_grouped,internet_advertisements,Internet Ads,C:\inetpub\wwwroot\up\uni\mlm\NBEM_Major_Revision_STAGE1B_READY_TO_RUN\datasets\processed\internet_advertisements\internet_advertisements.csv,class,none,Hybrid NBEM,21,6,StratifiedGroupKFold_10,10,True,True,3279,1558,2,1555,3,0,0.9456869009584664,0.9035655058043117,0.9474305262523359,0.9456869009584664,0.9464100675619366,0.882625786163522,0.9035655058043117,0.892654683370655,0.9679933665008292,51.87837702874094,0.492140238173306,140.9325122833252,OK
duplicate_grouped,duplicate_sensitivity:duplicate_grouped,internet_advertisements,Internet Ads,C:\inetpub\wwwroot\up\uni\mlm\NBEM_Major_Revision_STAGE1B_READY_TO_RUN\datasets\processed\internet_advertisements\internet_advertisements.csv,class,none,NBEM,21,7,StratifiedGroupKFold_10,10,True,True,3279,1558,2,1555,3,0,0.9542682926829268,0.852021986650962,0.9537784626045541,0.9542682926829268,0.9515203571292894,0.9484793917567027,0.852021986650962,0.8920650242414936,0.9490380840204162,0.21725448314100504,0.026284493505954742,74.39891529083252,OK
duplicate_grouped,duplicate_sensitivity:duplicate_grouped,internet_advertisements,Internet Ads,C:\inetpub\wwwroot\up\uni\mlm\NBEM_Major_Revision_STAGE1B_READY_TO_RUN\datasets\processed\internet_advertisements\internet_advertisements.csv,class,none,Hybrid NBEM,21,7,StratifiedGroupKFold_10,10,True,True,3279,1558,2,1555,3,0,0.9542682926829268,0.8893992932862191,0.953249494408031,0.9542682926829268,0.9536003730742113,0.9128371628371628,0.8893992932862191,0.9006120841161142,0.9598743619945034,52.983362508006394,0.4060412524268031,140.3664608001709,OK
duplicate_grouped,duplicate_sensitivity:duplicate_grouped,internet_advertisements,Internet Ads,C:\inetpub\wwwroot\up\uni\mlm\NBEM_Major_Revision_STAGE1B_READY_TO_RUN\datasets\processed\internet_advertisements\internet_advertisements.csv,class,none,NBEM,21,8,StratifiedGroupKFold_10,10,True,True,3279,1558,2,1555,3,0,0.9766899766899767,0.8837209302325582,0.97727861364225,0.9766899766899767,0.9753054635946008,0.9873737373737373,0.8837209302325582,0.9278166644232064,0.9590914568020243,0.22444488294422626,0.05220974702388048,71.8526668548584,OK
duplicate_grouped,duplicate_sensitivity:duplicate_grouped,internet_advertisements,Internet Ads,C:\inetpub\wwwroot\up\uni\mlm\NBEM_Major_Revision_STAGE1B_READY_TO_RUN\datasets\processed\internet_advertisements\internet_advertisements.csv,class,none,Hybrid NBEM,21,8,StratifiedGroupKFold_10,10,True,True,3279,1558,2,1555,3,0,0.9627039627039627,0.886281479696349,0.9620161499718957,0.9627039627039627,0.9623081483546599,0.9030362081971335,0.886281479696349,0.8944259874492433,0.9713820942282203,46.11280936002731,0.6963082188740373,135.5658416748047,OK
duplicate_grouped,duplicate_sensitivity:duplicate_grouped,internet_advertisements,Internet Ads,C:\inetpub\wwwroot\up\uni\mlm\NBEM_Major_Revision_STAGE1B_READY_TO_RUN\datasets\processed\internet_advertisements\internet_advertisements.csv,class,none,NBEM,21,9,StratifiedGroupKFold_10,10,True,True,3279,1558,2,1555,3,0,0.958217270194986,0.8627384707826349,0.9566508476907734,0.958217270194986,0.9565461980342975,0.9258818342151676,0.8627384707826349,0.8908969345786819,0.9716088328075709,0.28540843818336725,0.04291557800024748,73.61739349365234,OK
duplicate_grouped,duplicate_sensitivity:duplicate_grouped,internet_advertisements,Internet Ads,C:\inetpub\wwwroot\up\uni\mlm\NBEM_Major_Revision_STAGE1B_READY_TO_RUN\datasets\processed\internet_advertisements\internet_advertisements.csv,class,none,Hybrid NBEM,21,9,StratifiedGroupKFold_10,10,True,True,3279,1558,2,1555,3,0,0.9777158774373259,0.9357443292774523,0.9773853703687534,0.9777158774373259,0.9774791577736559,0.9546630094043888,0.9357443292774523,0.9449302040190213,0.9619197836863452,62.103075644001365,0.649979623965919,138.83902645111084,OK
duplicate_grouped,duplicate_sensitivity:duplicate_grouped,internet_advertisements,Internet Ads,C:\inetpub\wwwroot\up\uni\mlm\NBEM_Major_Revision_STAGE1B_READY_TO_RUN\datasets\processed\internet_advertisements\internet_advertisements.csv,class,none,NBEM,21,10,StratifiedGroupKFold_10,10,True,True,3279,1558,2,1555,3,0,0.9496644295302014,0.8879190230308991,0.9484183509245602,0.9496644295302014,0.9485614995887416,0.9234967788117394,0.8879190230308991,0.9044443019303534,0.9747151872797312,0.22327617090195417,0.02664715237915516,75.15517520904541,OK
duplicate_grouped,duplicate_sensitivity:duplicate_grouped,internet_advertisements,Internet Ads,C:\inetpub\wwwroot\up\uni\mlm\NBEM_Major_Revision_STAGE1B_READY_TO_RUN\datasets\processed\internet_advertisements\internet_advertisements.csv,class,none,Hybrid NBEM,21,10,StratifiedGroupKFold_10,10,True,True,3279,1558,2,1555,3,0,0.9731543624161074,0.9265633964429145,0.9732388288544698,0.9731543624161074,0.9724387566523546,0.9746466028271774,0.9265633964429145,0.9485852311939268,0.9842635849520531,46.64963490515947,0.4775787489488721,142.05398750305176,OK
duplicate_grouped,duplicate_sensitivity:duplicate_grouped,internet_advertisements,Internet Ads,C:\inetpub\wwwroot\up\uni\mlm\NBEM_Major_Revision_STAGE1B_READY_TO_RUN\datasets\processed\internet_advertisements\internet_advertisements.csv,class,none,NBEM,42,1,StratifiedGroupKFold_10,10,True,True,3279,1558,2,1555,3,0,0.9641873278236914,0.8620689655172413,0.9643709825528007,0.9641873278236914,0.9619327770329311,0.9666666666666667,0.8620689655172413,0.9055690072639225,0.9913793103448277,0.36384629271924496,0.036582489497959614,73.51662063598633,OK
duplicate_grouped,duplicate_sensitivity:duplicate_grouped,internet_advertisements,Internet Ads,C:\inetpub\wwwroot\up\uni\mlm\NBEM_Major_Revision_STAGE1B_READY_TO_RUN\datasets\processed\internet_advertisements\internet_advertisements.csv,class,none,Hybrid NBEM,42,1,StratifiedGroupKFold_10,10,True,True,3279,1558,2,1555,3,0,0.9834710743801653,0.9318181818181819,0.9837762237762238,0.9834710743801653,0.9829433556899093,0.9907692307692308,0.9318181818181819,0.9587562490531738,0.9886007409518381,45.771302302367985,0.5780657976865768,138.87154865264893,OK
duplicate_grouped,duplicate_sensitivity:duplicate_grouped,internet_advertisements,Internet Ads,C:\inetpub\wwwroot\up\uni\mlm\NBEM_Major_Revision_STAGE1B_READY_TO_RUN\datasets\processed\internet_advertisements\internet_advertisements.csv,class,none,NBEM,42,2,StratifiedGroupKFold_10,10,True,True,3279,1558,2,1555,3,0,0.95625,0.8504611330698287,0.9567708333333333,0.95625,0.9532614781634938,0.9618055555555556,0.8504611330698287,0.8954833893243748,0.9763257575757576,0.21753299236297607,0.025599327869713306,74.60059833526611,OK
duplicate_grouped,duplicate_sensitivity:duplicate_grouped,internet_advertisements,Internet Ads,C:\inetpub\wwwroot\up\uni\mlm\NBEM_Major_Revision_STAGE1B_READY_TO_RUN\datasets\processed\internet_advertisements\internet_advertisements.csv,class,none,Hybrid NBEM,42,2,StratifiedGroupKFold_10,10,True,True,3279,1558,2,1555,3,0,0.921875,0.8400856389986825,0.9226414141414143,0.921875,0.922243010664981,0.8337373737373738,0.8400856389986825,0.8368645363894043,0.9611742424242424,50.76221488136798,0.3783898428082466,140.63675212860107,OK
duplicate_grouped,duplicate_sensitivity:duplicate_grouped,internet_advertisements,Internet Ads,C:\inetpub\wwwroot\up\uni\mlm\NBEM_Major_Revision_STAGE1B_READY_TO_RUN\datasets\processed\internet_advertisements\internet_advertisements.csv,class,none,NBEM,42,3,StratifiedGroupKFold_10,10,True,True,3279,1558,2,1555,3,0,0.9605633802816902,0.8472346451997614,0.9608292526965859,0.9605633802816902,0.9577378601029942,0.9638092393468738,0.8472346451997614,0.8943991160972293,0.9528175313059034,0.26060192100703716,0.030922180972993374,73.71823501586914,OK
duplicate_grouped,duplicate_sensitivity:duplicate_grouped,internet_advertisements,Internet Ads,C:\inetpub\wwwroot\up\uni\mlm\NBEM_Major_Revision_STAGE1B_READY_TO_RUN\datasets\processed\internet_advertisements\internet_advertisements.csv,class,none,Hybrid NBEM,42,3,StratifiedGroupKFold_10,10,True,True,3279,1558,2,1555,3,0,0.9408450704225352,0.8761180679785331,0.9428034649433112,0.9408450704225352,0.9416991773143337,0.8550021105951878,0.8761180679785331,0.8651142593497259,0.9560226595110317,48.755530666559935,0.4038490606471896,139.00083923339844,OK
duplicate_grouped,duplicate_sensitivity:duplicate_grouped,internet_advertisements,Internet Ads,C:\inetpub\wwwroot\up\uni\mlm\NBEM_Major_Revision_STAGE1B_READY_TO_RUN\datasets\processed\internet_advertisements\internet_advertisements.csv,class,none,NBEM,42,4,StratifiedGroupKFold_10,10,True,True,3279,1558,2,1555,3,0,0.8896551724137931,0.8638631503920171,0.9090763616493961,0.8896551724137931,0.8959586120310842,0.788907753254103,0.8638631503920171,0.8179535467671061,0.9509087669280114,0.2767456155270338,0.03998653683811426,75.35690975189209,OK
duplicate_grouped,duplicate_sensitivity:duplicate_grouped,internet_advertisements,Internet Ads,C:\inetpub\wwwroot\up\uni\mlm\NBEM_Major_Revision_STAGE1B_READY_TO_RUN\datasets\processed\internet_advertisements\internet_advertisements.csv,class,none,Hybrid NBEM,42,4,StratifiedGroupKFold_10,10,True,True,3279,1558,2,1555,3,0,0.9206896551724137,0.8999465431218816,0.9310256550062443,0.9206896551724137,0.9240101937185528,0.8380016565017694,0.8999465431218816,0.8642404998880544,0.9653421240199572,58.443402882665396,0.42578249517828226,142.42481994628906,OK
duplicate_grouped,duplicate_sensitivity:duplicate_grouped,internet_advertisements,Internet Ads,C:\inetpub\wwwroot\up\uni\mlm\NBEM_Major_Revision_STAGE1B_READY_TO_RUN\datasets\processed\internet_advertisements\internet_advertisements.csv,class,none,NBEM,42,5,StratifiedGroupKFold_10,10,True,True,3279,1558,2,1555,3,0,0.9329073482428115,0.8619738751814223,0.9310285932445195,0.9329073482428115,0.9315661278587922,0.8921383647798742,0.8619738751814223,0.876039603960396,0.941944847605225,0.32583195995539427,0.03155608847737312,74.77686500549316,OK
duplicate_grouped,duplicate_sensitivity:duplicate_grouped,internet_advertisements,Internet Ads,C:\inetpub\wwwroot\up\uni\mlm\NBEM_Major_Revision_STAGE1B_READY_TO_RUN\datasets\processed\internet_advertisements\internet_advertisements.csv,class,none,Hybrid NBEM,42,5,StratifiedGroupKFold_10,10,True,True,3279,1558,2,1555,3,0,0.9648562300319489,0.9112481857764877,0.9646377227798493,0.9648562300319489,0.9638471761647734,0.9614069369809477,0.9112481857764877,0.9340080118068732,0.9542815674891145,36.203271796926856,0.5650967648252845,141.30724906921387,OK
duplicate_grouped,duplicate_sensitivity:duplicate_grouped,internet_advertisements,Internet Ads,C:\inetpub\wwwroot\up\uni\mlm\NBEM_Major_Revision_STAGE1B_READY_TO_RUN\datasets\processed\internet_advertisements\internet_advertisements.csv,class,none,NBEM,42,6,StratifiedGroupKFold_10,10,True,True,3279,1558,2,1555,3,0,0.9614243323442137,0.9080161476355249,0.9606791051854261,0.9614243323442137,0.9609017371019721,0.9307458143074581,0.9080161476355249,0.9189199193085706,0.9841407151095732,0.24676190689206123,0.03849318157881498,74.17202186584473,OK
duplicate_grouped,duplicate_sensitivity:duplicate_grouped,internet_advertisements,Internet Ads,C:\inetpub\wwwroot\up\uni\mlm\NBEM_Major_Revision_STAGE1B_READY_TO_RUN\datasets\processed\internet_advertisements\internet_advertisements.csv,class,none,Hybrid NBEM,42,6,StratifiedGroupKFold_10,10,True,True,3279,1558,2,1555,3,0,0.9762611275964391,0.9427263552479815,0.9759760518651622,0.9762611275964391,0.9760495154910076,0.9588002390557299,0.9427263552479815,0.9505502567865003,0.992358708189158,57.59696254320443,0.7002282747998834,139.94927215576172,OK
duplicate_grouped,duplicate_sensitivity:duplicate_grouped,internet_advertisements,Internet Ads,C:\inetpub\wwwroot\up\uni\mlm\NBEM_Major_Revision_STAGE1B_READY_TO_RUN\datasets\processed\internet_advertisements\internet_advertisements.csv,class,none,NBEM,42,7,StratifiedGroupKFold_10,10,True,True,3279,1558,2,1555,3,0,0.9741100323624595,0.9090909090909092,0.9748687127327904,0.9741100323624595,0.9730080244462891,0.9853479853479854,0.9090909090909092,0.9425650557620817,0.9335334476843912,0.294220769777894,0.03415066283196211,74.8779125213623,OK
duplicate_grouped,duplicate_sensitivity:duplicate_grouped,internet_advertisements,Internet Ads,C:\inetpub\wwwroot\up\uni\mlm\NBEM_Major_Revision_STAGE1B_READY_TO_RUN\datasets\processed\internet_advertisements\internet_advertisements.csv,class,none,Hybrid NBEM,42,7,StratifiedGroupKFold_10,10,True,True,3279,1558,2,1555,3,0,0.9741100323624595,0.9185677530017153,0.9741006045727295,0.9741100323624595,0.9733077449597853,0.9739269761118664,0.9185677530017153,0.9437568256279578,0.9376500857632933,52.976252840831876,0.5112069938331842,141.19061756134033,OK
duplicate_grouped,duplicate_sensitivity:duplicate_grouped,internet_advertisements,Internet Ads,C:\inetpub\wwwroot\up\uni\mlm\NBEM_Major_Revision_STAGE1B_READY_TO_RUN\datasets\processed\internet_advertisements\internet_advertisements.csv,class,none,NBEM,42,8,StratifiedGroupKFold_10,10,True,True,3279,1558,2,1555,3,0,0.9442622950819672,0.8599127077387947,0.9423552576270436,0.9442622950819672,0.9423387978142075,0.9133410449199924,0.8599127077387947,0.8838095238095238,0.945358401880141,0.2313640359789133,0.022830471396446228,74.9787540435791,OK
duplicate_grouped,duplicate_sensitivity:duplicate_grouped,internet_advertisements,Internet Ads,C:\inetpub\wwwroot\up\uni\mlm\NBEM_Major_Revision_STAGE1B_READY_TO_RUN\datasets\processed\internet_advertisements\internet_advertisements.csv,class,none,Hybrid NBEM,42,8,StratifiedGroupKFold_10,10,True,True,3279,1558,2,1555,3,0,0.9344262295081968,0.8541212019472888,0.9325265729304875,0.9344262295081968,0.9331871570424425,0.881948216548977,0.8541212019472888,0.8672065482410309,0.9691119691119691,43.553999124094844,0.6110750865191221,141.69019317626953,OK
duplicate_grouped,duplicate_sensitivity:duplicate_grouped,internet_advertisements,Internet Ads,C:\inetpub\wwwroot\up\uni\mlm\NBEM_Major_Revision_STAGE1B_READY_TO_RUN\datasets\processed\internet_advertisements\internet_advertisements.csv,class,none,NBEM,42,9,StratifiedGroupKFold_10,10,True,True,3279,1558,2,1555,3,0,0.9746478873239437,0.8953488372093024,0.9753586942214033,0.9746478873239437,0.9733464986385351,0.985981308411215,0.8953488372093024,0.934449436819105,0.9554263565891473,0.2557831183075905,0.04763741511851549,73.71813201904297,OK
duplicate_grouped,duplicate_sensitivity:duplicate_grouped,internet_advertisements,Internet Ads,C:\inetpub\wwwroot\up\uni\mlm\NBEM_Major_Revision_STAGE1B_READY_TO_RUN\datasets\processed\internet_advertisements\internet_advertisements.csv,class,none,Hybrid NBEM,42,9,StratifiedGroupKFold_10,10,True,True,3279,1558,2,1555,3,0,0.9690140845070423,0.9322450805008944,0.9693529196223821,0.9690140845070423,0.9691672961701502,0.9237795966091786,0.9322450805008944,0.9279533587941182,0.98412343470483,49.97727375663817,0.6030700914561749,139.345383644104,OK
duplicate_grouped,duplicate_sensitivity:duplicate_grouped,internet_advertisements,Internet Ads,C:\inetpub\wwwroot\up\uni\mlm\NBEM_Major_Revision_STAGE1B_READY_TO_RUN\datasets\processed\internet_advertisements\internet_advertisements.csv,class,none,NBEM,42,10,StratifiedGroupKFold_10,10,True,True,3279,1558,2,1555,3,0,0.963855421686747,0.900968309859155,0.9631254080360853,0.963855421686747,0.9628395113555267,0.948768472906404,0.900968309859155,0.9228803716608595,0.9651555164319249,0.2365185869857669,0.05813660379499197,74.29802227020264,OK
duplicate_grouped,duplicate_sensitivity:duplicate_grouped,internet_advertisements,Internet Ads,C:\inetpub\wwwroot\up\uni\mlm\NBEM_Major_Revision_STAGE1B_READY_TO_RUN\datasets\processed\internet_advertisements\internet_advertisements.csv,class,none,Hybrid NBEM,42,10,StratifiedGroupKFold_10,10,True,True,3279,1558,2,1555,3,0,0.9789156626506024,0.9617077464788732,0.9791296142962272,0.9789156626506024,0.9790057519118092,0.9538833201124973,0.9617077464788732,0.957744686267023,0.984375,64.5967211984098,0.584936254657805,140.26338481903076,OK
duplicate_grouped,duplicate_sensitivity:duplicate_grouped,internet_advertisements,Internet Ads,C:\inetpub\wwwroot\up\uni\mlm\NBEM_Major_Revision_STAGE1B_READY_TO_RUN\datasets\processed\internet_advertisements\internet_advertisements.csv,class,none,NBEM,87,1,StratifiedGroupKFold_10,10,True,True,3279,1558,2,1555,3,0,0.9626168224299065,0.8702944621047348,0.9628626608766796,0.9626168224299065,0.9604876429374681,0.9657512626262627,0.8702944621047348,0.9104519248651664,0.93801238079304,0.45637490786612034,0.030316893942654133,74.57538795471191,OK
duplicate_grouped,duplicate_sensitivity:duplicate_grouped,internet_advertisements,Internet Ads,C:\inetpub\wwwroot\up\uni\mlm\NBEM_Major_Revision_STAGE1B_READY_TO_RUN\datasets\processed\internet_advertisements\internet_advertisements.csv,class,none,Hybrid NBEM,87,1,StratifiedGroupKFold_10,10,True,True,3279,1558,2,1555,3,0,0.9595015576323987,0.8881545926049857,0.958357304707891,0.9595015576323987,0.9584320800495745,0.9314673609819601,0.8881545926049857,0.9081666336568297,0.9728961017232726,59.734075226821005,0.3742707287892699,140.62478065490723,OK
duplicate_grouped,duplicate_sensitivity:duplicate_grouped,internet_advertisements,Internet Ads,C:\inetpub\wwwroot\up\uni\mlm\NBEM_Major_Revision_STAGE1B_READY_TO_RUN\datasets\processed\internet_advertisements\internet_advertisements.csv,class,none,NBEM,87,2,StratifiedGroupKFold_10,10,True,True,3279,1558,2,1555,3,0,0.9689265536723164,0.9082443699836359,0.9682222209675658,0.9689265536723164,0.9684106535451235,0.936292471685543,0.9082443699836359,0.9216357086796402,0.9854281929400763,0.26580516807734966,0.044916827231645584,73.74344539642334,OK
duplicate_grouped,duplicate_sensitivity:duplicate_grouped,internet_advertisements,Internet Ads,C:\inetpub\wwwroot\up\uni\mlm\NBEM_Major_Revision_STAGE1B_READY_TO_RUN\datasets\processed\internet_advertisements\internet_advertisements.csv,class,none,Hybrid NBEM,87,2,StratifiedGroupKFold_10,10,True,True,3279,1558,2,1555,3,0,0.9717514124293786,0.9310371697966181,0.9717514124293786,0.9717514124293786,0.9717514124293786,0.9310371697966181,0.9310371697966181,0.9310371697966181,0.9878438400997429,74.24810575507581,0.5310413585975766,139.24986457824707,OK
duplicate_grouped,duplicate_sensitivity:duplicate_grouped,internet_advertisements,Internet Ads,C:\inetpub\wwwroot\up\uni\mlm\NBEM_Major_Revision_STAGE1B_READY_TO_RUN\datasets\processed\internet_advertisements\internet_advertisements.csv,class,none,NBEM,87,3,StratifiedGroupKFold_10,10,True,True,3279,1558,2,1555,3,0,0.9453376205787781,0.8194649446494465,0.9434346246183195,0.9453376205787781,0.9415241327778688,0.9234531670335046,0.8194649446494465,0.8614408889587756,0.9512915129151291,0.23090142104774714,0.03172182571142912,74.82733726501465,OK
duplicate_grouped,duplicate_sensitivity:duplicate_grouped,internet_advertisements,Internet Ads,C:\inetpub\wwwroot\up\uni\mlm\NBEM_Major_Revision_STAGE1B_READY_TO_RUN\datasets\processed\internet_advertisements\internet_advertisements.csv,class,none,Hybrid NBEM,87,3,StratifiedGroupKFold_10,10,True,True,3279,1558,2,1555,3,0,0.9742765273311897,0.9319649446494465,0.97388660868099,0.9742765273311897,0.9739940250153982,0.9513688066319645,0.9319649446494465,0.9413650075414781,0.9797047970479705,55.138308306224644,0.5901083201169968,141.42002296447754,OK
duplicate_grouped,duplicate_sensitivity:duplicate_grouped,internet_advertisements,Internet Ads,C:\inetpub\wwwroot\up\uni\mlm\NBEM_Major_Revision_STAGE1B_READY_TO_RUN\datasets\processed\internet_advertisements\internet_advertisements.csv,class,none,NBEM,87,4,StratifiedGroupKFold_10,10,True,True,3279,1558,2,1555,3,0,0.9649122807017544,0.9088593778424595,0.9645470819906911,0.9649122807017544,0.963905776357095,0.9586734693877551,0.9088593778424595,0.9315298866038824,0.9707112970711297,0.22854263801127672,0.021872349083423615,75.48296165466309,OK
duplicate_grouped,duplicate_sensitivity:duplicate_grouped,internet_advertisements,Internet Ads,C:\inetpub\wwwroot\up\uni\mlm\NBEM_Major_Revision_STAGE1B_READY_TO_RUN\datasets\processed\internet_advertisements\internet_advertisements.csv,class,none,Hybrid NBEM,87,4,StratifiedGroupKFold_10,10,True,True,3279,1558,2,1555,3,0,0.9614035087719298,0.9330998726578134,0.961777723407392,0.9614035087719298,0.9615705592513103,0.9256660110852852,0.9330998726578134,0.9293298167309123,0.9827178460978715,52.66905535105616,0.6336898412555456,142.6767921447754,OK
duplicate_grouped,duplicate_sensitivity:duplicate_grouped,internet_advertisements,Internet Ads,C:\inetpub\wwwroot\up\uni\mlm\NBEM_Major_Revision_STAGE1B_READY_TO_RUN\datasets\processed\internet_advertisements\internet_advertisements.csv,class,none,NBEM,87,5,StratifiedGroupKFold_10,10,True,True,3279,1558,2,1555,3,0,0.9049079754601227,0.8318360071301247,0.9073313885881551,0.9049079754601227,0.9060056687180654,0.8168572984749456,0.8318360071301247,0.8240445721250109,0.947807486631016,0.22830214723944664,0.027149922214448452,74.44933605194092,OK
duplicate_grouped,duplicate_sensitivity:duplicate_grouped,internet_advertisements,Internet Ads,C:\inetpub\wwwroot\up\uni\mlm\NBEM_Major_Revision_STAGE1B_READY_TO_RUN\datasets\processed\internet_advertisements\internet_advertisements.csv,class,none,Hybrid NBEM,87,5,StratifiedGroupKFold_10,10,True,True,3279,1558,2,1555,3,0,0.911042944785276,0.8594295900178253,0.9168254612278148,0.911042944785276,0.9133259759723807,0.8243051981471952,0.8594295900178253,0.8402689779850305,0.960427807486631,37.38127873186022,0.4642457738518715,140.6963405609131,OK
duplicate_grouped,duplicate_sensitivity:duplicate_grouped,internet_advertisements,Internet Ads,C:\inetpub\wwwroot\up\uni\mlm\NBEM_Major_Revision_STAGE1B_READY_TO_RUN\datasets\processed\internet_advertisements\internet_advertisements.csv,class,none,NBEM,87,6,StratifiedGroupKFold_10,10,True,True,3279,1558,2,1555,3,0,0.9521276595744681,0.8813876319758673,0.9508989200025869,0.9521276595744681,0.9512970716297449,0.9088145896656534,0.8813876319758673,0.8944017974162142,0.9433785822021116,0.3254462331533432,0.07685479708015919,73.18876552581787,OK
duplicate_grouped,duplicate_sensitivity:duplicate_grouped,internet_advertisements,Internet Ads,C:\inetpub\wwwroot\up\uni\mlm\NBEM_Major_Revision_STAGE1B_READY_TO_RUN\datasets\processed\internet_advertisements\internet_advertisements.csv,class,none,Hybrid NBEM,87,6,StratifiedGroupKFold_10,10,True,True,3279,1558,2,1555,3,0,0.9574468085106383,0.8761990950226244,0.9562343144728103,0.9574468085106383,0.9558947164198409,0.9354703540750052,0.8761990950226244,0.9027355623100304,0.9483861236802413,61.12735162768513,0.662262637168169,137.93918228149414,OK
duplicate_grouped,duplicate_sensitivity:duplicate_grouped,internet_advertisements,Internet Ads,C:\inetpub\wwwroot\up\uni\mlm\NBEM_Major_Revision_STAGE1B_READY_TO_RUN\datasets\processed\internet_advertisements\internet_advertisements.csv,class,none,NBEM,87,7,StratifiedGroupKFold_10,10,True,True,3279,1558,2,1555,3,0,0.9585987261146497,0.8617021276595744,0.9605209281164696,0.9585987261146497,0.9557683729289516,0.9767857142857144,0.8617021276595744,0.9078700882479066,0.9498366403697506,0.273365062661469,0.030612061731517315,74.75139713287354,OK
duplicate_grouped,duplicate_sensitivity:duplicate_grouped,internet_advertisements,Internet Ads,C:\inetpub\wwwroot\up\uni\mlm\NBEM_Major_Revision_STAGE1B_READY_TO_RUN\datasets\processed\internet_advertisements\internet_advertisements.csv,class,none,Hybrid NBEM,87,7,StratifiedGroupKFold_10,10,True,True,3279,1558,2,1555,3,0,0.9490445859872612,0.8911467049167264,0.9482668897676119,0.9490445859872612,0.9485857888623899,0.9054935976869063,0.8911467049167264,0.8981181051265412,0.9397561558689935,56.57279634103179,0.553486529737711,141.1175308227539,OK
duplicate_grouped,duplicate_sensitivity:duplicate_grouped,internet_advertisements,Internet Ads,C:\inetpub\wwwroot\up\uni\mlm\NBEM_Major_Revision_STAGE1B_READY_TO_RUN\datasets\processed\internet_advertisements\internet_advertisements.csv,class,none,NBEM,87,8,StratifiedGroupKFold_10,10,True,True,3279,1558,2,1555,3,0,0.975177304964539,0.9312236286919832,0.9751736416388254,0.975177304964539,0.9745767804745492,0.9751033057851239,0.9312236286919832,0.9515166400589463,0.9916549460853258,0.22819749265909195,0.03126049228012562,75.55859279632568,OK
duplicate_grouped,duplicate_sensitivity:duplicate_grouped,internet_advertisements,Internet Ads,C:\inetpub\wwwroot\up\uni\mlm\NBEM_Major_Revision_STAGE1B_READY_TO_RUN\datasets\processed\internet_advertisements\internet_advertisements.csv,class,none,Hybrid NBEM,87,8,StratifiedGroupKFold_10,10,True,True,3279,1558,2,1555,3,0,0.975177304964539,0.9582278481012658,0.9754405838912493,0.975177304964539,0.9752874537634558,0.9501658069270449,0.9582278481012658,0.9541388843714426,0.993342709798406,64.80070507153869,0.45982807595282793,142.7903413772583,OK
duplicate_grouped,duplicate_sensitivity:duplicate_grouped,internet_advertisements,Internet Ads,C:\inetpub\wwwroot\up\uni\mlm\NBEM_Major_Revision_STAGE1B_READY_TO_RUN\datasets\processed\internet_advertisements\internet_advertisements.csv,class,none,NBEM,87,9,StratifiedGroupKFold_10,10,True,True,3279,1558,2,1555,3,0,0.9610778443113772,0.881191222570533,0.9600841996051578,0.9610778443113772,0.959628096951406,0.9426244426244427,0.881191222570533,0.9086798325867036,0.9625783699059561,0.4463430317118764,0.04196770768612623,74.24765300750732,OK
duplicate_grouped,duplicate_sensitivity:duplicate_grouped,internet_advertisements,Internet Ads,C:\inetpub\wwwroot\up\uni\mlm\NBEM_Major_Revision_STAGE1B_READY_TO_RUN\datasets\processed\internet_advertisements\internet_advertisements.csv,class,none,Hybrid NBEM,87,9,StratifiedGroupKFold_10,10,True,True,3279,1558,2,1555,3,0,0.9790419161676647,0.9300940438871473,0.9789625442726021,0.9790419161676647,0.9785002130431755,0.9770099956540634,0.9300940438871473,0.9518484193182988,0.9775862068965516,47.203433689661324,0.6323724780231714,140.22950077056885,OK
duplicate_grouped,duplicate_sensitivity:duplicate_grouped,internet_advertisements,Internet Ads,C:\inetpub\wwwroot\up\uni\mlm\NBEM_Major_Revision_STAGE1B_READY_TO_RUN\datasets\processed\internet_advertisements\internet_advertisements.csv,class,none,NBEM,87,10,StratifiedGroupKFold_10,10,True,True,3279,1558,2,1555,3,0,0.9680851063829787,0.8988838612368024,0.9677344340877245,0.9680851063829787,0.9669210373148808,0.9617291710314966,0.8988838612368024,0.9270516717325228,0.9783408748114631,0.2694458607584238,0.028287452645599842,73.18881702423096,OK
duplicate_grouped,duplicate_sensitivity:duplicate_grouped,internet_advertisements,Internet Ads,C:\inetpub\wwwroot\up\uni\mlm\NBEM_Major_Revision_STAGE1B_READY_TO_RUN\datasets\processed\internet_advertisements\internet_advertisements.csv,class,none,Hybrid NBEM,87,10,StratifiedGroupKFold_10,10,True,True,3279,1558,2,1555,3,0,0.9627659574468085,0.8958069381598793,0.9618296158213882,0.9627659574468085,0.9617726712506487,0.9404498153742866,0.8958069381598793,0.9164126016260162,0.9587330316742081,39.58346852939576,0.48543680272996426,138.00452613830566,OK
duplicate_grouped,duplicate_sensitivity:duplicate_grouped,internet_advertisements,Internet Ads,C:\inetpub\wwwroot\up\uni\mlm\NBEM_Major_Revision_STAGE1B_READY_TO_RUN\datasets\processed\internet_advertisements\internet_advertisements.csv,class,none,NBEM,123,1,StratifiedGroupKFold_10,10,True,True,3279,1558,2,1555,3,0,0.9467455621301775,0.8820402298850574,0.9459191333246403,0.9467455621301775,0.9462705280276611,0.8959201905896367,0.8820402298850574,0.888791401623163,0.9882183908045977,0.23104494623839855,0.023190993815660477,74.14682865142822,OK
duplicate_grouped,duplicate_sensitivity:duplicate_grouped,internet_advertisements,Internet Ads,C:\inetpub\wwwroot\up\uni\mlm\NBEM_Major_Revision_STAGE1B_READY_TO_RUN\datasets\processed\internet_advertisements\internet_advertisements.csv,class,none,Hybrid NBEM,123,1,StratifiedGroupKFold_10,10,True,True,3279,1558,2,1555,3,0,0.9792899408284024,0.961853448275862,0.9795007456515498,0.9792899408284024,0.9793788093763851,0.9539933620507026,0.961853448275862,0.9578726207645603,0.9952586206896552,50.5712209707126,0.6011863127350807,139.9797477722168,OK
duplicate_grouped,duplicate_sensitivity:duplicate_grouped,internet_advertisements,Internet Ads,C:\inetpub\wwwroot\up\uni\mlm\NBEM_Major_Revision_STAGE1B_READY_TO_RUN\datasets\processed\internet_advertisements\internet_advertisements.csv,class,none,NBEM,123,2,StratifiedGroupKFold_10,10,True,True,3279,1558,2,1555,3,0,0.9627507163323782,0.8744883040935673,0.9622243379074855,0.9627507163323782,0.9609529839313475,0.9546503372381967,0.8744883040935673,0.9092182403905796,0.9627558479532164,0.39628617744892836,0.06788569781929255,73.86949729919434,OK
duplicate_grouped,duplicate_sensitivity:duplicate_grouped,internet_advertisements,Internet Ads,C:\inetpub\wwwroot\up\uni\mlm\NBEM_Major_Revision_STAGE1B_READY_TO_RUN\datasets\processed\internet_advertisements\internet_advertisements.csv,class,none,Hybrid NBEM,123,2,StratifiedGroupKFold_10,10,True,True,3279,1558,2,1555,3,0,0.9713467048710601,0.8888888888888888,0.9722592301936379,0.9713467048710601,0.9697876967016256,0.9840764331210191,0.8888888888888888,0.9294093851132685,0.9631944444444444,44.6334997555241,0.6535417186096311,139.51004219055176,OK
duplicate_grouped,duplicate_sensitivity:duplicate_grouped,internet_advertisements,Internet Ads,C:\inetpub\wwwroot\up\uni\mlm\NBEM_Major_Revision_STAGE1B_READY_TO_RUN\datasets\processed\internet_advertisements\internet_advertisements.csv,class,none,NBEM,123,3,StratifiedGroupKFold_10,10,True,True,3279,1558,2,1555,3,0,0.9707792207792207,0.8955771613764179,0.9707277550348202,0.9707792207792207,0.9695264162120346,0.9698822463768115,0.8955771613764179,0.9283628375759142,0.9547230959870365,0.24247577413916588,0.021795887500047684,74.9031229019165,OK
duplicate_grouped,duplicate_sensitivity:duplicate_grouped,internet_advertisements,Internet Ads,C:\inetpub\wwwroot\up\uni\mlm\NBEM_Major_Revision_STAGE1B_READY_TO_RUN\datasets\processed\internet_advertisements\internet_advertisements.csv,class,none,Hybrid NBEM,123,3,StratifiedGroupKFold_10,10,True,True,3279,1558,2,1555,3,0,0.9772727272727273,0.94314174053951,0.9770645046960837,0.9772727272727273,0.9771462303929835,0.9531189083820663,0.94314174053951,0.948051948051948,0.993232294347536,47.28402400948107,0.5261076493188739,141.43872165679932,OK
duplicate_grouped,duplicate_sensitivity:duplicate_grouped,internet_advertisements,Internet Ads,C:\inetpub\wwwroot\up\uni\mlm\NBEM_Major_Revision_STAGE1B_READY_TO_RUN\datasets\processed\internet_advertisements\internet_advertisements.csv,class,none,NBEM,123,4,StratifiedGroupKFold_10,10,True,True,3279,1558,2,1555,3,0,0.9534883720930233,0.8395403377110695,0.9540190575027124,0.9534883720930233,0.9500262283616017,0.9588615618661258,0.8395403377110695,0.8868421052631579,0.9691369606003752,0.21610712818801403,0.03005504421889782,75.0795955657959,OK
duplicate_grouped,duplicate_sensitivity:duplicate_grouped,internet_advertisements,Internet Ads,C:\inetpub\wwwroot\up\uni\mlm\NBEM_Major_Revision_STAGE1B_READY_TO_RUN\datasets\processed\internet_advertisements\internet_advertisements.csv,class,none,Hybrid NBEM,123,4,StratifiedGroupKFold_10,10,True,True,3279,1558,2,1555,3,0,0.9501661129568106,0.8581613508442777,0.9483882395393485,0.9501661129568106,0.9481714966556765,0.9205772196519058,0.8581613508442777,0.8857685009487666,0.9591932457786116,47.62963822018355,0.6539394054561853,141.87265396118164,OK
duplicate_grouped,duplicate_sensitivity:duplicate_grouped,internet_advertisements,Internet Ads,C:\inetpub\wwwroot\up\uni\mlm\NBEM_Major_Revision_STAGE1B_READY_TO_RUN\datasets\processed\internet_advertisements\internet_advertisements.csv,class,none,NBEM,123,5,StratifiedGroupKFold_10,10,True,True,3279,1558,2,1555,3,0,0.967551622418879,0.9060090702947845,0.9668400568265901,0.967551622418879,0.966734055916984,0.9491220735785953,0.9060090702947845,0.9260192441226069,0.9590325018896447,0.2227827999740839,0.024155951105058193,74.12160110473633,OK
duplicate_grouped,duplicate_sensitivity:duplicate_grouped,internet_advertisements,Internet Ads,C:\inetpub\wwwroot\up\uni\mlm\NBEM_Major_Revision_STAGE1B_READY_TO_RUN\datasets\processed\internet_advertisements\internet_advertisements.csv,class,none,Hybrid NBEM,123,5,StratifiedGroupKFold_10,10,True,True,3279,1558,2,1555,3,0,0.9852507374631269,0.9538548752834467,0.9851592196724941,0.9852507374631269,0.9850338745096702,0.9813612313612313,0.9538548752834467,0.9670342493727755,0.9667422524565381,36.10191504843533,0.6074369568377733,139.8228874206543,OK
duplicate_grouped,duplicate_sensitivity:duplicate_grouped,internet_advertisements,Internet Ads,C:\inetpub\wwwroot\up\uni\mlm\NBEM_Major_Revision_STAGE1B_READY_TO_RUN\datasets\processed\internet_advertisements\internet_advertisements.csv,class,none,NBEM,123,6,StratifiedGroupKFold_10,10,True,True,3279,1558,2,1555,3,0,0.9728997289972899,0.9084326018808777,0.9729802365738818,0.9728997289972899,0.9718892598806187,0.9743337702053299,0.9084326018808777,0.9379122358325481,0.9407523510971787,0.22339278645813465,0.030231889337301254,73.36528968811035,OK
duplicate_grouped,duplicate_sensitivity:duplicate_grouped,internet_advertisements,Internet Ads,C:\inetpub\wwwroot\up\uni\mlm\NBEM_Major_Revision_STAGE1B_READY_TO_RUN\datasets\processed\internet_advertisements\internet_advertisements.csv,class,none,Hybrid NBEM,123,6,StratifiedGroupKFold_10,10,True,True,3279,1558,2,1555,3,0,0.967479674796748,0.9221630094043887,0.9670332801458856,0.967479674796748,0.9671986477517835,0.9370132398753894,0.9221630094043887,0.9294005102040817,0.9321943573667711,59.90608054958284,0.4829430365934968,138.51636123657227,OK
duplicate_grouped,duplicate_sensitivity:duplicate_grouped,internet_advertisements,Internet Ads,C:\inetpub\wwwroot\up\uni\mlm\NBEM_Major_Revision_STAGE1B_READY_TO_RUN\datasets\processed\internet_advertisements\internet_advertisements.csv,class,none,NBEM,123,7,StratifiedGroupKFold_10,10,True,True,3279,1558,2,1555,3,0,0.9493670886075949,0.8825283243887895,0.948493642819052,0.9493670886075949,0.9488567116766321,0.898270509977827,0.8825283243887895,0.8901633646159194,0.9382400545191243,0.2232073973864317,0.03736504912376404,74.70143985748291,OK
duplicate_grouped,duplicate_sensitivity:duplicate_grouped,internet_advertisements,Internet Ads,C:\inetpub\wwwroot\up\uni\mlm\NBEM_Major_Revision_STAGE1B_READY_TO_RUN\datasets\processed\internet_advertisements\internet_advertisements.csv,class,none,Hybrid NBEM,123,7,StratifiedGroupKFold_10,10,True,True,3279,1558,2,1555,3,0,0.9778481012658228,0.928401056308033,0.9777732111446087,0.9778481012658228,0.9772649083951128,0.9760507383566831,0.928401056308033,0.9504380363424525,0.9574921202828179,41.41854467988014,0.5491474298760295,140.86435985565186,OK
duplicate_grouped,duplicate_sensitivity:duplicate_grouped,internet_advertisements,Internet Ads,C:\inetpub\wwwroot\up\uni\mlm\NBEM_Major_Revision_STAGE1B_READY_TO_RUN\datasets\processed\internet_advertisements\internet_advertisements.csv,class,none,NBEM,123,8,StratifiedGroupKFold_10,10,True,True,3279,1558,2,1555,3,0,0.9423728813559322,0.8384444444444444,0.9410828816233291,0.9423728813559322,0.9389811195114895,0.9290624295695289,0.8384444444444444,0.8757710124105129,0.9578222222222222,0.31122519075870514,0.0399117823690176,75.23065185546875,OK
duplicate_grouped,duplicate_sensitivity:duplicate_grouped,internet_advertisements,Internet Ads,C:\inetpub\wwwroot\up\uni\mlm\NBEM_Major_Revision_STAGE1B_READY_TO_RUN\datasets\processed\internet_advertisements\internet_advertisements.csv,class,none,Hybrid NBEM,123,8,StratifiedGroupKFold_10,10,True,True,3279,1558,2,1555,3,0,0.9423728813559322,0.8475555555555556,0.9405143642431779,0.9423728813559322,0.9396808483085997,0.9193479193479193,0.8475555555555556,0.8783623177860244,0.9648888888888889,35.60969108529389,0.5593792162835598,142.18135833740234,OK
duplicate_grouped,duplicate_sensitivity:duplicate_grouped,internet_advertisements,Internet Ads,C:\inetpub\wwwroot\up\uni\mlm\NBEM_Major_Revision_STAGE1B_READY_TO_RUN\datasets\processed\internet_advertisements\internet_advertisements.csv,class,none,NBEM,123,9,StratifiedGroupKFold_10,10,True,True,3279,1558,2,1555,3,0,0.8984615384615384,0.8572258814413019,0.9058532026806931,0.8984615384615384,0.9012465934065935,0.8200277681360639,0.8572258814413019,0.8365714285714285,0.9372659176029962,0.2219421463087201,0.027792800217866898,74.47454643249512,OK
duplicate_grouped,duplicate_sensitivity:duplicate_grouped,internet_advertisements,Internet Ads,C:\inetpub\wwwroot\up\uni\mlm\NBEM_Major_Revision_STAGE1B_READY_TO_RUN\datasets\processed\internet_advertisements\internet_advertisements.csv,class,none,Hybrid NBEM,123,9,StratifiedGroupKFold_10,10,True,True,3279,1558,2,1555,3,0,0.8984615384615384,0.8639739119204443,0.907798738851728,0.8984615384615384,0.9017910693212179,0.8190953351449275,0.8639739119204443,0.8385299829873083,0.9512462869688751,54.10827590059489,0.6083912346512079,140.75987243652344,OK
duplicate_grouped,duplicate_sensitivity:duplicate_grouped,internet_advertisements,Internet Ads,C:\inetpub\wwwroot\up\uni\mlm\NBEM_Major_Revision_STAGE1B_READY_TO_RUN\datasets\processed\internet_advertisements\internet_advertisements.csv,class,none,NBEM,123,10,StratifiedGroupKFold_10,10,True,True,3279,1558,2,1555,3,0,0.967551622418879,0.8777777777777778,0.9687218917742637,0.967551622418879,0.9655904981847756,0.9819672131147541,0.8777777777777778,0.9211977768855265,0.9801965230536659,0.22542350832372904,0.02536481712013483,74.12160110473633,OK
duplicate_grouped,duplicate_sensitivity:duplicate_grouped,internet_advertisements,Internet Ads,C:\inetpub\wwwroot\up\uni\mlm\NBEM_Major_Revision_STAGE1B_READY_TO_RUN\datasets\processed\internet_advertisements\internet_advertisements.csv,class,none,Hybrid NBEM,123,10,StratifiedGroupKFold_10,10,True,True,3279,1558,2,1555,3,0,0.9823008849557522,0.9521541950113379,0.9821062058147879,0.9823008849557522,0.9821297571485064,0.9699874292897549,0.9521541950113379,0.960824345146379,0.9842025699168556,59.15144008770585,0.5955371083691716,139.79516887664795,OK
