dataset,display_name,model,report_model,seed,accuracy,balanced_accuracy,precision_weighted,recall_weighted,f1_weighted,precision_macro,recall_macro,f1_macro,roc_auc_weighted
abalone,Abalone,Hybrid NBEM,Hybrid NBEM,13,0.2738700905304464,0.15028942044199034,0.23283421586346545,0.2738700905304464,0.24569153596426538,0.13903188458856763,0.15028942044199034,0.138861209500159,0.770794816566771
abalone,Abalone,Hybrid NBEM,Hybrid NBEM,21,0.2817894966323592,0.1572742441318346,0.24845320514481503,0.2817894966323592,0.25723278550420314,0.14802621790223852,0.1572742441318346,0.14534533629512164,0.7800307576405958
abalone,Abalone,Hybrid NBEM,Hybrid NBEM,42,0.2750685575941161,0.1558877981025252,0.23359964376341674,0.2750685575941161,0.24802198662231775,0.1417045740572641,0.1558877981025252,0.14223163171233294,0.7730258261792343
abalone,Abalone,Hybrid NBEM,Hybrid NBEM,87,0.26956329673103624,0.1515775529767644,0.23229950042574554,0.26956329673103624,0.24250221554551876,0.139082754730194,0.1515775529767644,0.13747041134453988,0.7715809157048475
abalone,Abalone,Hybrid NBEM,Hybrid NBEM,123,0.2738804171973426,0.15048734815450576,0.2474650424275589,0.2738804171973426,0.24880161189606262,0.14390953686890262,0.15048734815450576,0.1379808728469616,0.7767872299867121
abalone,Abalone,Hybrid NBEM,Hybrid NBEM,41762,0.2705259715672438,0.1502510019629497,0.23348008634904516,0.2705259715672438,0.2435444839746749,0.1406426927381614,0.14948100037848372,0.1386773996645095,0.77223884325279
abalone,Abalone,Hybrid NBEM,Hybrid NBEM,43529,0.27603467465262244,0.14763908371399576,0.24402797733207668,0.27603467465262244,0.24993348206525776,0.15032199423391762,0.14763908371399576,0.1384599340407965,0.7752847515983784
abalone,Abalone,Hybrid NBEM,Hybrid NBEM,65932,0.2731713194038071,0.14840394096265636,0.24269921766207164,0.2731713194038071,0.2461353959566917,0.15224998125463857,0.14840394096265636,0.1392708821845507,0.7724567324884427
abalone,Abalone,Hybrid NBEM,Hybrid NBEM,69887,0.2772251098642617,0.14914671100087853,0.24468712920364663,0.2772251098642617,0.25037680136483914,0.14241921380713904,0.14914671100087853,0.13813631219127204,0.7723463918844962
abalone,Abalone,Hybrid NBEM,Hybrid NBEM,156304,0.28537743967505425,0.1553797987147636,0.24928449981605963,0.28537743967505425,0.26012724753612965,0.15024907581731622,0.1553797987147636,0.14522801139365615,0.780633919385531
abalone,Abalone,Hybrid NBEM,Hybrid NBEM,266458,0.27556366390141473,0.14890777022428184,0.2377067405859019,0.27556366390141473,0.2487346075511197,0.14286735303601936,0.14890777022428184,0.13820427216987288,0.7745940720057215
abalone,Abalone,Hybrid NBEM,Hybrid NBEM,273103,0.2743554438745654,0.14724730441504338,0.23559826758140567,0.2743554438745654,0.24532302561871333,0.13833370459531222,0.14724730441504338,0.13578907944709437,0.7719736704326152
abalone,Abalone,Hybrid NBEM,Hybrid NBEM,370882,0.2758006035363097,0.15842249276522488,0.23721425925078923,0.2758006035363097,0.24884997655976582,0.15020515607151524,0.15842249276522488,0.1463141885337411,0.7773113139413047
abalone,Abalone,Hybrid NBEM,Hybrid NBEM,503966,0.2798589836264959,0.15243156329352342,0.24427949425692233,0.2798589836264959,0.2548722651017749,0.1439589732033483,0.15243156329352342,0.14158316216917033,0.7789727229805309
abalone,Abalone,Hybrid NBEM,Hybrid NBEM,519965,0.2822501807166707,0.15858161449924102,0.24741831766219993,0.2822501807166707,0.25676473563359975,0.1492289504063505,0.15858161449924102,0.14468105360049405,0.7807468081723682
abalone,Abalone,Hybrid NBEM,Hybrid NBEM,535886,0.2719630993769578,0.1462065597471358,0.2277535930101342,0.2719630993769578,0.24314075382548506,0.13391235528687317,0.1462065597471358,0.13274076944017618,0.7672999763542645
abalone,Abalone,Hybrid NBEM,Hybrid NBEM,627018,0.28847199752159997,0.15637587196366595,0.25638877071235955,0.28847199752159997,0.26491493494648016,0.15169293806508688,0.15560707695972897,0.1467980138881639,0.7823037534866601
abalone,Abalone,Hybrid NBEM,Hybrid NBEM,648362,0.28081936364783766,0.15093664013812214,0.24487999207402286,0.28081936364783766,0.2547076209545184,0.14988804590183766,0.15093664013812214,0.14208791545304955,0.7781629363666875
abalone,Abalone,Hybrid NBEM,Hybrid NBEM,663649,0.2734099801498514,0.14565053041902404,0.233982553710035,0.2734099801498514,0.24679575954688535,0.13572609309054776,0.14565053041902404,0.13541122758968782,0.7749265872486019
abalone,Abalone,Hybrid NBEM,Hybrid NBEM,934243,0.2786725643408718,0.1499322513411071,0.236651501997944,0.2786725643408718,0.2503965663728166,0.13555830795499219,0.1499322513411071,0.13732535050383718,0.7735938675481102
abalone,Abalone,Logistic Regression,Logistic Regression,13,0.26573669294229685,0.1440883534320139,0.22872574380158342,0.26573669294229685,0.23920928825829124,0.13479756643766716,0.14172958645177516,0.13250968222879334,0.7743350614282936
abalone,Abalone,Logistic Regression,Logistic Regression,21,0.2702941952657969,0.1483479495357249,0.24061388530261235,0.2702941952657969,0.24518821952943332,0.14825480078074743,0.14548156915578964,0.1372786254512351,0.7744013347155793
abalone,Abalone,Logistic Regression,Logistic Regression,42,0.27268022902252353,0.14908314943507436,0.23971845527206606,0.27268022902252353,0.24660325266441788,0.1540907462834188,0.14844284067212318,0.14066989532226104,0.7744598610234557
abalone,Abalone,Logistic Regression,Logistic Regression,87,0.2698036785882299,0.15160157492947784,0.23332814866341084,0.2698036785882299,0.24393134100734354,0.14661464872754243,0.15020714632141388,0.1407423912941152,0.7741699894445702
abalone,Abalone,Logistic Regression,Logistic Regression,123,0.27004979748258806,0.14468723715770698,0.2378905604713964,0.27004979748258806,0.24498926794433462,0.13801797547275532,0.14406908800410617,0.13480121392053096,0.7742672128486561
abalone,Abalone,Logistic Regression,Logistic Regression,41762,0.26957132858306654,0.1468635902499114,0.2372999819694094,0.26957132858306654,0.24351526602390788,0.1468474635055215,0.14613241673639438,0.13841864439892498,0.7748413181437726
abalone,Abalone,Logistic Regression,Logistic Regression,43529,0.26981457895884253,0.14486015037085656,0.23890268727033576,0.26981457895884253,0.24593681850518778,0.1447505132852446,0.1435134472323212,0.13720334180629656,0.7746904403160558
abalone,Abalone,Logistic Regression,Logistic Regression,65932,0.26765860039241335,0.14270557328168257,0.23601167427978548,0.26765860039241335,0.24358756182825783,0.14268462034064155,0.14187991840915798,0.1362630314196692,0.7735771282154873
abalone,Abalone,Logistic Regression,Logistic Regression,69887,0.2717290282606451,0.14196601029207034,0.23730713073893975,0.2717290282606451,0.24532009380618486,0.1402510815923689,0.14042334070167212,0.13351809962624078,0.775307191303777
abalone,Abalone,Logistic Regression,Logistic Regression,156304,0.27291946347228435,0.1463376624661658,0.2396989559896135,0.27291946347228435,0.247752110803617,0.1444708518360809,0.14569813091991118,0.13898633041436229,0.7748092320371048
abalone,Abalone,Logistic Regression,Logistic Regression,266458,0.26813821669936777,0.1448685949015353,0.23442195028724502,0.26813821669936777,0.24287540665250082,0.13852987458227328,0.14349572673445904,0.13461205221108669,0.7748303952551086
abalone,Abalone,Logistic Regression,Logistic Regression,273103,0.2710222252819754,0.14893660403596637,0.24220574854446214,0.2710222252819754,0.24606727782122637,0.15300537428871525,0.14893660403596637,0.14128569049733933,0.7756966611052245
abalone,Abalone,Logistic Regression,Logistic Regression,370882,0.2662208988789829,0.1513302947136708,0.23366885530135256,0.2662208988789829,0.2407587388962214,0.14148917647164724,0.14991940525350106,0.1386641150095893,0.7737585518243495
abalone,Abalone,Logistic Regression,Logistic Regression,503966,0.2710038667630489,0.14570370275123193,0.235989264105829,0.2710038667630489,0.2452694624998874,0.14110683023730125,0.14570370275123193,0.13738993647413864,0.7752263243650783
abalone,Abalone,Logistic Regression,Logistic Regression,519965,0.273396784964373,0.1504037683372693,0.24775601547133802,0.273396784964373,0.2470189278339133,0.15251905328810358,0.149785446506161,0.13829692626783924,0.7745176504238801
abalone,Abalone,Logistic Regression,Logistic Regression,535886,0.2719665415992565,0.15147182245011143,0.23638482228510443,0.2719665415992565,0.24680011927785422,0.14689070945343916,0.15063640864093517,0.1415052784948327,0.7740490711479333
abalone,Abalone,Logistic Regression,Logistic Regression,627018,0.27123793787936157,0.14260352713834587,0.23727733547623223,0.27123793787936157,0.24576580282526378,0.14135521842077237,0.14127438384142552,0.13480088659637293,0.7738959274210869
abalone,Abalone,Logistic Regression,Logistic Regression,648362,0.2681330533659197,0.15039993399569518,0.23654524582969877,0.2681330533659197,0.2439829096307141,0.1519297027049479,0.15039993399569518,0.14531090036433258,0.7743449840486872
abalone,Abalone,Logistic Regression,Logistic Regression,663649,0.2662220462864159,0.14601090758375046,0.23449569691848068,0.2662220462864159,0.24154919257420354,0.14271995900159845,0.14390838358000435,0.1363959013259663,0.7740600742367744
abalone,Abalone,Logistic Regression,Logistic Regression,934243,0.2746090209172375,0.14654192431840093,0.2425910525475246,0.2746090209172375,0.2489421857225102,0.14503435297493034,0.1442969732237667,0.13676246648096435,0.7747237115634839
abalone,Abalone,NBEM,NBEM-prop (implementation-level NBEM comparator),13,0.24035317200784823,0.1730267410482133,0.19488232499544783,0.24035317200784823,0.20795412226500493,0.10997046728338981,0.16132904888746025,0.12288159539525567,0.7114827919544991
abalone,Abalone,NBEM,NBEM-prop (implementation-level NBEM comparator),21,0.24132215758493683,0.17043863442784363,0.19623226238286529,0.24132215758493683,0.21019360383476454,0.10904055193385893,0.1557819742869561,0.1197024797978475,0.7116423624705215
abalone,Abalone,NBEM,NBEM-prop (implementation-level NBEM comparator),42,0.2434534668915585,0.16575698981509643,0.19871806544699058,0.2434534668915585,0.21049224533537242,0.10640990500776784,0.15227034123186342,0.11724993611478281,0.7113034808291051
abalone,Abalone,NBEM,NBEM-prop (implementation-level NBEM comparator),87,0.24107890720916086,0.17115098639837611,0.20348673355405,0.24107890720916086,0.20977318109619064,0.11579775860784156,0.15693029284744298,0.1221949314410214,0.7123836730920214
abalone,Abalone,NBEM,NBEM-prop (implementation-level NBEM comparator),123,0.24132387869608615,0.17552623696847677,0.19934282230692052,0.24132387869608615,0.2092153362425305,0.1085793268901714,0.16387535162903646,0.12179706255521254,0.7119514064599461
abalone,Abalone,NBEM,NBEM-prop (implementation-level NBEM comparator),41762,0.24228081649512925,0.1751336034870249,0.19426696187407472,0.24228081649512925,0.20985658929367546,0.10838010631653368,0.16251384034075014,0.12280491025398621,0.7118390059732295
abalone,Abalone,NBEM,NBEM-prop (implementation-level NBEM comparator),43529,0.23940828198685069,0.17326799605138804,0.1973091822310892,0.23940828198685069,0.20792260023981468,0.10567780993837897,0.1615593616729592,0.11895524814793387,0.7110990376406329
abalone,Abalone,NBEM,NBEM-prop (implementation-level NBEM comparator),65932,0.24062109164343165,0.16527212709695827,0.19463359323539237,0.24062109164343165,0.20949826117845732,0.10599044308316612,0.15432256802698655,0.12075947592537004,0.712030164100507
abalone,Abalone,NBEM,NBEM-prop (implementation-level NBEM comparator),69887,0.24179603685472673,0.17380268480058972,0.1935135835578626,0.24179603685472673,0.209294732098875,0.10698823358683485,0.16182804638804532,0.12294113450594983,0.7124926980683897
abalone,Abalone,NBEM,NBEM-prop (implementation-level NBEM comparator),156304,0.24036980941562539,0.18306593875326507,0.19411703666551966,0.24036980941562539,0.20735849185543082,0.10828566152582415,0.17174653357492448,0.12382457955304713,0.7113998314498509
abalone,Abalone,NBEM,NBEM-prop (implementation-level NBEM comparator),266458,0.24013000126214817,0.1697601330319666,0.20118422443394463,0.24013000126214817,0.20811880801388769,0.11765410837659593,0.1584021363833823,0.12434010769555748,0.7119594672671049
abalone,Abalone,NBEM,NBEM-prop (implementation-level NBEM comparator),273103,0.23917191605567217,0.1829047603550342,0.1923824018508648,0.23917191605567217,0.20685582557179485,0.10622000041763127,0.17041567405621103,0.12416319055116871,0.7129423880448564
abalone,Abalone,NBEM,NBEM-prop (implementation-level NBEM comparator),370882,0.24084999942629626,0.17641041330277768,0.2006605302225705,0.24084999942629626,0.20845370365191726,0.10633456824684459,0.163931098584711,0.11888900429481583,0.7122302509174728
abalone,Abalone,NBEM,NBEM-prop (implementation-level NBEM comparator),503966,0.2391621630924925,0.17517152655517734,0.195926829673702,0.2391621630924925,0.2082795787796957,0.10583659809715278,0.16494662169571173,0.12044872318260351,0.7129531763228567
abalone,Abalone,NBEM,NBEM-prop (implementation-level NBEM comparator),519965,0.24227221093938245,0.17346006770779615,0.20544600294122647,0.24227221093938245,0.21160722014766806,0.11454681732577421,0.16279032653529443,0.1232428578151807,0.712067310230949
abalone,Abalone,NBEM,NBEM-prop (implementation-level NBEM comparator),535886,0.24371851800855965,0.1701077482910128,0.20959093250652291,0.24371851800855965,0.21225521269431852,0.11353025859771751,0.158532490875723,0.11839236796377002,0.711050488557078
abalone,Abalone,NBEM,NBEM-prop (implementation-level NBEM comparator),627018,0.24132158388122038,0.17753165024287393,0.20147397191930577,0.24132158388122038,0.20979488873880525,0.10874215088560164,0.16294362315029004,0.11862825346991979,0.7116097382337426
abalone,Abalone,NBEM,NBEM-prop (implementation-level NBEM comparator),648362,0.23964177939944697,0.16260672384987934,0.19630634674666178,0.23964177939944697,0.20921248809511178,0.1026344877590595,0.1486593357354131,0.11511875890214178,0.7117859688063858
abalone,Abalone,NBEM,NBEM-prop (implementation-level NBEM comparator),663649,0.24348157837366471,0.1799830773989455,0.20390081723909642,0.24348157837366471,0.21179831247682862,0.11610449205654705,0.16774329353842793,0.1248921710387824,0.7120123745492386
abalone,Abalone,NBEM,NBEM-prop (implementation-level NBEM comparator),934243,0.24204846648996595,0.16831650282821764,0.1982957805057486,0.24204846648996595,0.21046545549229956,0.10823730326267311,0.15497884868011377,0.11878868768796562,0.7114907707957292
bank_marketing,Bank,Hybrid NBEM,Hybrid NBEM,13,0.8920616806077021,0.593203787028153,0.8697309197147426,0.8920616806077021,0.8670298056769992,0.7606425763558978,0.593203787028153,0.6232670539414353,0.7751667064501314
bank_marketing,Bank,Hybrid NBEM,Hybrid NBEM,21,0.8916635483865603,0.5938000835530837,0.8687876314062042,0.8916635483865603,0.8669590104783123,0.756140014239301,0.5938000835530837,0.6237574907465883,0.7740222452861056
bank_marketing,Bank,Hybrid NBEM,Hybrid NBEM,42,0.8909779180767406,0.5898837910693662,0.8675272032621054,0.8909779180767406,0.8655319126995634,0.7535946241562543,0.5898837910693662,0.6187494772089169,0.7757863757559276
bank_marketing,Bank,Hybrid NBEM,Hybrid NBEM,87,0.8917077081242862,0.5916859628907357,0.8689312785702754,0.8917077081242862,0.8663719955177402,0.7582909445054361,0.5916859628907357,0.6210379077652248,0.7732905694511161
bank_marketing,Bank,Hybrid NBEM,Hybrid NBEM,123,0.8918626291713906,0.5980106141187022,0.8695987085182983,0.8918626291713906,0.8681845627260352,0.7564973079603707,0.5980106141187022,0.6288568593103844,0.7738446286005278
bank_marketing,Bank,Hybrid NBEM,Hybrid NBEM,41762,0.8915529044712566,0.5969351472224764,0.8689403600420723,0.8915529044712566,0.8677506371343406,0.754467084941683,0.5969351472224764,0.6275351718500002,0.7747725235034556
bank_marketing,Bank,Hybrid NBEM,Hybrid NBEM,43529,0.8911990738390141,0.5990291534043494,0.8685094094272092,0.8911990738390141,0.8680958021488774,0.7510425578896909,0.5990291534043494,0.6298083697675267,0.7762550977214797
bank_marketing,Bank,Hybrid NBEM,Hybrid NBEM,65932,0.8913539851032789,0.5911626247291243,0.8685370658897726,0.8913539851032789,0.8660899293694276,0.757001400169272,0.5911626247291243,0.6204936675255123,0.7716332155892478
bank_marketing,Bank,Hybrid NBEM,Hybrid NBEM,69887,0.8916192614719203,0.5950020409397409,0.8689082540302072,0.8916192614719203,0.867250277990481,0.7557569493866934,0.5950020409397409,0.6251550777370919,0.7750766320608793
bank_marketing,Bank,Hybrid NBEM,Hybrid NBEM,156304,0.8921279838027483,0.5931563354885544,0.8699318854227365,0.8921279838027483,0.8670526096390632,0.7615371216236597,0.5931563354885544,0.623233038759829,0.77480629712992
bank_marketing,Bank,Hybrid NBEM,Hybrid NBEM,266458,0.8913096248173421,0.5961365480489099,0.8686337885833575,0.8913096248173421,0.8673196307465977,0.753685750118219,0.5961365480489099,0.6261089993842178,0.7747700814933632
bank_marketing,Bank,Hybrid NBEM,Hybrid NBEM,273103,0.8912654895367151,0.5966870309612601,0.8687716873371732,0.8912654895367151,0.8674974252673904,0.7538859555193498,0.5966870309612601,0.6269930708531533,0.773455322980251
bank_marketing,Bank,Hybrid NBEM,Hybrid NBEM,370882,0.8915749598830207,0.5920284307024177,0.8686983150631213,0.8915749598830207,0.8664340356693232,0.7570636579564818,0.5920284307024177,0.6215864420208658,0.7730011204359487
bank_marketing,Bank,Hybrid NBEM,Hybrid NBEM,503966,0.8912653427941217,0.5877512268517167,0.8682265007859883,0.8912653427941217,0.8651128246167022,0.758185870077247,0.5877512268517167,0.6162934740586075,0.7737239052341841
bank_marketing,Bank,Hybrid NBEM,Hybrid NBEM,519965,0.8909778153569254,0.5958698668715224,0.8678019316412546,0.8909778153569254,0.8670483134719154,0.7502945756575763,0.5958698668715224,0.6255667403073899,0.7742679486390167
bank_marketing,Bank,Hybrid NBEM,Hybrid NBEM,535886,0.8915306974254795,0.5965107073271941,0.868855219117669,0.8915306974254795,0.8675956141780748,0.7544018586610879,0.5965107073271941,0.6268873895871063,0.7763656922505558
bank_marketing,Bank,Hybrid NBEM,Hybrid NBEM,627018,0.8915529044712566,0.5899609292582809,0.8685940070089183,0.8915529044712566,0.8658919589339016,0.7581454388785953,0.5899609292582809,0.619190385669613,0.7734152498210124
bank_marketing,Bank,Hybrid NBEM,Hybrid NBEM,648362,0.8907123726800119,0.5937529424985509,0.8675239425445733,0.8907123726800119,0.8663850400885963,0.7506759507703924,0.5937529424985509,0.6231302696038336,0.7744418111262344
bank_marketing,Bank,Hybrid NBEM,Hybrid NBEM,663649,0.8917077619299038,0.595214801732479,0.8692296521155694,0.8917077619299038,0.8673786017737355,0.7569878012592415,0.595214801732479,0.6255491445357577,0.7743971901260379
bank_marketing,Bank,Hybrid NBEM,Hybrid NBEM,934243,0.8911768863589161,0.5914686108123888,0.8678527246563681,0.8911768863589161,0.8660346120311448,0.7538133257002883,0.5914686108123888,0.6206005762515606,0.7735423847097358
bank_marketing,Bank,Logistic Regression,Logistic Regression,13,0.8923713074794406,0.5831286330944934,0.8706733396452375,0.8923713074794406,0.8644595206047088,0.7721368309490824,0.5831286330944934,0.6111307651766215,0.7651908214968446
bank_marketing,Bank,Logistic Regression,Logistic Regression,21,0.8923493107647138,0.5832790605710818,0.8709537156738346,0.8923493107647138,0.864508921073511,0.7732351921103806,0.5832790605710818,0.6113971460199535,0.7659255418649318
bank_marketing,Bank,Logistic Regression,Logistic Regression,42,0.8923271183931959,0.5832649338296731,0.8705657529956822,0.8923271183931959,0.8644591702020751,0.7715617041868876,0.5832649338296731,0.6112171551940603,0.7657405396271576
bank_marketing,Bank,Logistic Regression,Logistic Regression,87,0.89232703034764,0.5831824289815215,0.8706274648402257,0.89232703034764,0.8644423085850713,0.771883647373987,0.5831824289815215,0.6111407632443641,0.7660073168840787
bank_marketing,Bank,Logistic Regression,Logistic Regression,123,0.8924376791543635,0.5834109370274875,0.8707971443031852,0.8924376791543635,0.8645824181715008,0.7724665614152512,0.5834109370274875,0.6115441766744245,0.765772167564428
bank_marketing,Bank,Logistic Regression,Logistic Regression,41762,0.89250397256657,0.5828750925799557,0.8710934591085179,0.89250397256657,0.864462049314505,0.7741263756326688,0.5828750925799557,0.610875266685106,0.7658253240083228
bank_marketing,Bank,Logistic Regression,Logistic Regression,43529,0.892526140480989,0.58395424148325,0.8710719067635415,0.892526140480989,0.8647895722002774,0.7732537685303564,0.58395424148325,0.6122942799697522,0.7654851326216517
bank_marketing,Bank,Logistic Regression,Logistic Regression,65932,0.8921059234995644,0.5822404214124987,0.8700078710881239,0.8921059234995644,0.8640525110465616,0.7699226995124187,0.5822404214124987,0.6098464961189098,0.7654512122416677
bank_marketing,Bank,Logistic Regression,Logistic Regression,69887,0.8925040263721875,0.5836114207899508,0.8710920243560094,0.8925040263721875,0.8646896815349532,0.773588795119824,0.5836114207899508,0.6118887538847664,0.7658063363966481
bank_marketing,Bank,Logistic Regression,Logistic Regression,156304,0.8923270988275169,0.5829366386781262,0.8707729153575207,0.8923270988275169,0.8643827470537291,0.7726912910226099,0.5829366386781262,0.6108751139028767,0.7657870331912981
bank_marketing,Bank,Logistic Regression,Logistic Regression,266458,0.8923934998509584,0.5834650595695667,0.8706460624901002,0.8923934998509584,0.864572254806357,0.7717684669967767,0.5834650595695667,0.6115831471829004,0.7658324075601539
bank_marketing,Bank,Logistic Regression,Logistic Regression,273103,0.8925041193091634,0.5832022789430933,0.8713226573620355,0.8925041193091634,0.864570533196882,0.7748644223628067,0.5832022789430933,0.6113588004781054,0.7661499301424115
bank_marketing,Bank,Logistic Regression,Logistic Regression,370882,0.8924375666517086,0.5834923772181855,0.8709848342499574,0.8924375666517086,0.8646186727417904,0.7732119136308588,0.5834923772181855,0.6117066301823662,0.7653092279181607
bank_marketing,Bank,Logistic Regression,Logistic Regression,503966,0.8924597981545848,0.5834231385592882,0.8708762905266753,0.8924597981545848,0.8646099356516721,0.7727965151058986,0.5834231385592882,0.6116202674416411,0.7656692866407242
bank_marketing,Bank,Logistic Regression,Logistic Regression,519965,0.8924155210227841,0.5829870937643448,0.8708089923138578,0.8924155210227841,0.8643934693895707,0.7727911047688061,0.5829870937643448,0.6107505027848769,0.7655290291890376
bank_marketing,Bank,Logistic Regression,Logistic Regression,535886,0.8925261306981493,0.5834601954962453,0.8709828778702228,0.8925261306981493,0.8646430710221302,0.7732223390882321,0.5834601954962453,0.6116357332083308,0.7659187718583731
bank_marketing,Bank,Logistic Regression,Logistic Regression,627018,0.892614631156133,0.5835079654131908,0.8712397442235913,0.892614631156133,0.86470624592114,0.7742891955629261,0.5835079654131908,0.6117377780824852,0.7658298323027048
bank_marketing,Bank,Logistic Regression,Logistic Regression,648362,0.8923712536738231,0.5828807291599499,0.870865847272635,0.8923712536738231,0.8643600618236155,0.7731227877323223,0.5828807291599499,0.6106908433896355,0.7654212861382647
bank_marketing,Bank,Logistic Regression,Logistic Regression,663649,0.8923049847187154,0.5830071335527695,0.8705920420178449,0.8923049847187154,0.8643966500353081,0.7718707239086132,0.5830071335527695,0.6109806054352648,0.7656820884697785
bank_marketing,Bank,Logistic Regression,Logistic Regression,934243,0.8924597688060661,0.5837493294899426,0.870796016950435,0.8924597688060661,0.8646907054064374,0.7722066132362659,0.5837493294899426,0.611980247345535,0.7656895598367633
bank_marketing,Bank,NBEM,NBEM-prop (implementation-level NBEM comparator),13,0.884983737496675,0.5470433953366542,0.8522059632502801,0.884983737496675,0.8491229390528726,0.71877045146199,0.5470433953366542,0.5575812971565502,0.7322125521800752
bank_marketing,Bank,NBEM,NBEM-prop (implementation-level NBEM comparator),21,0.885072272194597,0.546437746965604,0.8522645484074303,0.885072272194597,0.8489561480012817,0.7194582343924212,0.546437746965604,0.5566635555992991,0.7326927320332925
bank_marketing,Bank,NBEM,NBEM-prop (implementation-level NBEM comparator),42,0.8849838304336508,0.5469611196878168,0.852051002394593,0.8849838304336508,0.8490873591804509,0.7181591543199998,0.5469611196878168,0.5574220388630107,0.7326635190982806
bank_marketing,Bank,NBEM,NBEM-prop (implementation-level NBEM comparator),87,0.8849173511474928,0.546755997315706,0.8522472891371617,0.8849173511474928,0.8489994788817936,0.7191300327645604,0.546755997315706,0.5571590587398907,0.7326678560971189
bank_marketing,Bank,NBEM,NBEM-prop (implementation-level NBEM comparator),123,0.8853819871118915,0.5476786474524917,0.8530939988283478,0.8853819871118915,0.8495243366275347,0.7221306068207959,0.5476786474524917,0.5585732696452166,0.7326359690307612
bank_marketing,Bank,NBEM,NBEM-prop (implementation-level NBEM comparator),41762,0.8849173658217522,0.5468393407587491,0.852120061892844,0.8849173658217522,0.8490129761747829,0.7185300016001348,0.5468393407587491,0.5572222065698124,0.7324958593934514
bank_marketing,Bank,NBEM,NBEM-prop (implementation-level NBEM comparator),43529,0.8851385313668653,0.5473752185216687,0.8525094485905301,0.8851385313668653,0.8493071047873709,0.719837251723245,0.5473752185216687,0.5580897463198429,0.732602820366299
bank_marketing,Bank,NBEM,NBEM-prop (implementation-level NBEM comparator),65932,0.8848953691070254,0.546991168958098,0.8521810365267912,0.8848953691070254,0.8490677013568257,0.718694001451062,0.546991168958098,0.5575097875583851,0.7322831023483025
bank_marketing,Bank,NBEM,NBEM-prop (implementation-level NBEM comparator),69887,0.8849173902788511,0.5468383798305361,0.8523030485665831,0.8849173902788511,0.8490045773006116,0.7193209399531849,0.5468383798305361,0.5571865227445759,0.7325191638690615
bank_marketing,Bank,NBEM,NBEM-prop (implementation-level NBEM comparator),156304,0.8849395630846898,0.547178581226351,0.8523706346953203,0.8849395630846898,0.8491216684080636,0.7193651512005741,0.547178581226351,0.5576651421892074,0.7326195064534675
bank_marketing,Bank,NBEM,NBEM-prop (implementation-level NBEM comparator),266458,0.8848732011926064,0.5468128805255326,0.8516968532164805,0.8848732011926064,0.8490052587341257,0.7167458464150605,0.5468128805255326,0.5572679577378092,0.7326416226400818
bank_marketing,Bank,NBEM,NBEM-prop (implementation-level NBEM comparator),273103,0.885072233063239,0.5472537597577187,0.8526608012831067,0.885072233063239,0.8492461979555193,0.7205563705791029,0.5472537597577187,0.5579477994270267,0.7326579692597976
bank_marketing,Bank,NBEM,NBEM-prop (implementation-level NBEM comparator),370882,0.8849836836910576,0.5468770729630716,0.8524306161222632,0.8849836836910576,0.849068975625918,0.7198430827464843,0.5468770729630716,0.5573398602746528,0.7324513331753768
bank_marketing,Bank,NBEM,NBEM-prop (implementation-level NBEM comparator),503966,0.8851606650413457,0.5475511923545382,0.8526381854901522,0.8851606650413457,0.8493917469585588,0.7202663167104058,0.5475511923545382,0.558419429548108,0.7326399578204972
bank_marketing,Bank,NBEM,NBEM-prop (implementation-level NBEM comparator),519965,0.8849395239533315,0.5468520699141488,0.852122152195059,0.8849395239533315,0.8490308688116887,0.718533747411416,0.5468520699141488,0.5572567976884202,0.7323856371393378
bank_marketing,Bank,NBEM,NBEM-prop (implementation-level NBEM comparator),535886,0.885182803607246,0.546907993927202,0.852619465681976,0.885182803607246,0.8491636889410621,0.72063414150113,0.546907993927202,0.5573643806038497,0.7323120244467456
bank_marketing,Bank,NBEM,NBEM-prop (implementation-level NBEM comparator),627018,0.8850058711711556,0.5467252824047449,0.8521883301373467,0.8850058711711556,0.8490334068493206,0.7189191854369789,0.5467252824047449,0.557133911358827,0.7326768859361753
bank_marketing,Bank,NBEM,NBEM-prop (implementation-level NBEM comparator),648362,0.885138555823964,0.5472912847199898,0.852638068193694,0.885138555823964,0.8492751059248969,0.7204346993092994,0.5472912847199898,0.5579456256240947,0.732272934916607
bank_marketing,Bank,NBEM,NBEM-prop (implementation-level NBEM comparator),663649,0.8852270856304664,0.5473419125439898,0.8526167245358325,0.8852270856304664,0.84932733019384,0.7203169398674977,0.5473419125439898,0.5580022990603685,0.732581841744293
bank_marketing,Bank,NBEM,NBEM-prop (implementation-level NBEM comparator),934243,0.8849616429535526,0.5469467261060719,0.8524761021046905,0.8849616429535526,0.8490689209434599,0.7199885386474111,0.5469467261060719,0.5573871225974439,0.7325490682214794
car_evaluation,Car Evaluation,Hybrid NBEM,Hybrid NBEM,13,0.9542982927812877,0.8779673874769569,0.9556828702256424,0.9542982927812877,0.9536626443110112,0.9161403281451743,0.8779673874769569,0.8903840825116165,0.9949810503086942
car_evaluation,Car Evaluation,Hybrid NBEM,Hybrid NBEM,21,0.9450026885334051,0.8465500408682226,0.9473254021557563,0.9450026885334051,0.9439651504444407,0.9071499141237591,0.8465500408682226,0.8654572075740754,0.9932871390037695
car_evaluation,Car Evaluation,Hybrid NBEM,Hybrid NBEM,42,0.9310962494959,0.823686739894874,0.9317314519188349,0.9310962494959,0.9291339318662335,0.8793014298074986,0.823686739894874,0.840232448182511,0.990894596991953
car_evaluation,Car Evaluation,Hybrid NBEM,Hybrid NBEM,87,0.9502587713402338,0.866847247648683,0.9534610193990357,0.9502587713402338,0.9496021459511441,0.9235543941758475,0.866847247648683,0.8846893533197209,0.9942940255356003
car_evaluation,Car Evaluation,Hybrid NBEM,Hybrid NBEM,123,0.9247714746605726,0.8141993572615582,0.929149722200146,0.9247714746605726,0.9227998663610185,0.8867464217802313,0.8141993572615582,0.8281944976959121,0.9884957179626473
car_evaluation,Car Evaluation,Hybrid NBEM,Hybrid NBEM,41762,0.9519895147197204,0.8834054701279582,0.9533795315897496,0.9519895147197204,0.9514347433340999,0.9159001226078999,0.8834054701279582,0.8933363058818514,0.9948488762979345
car_evaluation,Car Evaluation,Hybrid NBEM,Hybrid NBEM,43529,0.9490690953085092,0.8714375536743958,0.9491728663938233,0.9490690953085092,0.9476562773624181,0.9111693760165329,0.8714375536743958,0.8845882178443419,0.9935586895841876
car_evaluation,Car Evaluation,Hybrid NBEM,Hybrid NBEM,65932,0.9508300846888023,0.8824734874376023,0.9524256764932633,0.9508300846888023,0.9499738883544657,0.9234699404356187,0.8824734874376023,0.894136439711203,0.9946166327745484
car_evaluation,Car Evaluation,Hybrid NBEM,Hybrid NBEM,69887,0.9196094905229197,0.7787422904049699,0.9238189809594088,0.9196094905229197,0.9170306722061848,0.8641335271810533,0.7787422904049699,0.7997340472010488,0.9886200342499946
car_evaluation,Car Evaluation,Hybrid NBEM,Hybrid NBEM,156304,0.9346148675897299,0.8369508083622916,0.9391907332155567,0.9346148675897299,0.9342833913389621,0.8968842601672444,0.8369508083622916,0.8554427916317412,0.9916805242785461
car_evaluation,Car Evaluation,Hybrid NBEM,Hybrid NBEM,266458,0.9334554375588116,0.8491280250849629,0.9354553342303926,0.9334554375588116,0.9326236707311913,0.8773363886589058,0.8491280250849629,0.8560011349353802,0.9894558339885633
car_evaluation,Car Evaluation,Hybrid NBEM,Hybrid NBEM,273103,0.938694717031859,0.841507734689553,0.942629247638181,0.938694717031859,0.9370369539501926,0.9044537666085818,0.841507734689553,0.8537903364204551,0.9915603351194365
car_evaluation,Car Evaluation,Hybrid NBEM,Hybrid NBEM,370882,0.9352265089393736,0.8321249723163598,0.9384817418786955,0.9352265089393736,0.9341997188204333,0.885940332566791,0.8321249723163598,0.8476699145967699,0.990433221818862
car_evaluation,Car Evaluation,Hybrid NBEM,Hybrid NBEM,503966,0.9299771474660572,0.8064381591295466,0.9320574806977702,0.9299771474660572,0.9279816349183173,0.8675987830466104,0.8064381591295466,0.8219513777048226,0.9903985811129458
car_evaluation,Car Evaluation,Hybrid NBEM,Hybrid NBEM,519965,0.9508031993547521,0.8754173856446584,0.952946950745336,0.9508031993547521,0.9504513385170291,0.9147099622172339,0.8754173856446584,0.8886110706307224,0.9948556473419462
car_evaluation,Car Evaluation,Hybrid NBEM,Hybrid NBEM,535886,0.9219115472509746,0.7988550723598571,0.9240939530449392,0.9219115472509746,0.9204818660459362,0.8561384906782459,0.7988550723598571,0.8148343427507301,0.9889196384485001
car_evaluation,Car Evaluation,Hybrid NBEM,Hybrid NBEM,627018,0.9525238607339697,0.865609071948785,0.9539436027614541,0.9525238607339697,0.9519113982875289,0.8986561555574519,0.865609071948785,0.8770068702445858,0.9948080105763248
car_evaluation,Car Evaluation,Hybrid NBEM,Hybrid NBEM,648362,0.956039118161043,0.893592631451483,0.9595820687476084,0.956039118161043,0.956025531286663,0.9333601644225592,0.893592631451483,0.9059736568163343,0.9955544462127961
car_evaluation,Car Evaluation,Hybrid NBEM,Hybrid NBEM,663649,0.9577732222072859,0.8994417464513159,0.9598146752039213,0.9577732222072859,0.957417587705716,0.924037240117096,0.8994417464513159,0.9057133183762127,0.9949901195433993
car_evaluation,Car Evaluation,Hybrid NBEM,Hybrid NBEM,934243,0.9589259309046915,0.9060062345947513,0.9608261856878437,0.9589259309046915,0.9584749519657073,0.9284224396086422,0.9060062345947513,0.9115002298351061,0.9956064268076906
car_evaluation,Car Evaluation,Logistic Regression,Logistic Regression,13,0.9062474794999329,0.7500808402124192,0.9099998613022487,0.9062474794999329,0.9023526457592423,0.8310444741155576,0.7500808402124192,0.7606709463575186,0.9876057321880369
car_evaluation,Car Evaluation,Logistic Regression,Logistic Regression,21,0.9155161984137653,0.7682143414798916,0.9166123897544021,0.9155161984137653,0.9121540315280287,0.8248139593293745,0.7682143414798916,0.7777252349118405,0.9886035101752583
car_evaluation,Car Evaluation,Logistic Regression,Logistic Regression,42,0.9079782228794192,0.7574640471171572,0.9086482297797129,0.9079782228794192,0.9042378813740903,0.8118151367083843,0.7574640471171572,0.7634981052085579,0.9881559569951562
car_evaluation,Car Evaluation,Logistic Regression,Logistic Regression,87,0.9114800376394676,0.764017621134846,0.9139669477671442,0.9114800376394676,0.9075683357742724,0.8325395978663839,0.764017621134846,0.7712228219333648,0.9877484172080374
car_evaluation,Car Evaluation,Logistic Regression,Logistic Regression,123,0.9126058610028229,0.7640706382931264,0.9149947615840437,0.9126058610028229,0.9085752468535908,0.8318308289199254,0.7640706382931264,0.7700238743843952,0.9884272302051251
car_evaluation,Car Evaluation,Logistic Regression,Logistic Regression,41762,0.9131906170184164,0.7678245797264937,0.9117898975169485,0.9131906170184164,0.9087442040212272,0.8182013586594146,0.7678245797264937,0.7738928816091348,0.9880337259005243
car_evaluation,Car Evaluation,Logistic Regression,Logistic Regression,43529,0.9108885602903616,0.7665330283751336,0.9072437722450031,0.9108885602903616,0.9060894324490066,0.7999447176065806,0.7665330283751336,0.7706703059291733,0.9880228179415551
car_evaluation,Car Evaluation,Logistic Regression,Logistic Regression,65932,0.9114733163059551,0.7658992323466007,0.9103352428772193,0.9114733163059551,0.9078398170482407,0.8077848291598968,0.7658992323466007,0.7735910247506056,0.9882261459272138
car_evaluation,Car Evaluation,Logistic Regression,Logistic Regression,69887,0.9068187928485012,0.7500164110211957,0.9081061997974478,0.9068187928485012,0.9024854742859223,0.8078149278478935,0.7500164110211957,0.7538651261109892,0.9880432414693636
car_evaluation,Car Evaluation,Logistic Regression,Logistic Regression,156304,0.9056761661513644,0.7533830005719958,0.9085230058946216,0.9056761661513644,0.9026083710505282,0.8237277339342887,0.7533830005719958,0.7667264123028864,0.9878666819053296
car_evaluation,Car Evaluation,Logistic Regression,Logistic Regression,266458,0.9103071649415243,0.7656299641347488,0.9134621758537618,0.9103071649415243,0.9059294988086096,0.8368380184204259,0.7656299641347488,0.771210260301833,0.9877752405480514
car_evaluation,Car Evaluation,Logistic Regression,Logistic Regression,273103,0.909167898911144,0.7617192416833565,0.9056034394698387,0.909167898911144,0.903708484795805,0.7896855486239699,0.7617192416833565,0.7577284361998138,0.9879586001549608
car_evaluation,Car Evaluation,Logistic Regression,Logistic Regression,370882,0.9108919209571178,0.7658557152576291,0.9135867593069804,0.9108919209571178,0.9075833700356887,0.8350508119783736,0.7658557152576291,0.7768179361381924,0.9880660071537516
car_evaluation,Car Evaluation,Logistic Regression,Logistic Regression,503966,0.9132006990186854,0.7669703502239388,0.9114703859656391,0.9132006990186854,0.9093956722015324,0.8120091170578478,0.7669703502239388,0.7757534063866414,0.988286459751387
car_evaluation,Car Evaluation,Logistic Regression,Logistic Regression,519965,0.9108919209571178,0.7616029305622607,0.9119422535260032,0.9108919209571178,0.9065892372596013,0.822643784001569,0.7616029305622607,0.7675037757824765,0.988527111238789
car_evaluation,Car Evaluation,Logistic Regression,Logistic Regression,535886,0.9091309315768248,0.7582135169455744,0.9076185233734458,0.9091309315768248,0.9045006644876814,0.7950118988974445,0.7582135169455744,0.7583368320921515,0.9880263091896164
car_evaluation,Car Evaluation,Logistic Regression,Logistic Regression,627018,0.9108952816238741,0.7648237926347974,0.9114692074232014,0.9108952816238741,0.9066179262659932,0.8236259031875376,0.7648237926347974,0.7715464424435452,0.9881262310906891
car_evaluation,Car Evaluation,Logistic Regression,Logistic Regression,648362,0.9137820943675224,0.7665479855073156,0.9127784889750815,0.9137820943675224,0.9090965098085473,0.813916152673667,0.7665479855073156,0.7714954842605255,0.9881194848117005
car_evaluation,Car Evaluation,Logistic Regression,Logistic Regression,663649,0.9120311869874984,0.758552671411523,0.9135177898630928,0.9120311869874984,0.9077780202904935,0.8240310691831938,0.758552671411523,0.7650017371582563,0.9876710870955694
car_evaluation,Car Evaluation,Logistic Regression,Logistic Regression,934243,0.9114665949724425,0.7712750168491795,0.9095094823408921,0.9114665949724425,0.9077077462543098,0.8059045412288126,0.7712750168491795,0.7758406864061012,0.9882492471432214
car_evaluation,Car Evaluation,NBEM,NBEM-prop (implementation-level NBEM comparator),13,0.8495463099879016,0.5606883148749178,0.8508403870751821,0.8495463099879016,0.83867679313416,0.8012933236809303,0.5606883148749178,0.6102379445079466,0.9730498619151342
car_evaluation,Car Evaluation,NBEM,NBEM-prop (implementation-level NBEM comparator),21,0.8501109020029574,0.5555424639156696,0.8461803038169149,0.8501109020029574,0.8376196743726444,0.7727012518757622,0.5555424639156696,0.6014233161139639,0.9756385875373648
car_evaluation,Car Evaluation,NBEM,NBEM-prop (implementation-level NBEM comparator),42,0.8454933458798225,0.5607702504831691,0.8443069718321021,0.8454933458798225,0.8340543077151968,0.7904139701707026,0.5607702504831691,0.6092719930400897,0.9742890620383499
car_evaluation,Car Evaluation,NBEM,NBEM-prop (implementation-level NBEM comparator),87,0.852456647398844,0.5569576954146332,0.8502121160243117,0.852456647398844,0.8400777517697297,0.7776261791423507,0.5569576954146332,0.6003728777351828,0.9736480357505574
car_evaluation,Car Evaluation,NBEM,NBEM-prop (implementation-level NBEM comparator),123,0.8524364833983062,0.5598349417727408,0.8475441362597109,0.8524364833983062,0.839717319043279,0.774106735761234,0.5598349417727408,0.605404311729087,0.9745234671034865
car_evaluation,Car Evaluation,NBEM,NBEM-prop (implementation-level NBEM comparator),41762,0.8512770533673881,0.5574155708725087,0.8396146966661936,0.8512770533673881,0.8382276255621262,0.7258673725256325,0.5574155708725087,0.5990301891628715,0.9751999369885915
car_evaluation,Car Evaluation,NBEM,NBEM-prop (implementation-level NBEM comparator),43529,0.8477920419411211,0.5541455155689605,0.8403851841490516,0.8477920419411211,0.835264844169496,0.7487665111952435,0.5541455155689605,0.5988966256301806,0.9739508900601812
car_evaluation,Car Evaluation,NBEM,NBEM-prop (implementation-level NBEM comparator),65932,0.8518450060492002,0.5579193732901867,0.8460328577688184,0.8518450060492002,0.8397619196565163,0.7490273341934437,0.5579193732901867,0.5989263329389913,0.975387935111472
car_evaluation,Car Evaluation,NBEM,NBEM-prop (implementation-level NBEM comparator),69887,0.8582134695523592,0.578499670186273,0.8550380775987543,0.8582134695523592,0.84808606539551,0.7755740674865783,0.578499670186273,0.625330139435937,0.9754969756043435
car_evaluation,Car Evaluation,NBEM,NBEM-prop (implementation-level NBEM comparator),156304,0.856462562172335,0.5688968328322396,0.854119112795648,0.856462562172335,0.8446993508949504,0.7807438425835997,0.5688968328322396,0.6108807976108255,0.9741777145881325
car_evaluation,Car Evaluation,NBEM,NBEM-prop (implementation-level NBEM comparator),266458,0.8477853206076086,0.558397165035921,0.8405953813684264,0.8477853206076086,0.834984648637621,0.7491862159639676,0.558397165035921,0.6001960811619853,0.9736829710457817
car_evaluation,Car Evaluation,NBEM,NBEM-prop (implementation-level NBEM comparator),273103,0.8518819733835192,0.5738293405159434,0.8420389962961157,0.8518819733835192,0.8400060862724956,0.7388963344017158,0.5738293405159434,0.6155233375495544,0.973972394653552
car_evaluation,Car Evaluation,NBEM,NBEM-prop (implementation-level NBEM comparator),370882,0.850695658018551,0.54909428689333,0.8427268188544721,0.850695658018551,0.8377146018355301,0.7360413509318223,0.54909428689333,0.5900411256172854,0.9747446344452511
car_evaluation,Car Evaluation,NBEM,NBEM-prop (implementation-level NBEM comparator),503966,0.8483801586234708,0.5580355449972675,0.8394226419000097,0.8483801586234708,0.8358924377637772,0.7424496080229168,0.5580355449972675,0.6032327287370205,0.975092575508595
car_evaluation,Car Evaluation,NBEM,NBEM-prop (implementation-level NBEM comparator),519965,0.8507023793520634,0.5750264089977009,0.8487616620248113,0.8507023793520634,0.8403135108419999,0.7857496414575719,0.5750264089977009,0.6256495346566395,0.9742731821163616
car_evaluation,Car Evaluation,NBEM,NBEM-prop (implementation-level NBEM comparator),535886,0.8448985078639601,0.5661629040815643,0.8404974029230876,0.8448985078639601,0.8329628816831163,0.7786049405662638,0.5661629040815643,0.6146060830350579,0.9731186967656692
car_evaluation,Car Evaluation,NBEM,NBEM-prop (implementation-level NBEM comparator),627018,0.8484104046242775,0.5686464850938535,0.8485860825366384,0.8484104046242775,0.8379054899568839,0.7879541607333043,0.5686464850938535,0.6160064845840983,0.9761916997081252
car_evaluation,Car Evaluation,NBEM,NBEM-prop (implementation-level NBEM comparator),648362,0.85243312273155,0.5594008065299931,0.8494626546739026,0.85243312273155,0.84002114815781,0.7682045167101696,0.5594008065299931,0.5993784971903685,0.9738750055442841
car_evaluation,Car Evaluation,NBEM,NBEM-prop (implementation-level NBEM comparator),663649,0.8518718913832505,0.5500667394806151,0.8458792279406844,0.8518718913832505,0.8390430327702401,0.7463500782202221,0.5500667394806151,0.5889495745559675,0.974982703502393
car_evaluation,Car Evaluation,NBEM,NBEM-prop (implementation-level NBEM comparator),934243,0.8541705874445491,0.5708681071719349,0.847934102240288,0.8541705874445491,0.8426993271361548,0.7637351759309645,0.5708681071719349,0.6171516702952686,0.974466496398492
cardiotocography,Fetal Health,Hybrid NBEM,Hybrid NBEM,13,0.9195765789706793,0.8270520144791267,0.9198098187059379,0.9195765789706793,0.9186096955370585,0.8669845328823911,0.8270520144791267,0.8434591629322228,0.9761575027679161
cardiotocography,Fetal Health,Hybrid NBEM,Hybrid NBEM,21,0.9285056249446363,0.8538141279852954,0.9287398583966133,0.9285056249446363,0.9275228882029513,0.8843270500182667,0.8538141279852954,0.8657047823037693,0.9805530932004703
cardiotocography,Fetal Health,Hybrid NBEM,Hybrid NBEM,42,0.932739835237842,0.8630379102411656,0.9328019044301887,0.932739835237842,0.9316643833760663,0.8958047184667308,0.8630379102411656,0.8757146003601868,0.9813000097395228
cardiotocography,Fetal Health,Hybrid NBEM,Hybrid NBEM,87,0.9266232615820711,0.8486818912916814,0.9267156517103496,0.9266232615820711,0.9260720797607881,0.8796407309972532,0.8486818912916814,0.8623089175159926,0.9787224244980886
cardiotocography,Fetal Health,Hybrid NBEM,Hybrid NBEM,123,0.917209230224112,0.8349489263629394,0.9178005600494468,0.917209230224112,0.9163457444901718,0.859941414259262,0.8349489263629394,0.844144656494301,0.9787074791043878
cardiotocography,Fetal Health,Hybrid NBEM,Hybrid NBEM,41762,0.9261604216493933,0.8446737847778929,0.9266270319702674,0.9261604216493933,0.9254093145460806,0.878967586064956,0.8446737847778929,0.858742608716493,0.9784358068807204
cardiotocography,Fetal Health,Hybrid NBEM,Hybrid NBEM,43529,0.9195477898839579,0.8282092074323067,0.9187623183056169,0.9195477898839579,0.918172540373391,0.8686334388721294,0.8282092074323067,0.845646826670065,0.9780025900141249
cardiotocography,Fetal Health,Hybrid NBEM,Hybrid NBEM,65932,0.9200305607228275,0.825745309592911,0.9192624407874275,0.9200305607228275,0.918230126637613,0.8694586504675437,0.825745309592911,0.8436686109439014,0.9778210694138438
cardiotocography,Fetal Health,Hybrid NBEM,Hybrid NBEM,69887,0.9106187439100009,0.8158209200849539,0.9116070290985074,0.9106187439100009,0.909418369607344,0.8507989702139561,0.8158209200849539,0.8276936518642672,0.9719639594019011
cardiotocography,Fetal Health,Hybrid NBEM,Hybrid NBEM,156304,0.9266365488528656,0.8466741002570324,0.9268671186747213,0.9266365488528656,0.9257223096695464,0.8755570658854154,0.8466741002570324,0.85809543292014,0.9798495249463576
cardiotocography,Fetal Health,Hybrid NBEM,Hybrid NBEM,266458,0.9327575515989016,0.8600556383750011,0.9336981379268312,0.9327575515989016,0.9323266009915054,0.8833905808027703,0.8600556383750011,0.8694473498523176,0.9791726506927325
cardiotocography,Fetal Health,Hybrid NBEM,Hybrid NBEM,273103,0.9172225174949066,0.8329392543024351,0.916752055057654,0.9172225174949066,0.9163423448591794,0.8559935422504834,0.8329392543024351,0.8427749905521662,0.976180707079409
cardiotocography,Fetal Health,Hybrid NBEM,Hybrid NBEM,370882,0.9134312162281868,0.8256995766375272,0.9145300903082022,0.9134312162281868,0.9125497357532029,0.8587750252571228,0.8256995766375272,0.8378837754367583,0.9730944876503891
cardiotocography,Fetal Health,Hybrid NBEM,Hybrid NBEM,503966,0.9195655062450173,0.8291991478936419,0.9183185158049986,0.9195655062450173,0.9176249975476904,0.8642602443707892,0.8291991478936419,0.8432828009467718,0.979450536804323
cardiotocography,Fetal Health,Hybrid NBEM,Hybrid NBEM,519965,0.9261626361945258,0.8363764094014099,0.925088721500587,0.9261626361945258,0.9248843838046165,0.8762530351727967,0.8363764094014099,0.8541330934597908,0.9784838010866036
cardiotocography,Fetal Health,Hybrid NBEM,Hybrid NBEM,535886,0.9214478696075826,0.8253633469687136,0.9199628333796113,0.9214478696075826,0.9197076016531301,0.866857046542443,0.8253633469687136,0.8431744782772933,0.9781594220396711
cardiotocography,Fetal Health,Hybrid NBEM,Hybrid NBEM,627018,0.9219151386305253,0.8383851878512061,0.9208716309545746,0.9219151386305253,0.9204628446968975,0.8733608850336223,0.8383851878512061,0.8535409156527045,0.9760626012192984
cardiotocography,Fetal Health,Hybrid NBEM,Hybrid NBEM,648362,0.9242647710160334,0.8471724272877772,0.9237054475464467,0.9242647710160334,0.9233633099670374,0.8727652798986905,0.8471724272877772,0.8583095527962893,0.976480272657051
cardiotocography,Fetal Health,Hybrid NBEM,Hybrid NBEM,663649,0.9271148906014706,0.8477744888624918,0.9268847015258717,0.9271148906014706,0.9257119353935289,0.8822770524371307,0.8477744888624918,0.8613526616123716,0.979538298447039
cardiotocography,Fetal Health,Hybrid NBEM,Hybrid NBEM,934243,0.9186198954734698,0.8258870612657361,0.9180069970289149,0.9186198954734698,0.9172911731540889,0.8595167211412698,0.8258870612657361,0.839409356185465,0.9773155994075837
cardiotocography,Fetal Health,Logistic Regression,Logistic Regression,13,0.892760651962087,0.7796843933193796,0.8931436804936368,0.892760651962087,0.8912232267884684,0.81312510652426,0.7796843933193796,0.7918297085140032,0.970624581142655
cardiotocography,Fetal Health,Logistic Regression,Logistic Regression,21,0.8946319425989901,0.7837836876220023,0.8944461127812442,0.8946319425989901,0.8932914012526396,0.8151904982805336,0.7837836876220023,0.7955086771586969,0.9697133295732405
cardiotocography,Fetal Health,Logistic Regression,Logistic Regression,42,0.8955620515546107,0.7857718397922215,0.8945974713459908,0.8955620515546107,0.8939943222007205,0.8100124948117777,0.7857718397922215,0.7943330584064907,0.9699270816485053
cardiotocography,Fetal Health,Logistic Regression,Logistic Regression,87,0.8913300558065373,0.7792327010831862,0.8915827258717327,0.8913300558065373,0.8902005556447257,0.8099670450262367,0.7792327010831862,0.7910877761386229,0.9695260144832087
cardiotocography,Fetal Health,Logistic Regression,Logistic Regression,123,0.8922845247586146,0.778106248009227,0.8907350291022278,0.8922845247586146,0.8907188238914594,0.8036813478030705,0.778106248009227,0.7885989104223583,0.9693285340017205
cardiotocography,Fetal Health,Logistic Regression,Logistic Regression,41762,0.8932367791655593,0.7831100507918124,0.8928968033882485,0.8932367791655593,0.892142629373961,0.8083599459546781,0.7831100507918124,0.7926599686522657,0.9697786126013129
cardiotocography,Fetal Health,Logistic Regression,Logistic Regression,43529,0.8960359642129507,0.7868053606439197,0.8950462334713343,0.8960359642129507,0.8946852314857923,0.815400558554698,0.7868053606439197,0.7984746939163246,0.9685470851421669
cardiotocography,Fetal Health,Logistic Regression,Logistic Regression,65932,0.8946319425989901,0.7831303166648605,0.8930561338241721,0.8946319425989901,0.8925877751582247,0.8136217714798744,0.7831303166648605,0.7944529462932929,0.970277337255091
cardiotocography,Fetal Health,Logistic Regression,Logistic Regression,69887,0.8937084772787669,0.7765754813463701,0.8925622148388532,0.8937084772787669,0.8917582610067241,0.8131422950816045,0.7765754813463701,0.7902465557044668,0.9693179406038046
cardiotocography,Fetal Health,Logistic Regression,Logistic Regression,156304,0.8922955974842767,0.7763199728658318,0.8911091068888203,0.8922955974842767,0.8910080607636294,0.8057795559091092,0.7763199728658318,0.7889869156801127,0.9697267507169011
cardiotocography,Fetal Health,Logistic Regression,Logistic Regression,266458,0.896069182389937,0.7876552815231669,0.8952994513390851,0.896069182389937,0.8951618675244234,0.8127163665055834,0.7876552815231669,0.7988135937394065,0.9696870748650259
cardiotocography,Fetal Health,Logistic Regression,Logistic Regression,273103,0.8937106918238994,0.7832566210505554,0.8937921399422086,0.8937106918238994,0.8928544901701848,0.8150461496609915,0.7832566210505554,0.7964756099984454,0.9689856734654182
cardiotocography,Fetal Health,Logistic Regression,Logistic Regression,370882,0.8899282487377093,0.7748505370262989,0.8899257917568291,0.8899282487377093,0.8886656212493819,0.8051937425408795,0.7748505370262989,0.7864234638354215,0.9697384054732062
cardiotocography,Fetal Health,Logistic Regression,Logistic Regression,503966,0.8913455576224644,0.7762023791274262,0.889720723595613,0.8913455576224644,0.8894837834972658,0.801704264215355,0.7762023791274262,0.7861758268240788,0.9696660415584498
cardiotocography,Fetal Health,Logistic Regression,Logistic Regression,519965,0.8932367791655593,0.7807023483941297,0.8916489175130486,0.8932367791655593,0.8915930926615273,0.8109426234862642,0.7807023483941297,0.7937070424760605,0.9691016651264034
cardiotocography,Fetal Health,Logistic Regression,Logistic Regression,535886,0.8927185756045708,0.781977085714958,0.8923179095448113,0.8927185756045708,0.8914424201009868,0.8094794337637184,0.781977085714958,0.7927363106218888,0.9689634010407481
cardiotocography,Fetal Health,Logistic Regression,Logistic Regression,627018,0.8922933829391443,0.7794990439764261,0.8905427912157512,0.8922933829391443,0.8905622861810227,0.8070545547861494,0.7794990439764261,0.7908105650565742,0.9699760180931607
cardiotocography,Fetal Health,Logistic Regression,Logistic Regression,648362,0.8941513863052529,0.7810589854654959,0.8939979519863183,0.8941513863052529,0.8928863094550719,0.8163180677698243,0.7810589854654959,0.795324361962954,0.9692533356363555
cardiotocography,Fetal Health,Logistic Regression,Logistic Regression,663649,0.8923066702099389,0.7767300480221129,0.8910041853617138,0.8923066702099389,0.8905898732090474,0.8061854547891144,0.7767300480221129,0.7880284978763531,0.9692482805960585
cardiotocography,Fetal Health,Logistic Regression,Logistic Regression,934243,0.8936752591017806,0.7840489501185022,0.8921178501300477,0.8936752591017806,0.892113195737554,0.8103817513287319,0.7840489501185022,0.794769440990134,0.9691872533119656
cardiotocography,Fetal Health,NBEM,NBEM-prop (implementation-level NBEM comparator),13,0.8137279652759324,0.7706323653455793,0.8733306479535751,0.8137279652759324,0.8305343722452248,0.6741313305531786,0.7706323653455793,0.6995977343085806,0.9338033438746809
cardiotocography,Fetal Health,NBEM,NBEM-prop (implementation-level NBEM comparator),21,0.8132717689786517,0.7678033131563277,0.871688397544428,0.8132717689786517,0.8299426181003866,0.6691992230981595,0.7678033131563277,0.6970566862565054,0.9336456471689651
cardiotocography,Fetal Health,NBEM,NBEM-prop (implementation-level NBEM comparator),42,0.8146780051377448,0.7701362484790721,0.8738796467069575,0.8146780051377448,0.8317097516662313,0.6714624021218154,0.7701362484790721,0.6995486739197662,0.9325839190990088
cardiotocography,Fetal Health,NBEM,NBEM-prop (implementation-level NBEM comparator),87,0.8151563468863495,0.7700948675559492,0.8732918461625767,0.8151563468863495,0.8320301555699544,0.673770178167641,0.7700948675559492,0.7013551366231864,0.9331952381859899
cardiotocography,Fetal Health,NBEM,NBEM-prop (implementation-level NBEM comparator),123,0.8174971210913279,0.7740892769759555,0.874761857913461,0.8174971210913279,0.8339080903354313,0.6761052438843819,0.7740892769759555,0.7046399760545119,0.9326572381474433
cardiotocography,Fetal Health,NBEM,NBEM-prop (implementation-level NBEM comparator),41762,0.8146979360439366,0.770226511389052,0.8731783485743477,0.8146979360439366,0.8316356794309948,0.6741844457202137,0.770226511389052,0.7015363130718857,0.9343187074532382
cardiotocography,Fetal Health,NBEM,NBEM-prop (implementation-level NBEM comparator),43529,0.815628044999557,0.7738576729932825,0.8741821779755552,0.815628044999557,0.8326969649212936,0.6768242784859195,0.7738576729932825,0.7047815051036638,0.9326542295746577
cardiotocography,Fetal Health,NBEM,NBEM-prop (implementation-level NBEM comparator),65932,0.8160908849322348,0.7725607591510961,0.8738504210533563,0.8160908849322348,0.832615783868583,0.6754274543831683,0.7725607591510961,0.702792049452337,0.9344176009253966
cardiotocography,Fetal Health,NBEM,NBEM-prop (implementation-level NBEM comparator),69887,0.814669146957215,0.7722326879999355,0.8739738568629793,0.814669146957215,0.8315803116920366,0.6721824172829087,0.7722326879999355,0.7007411041190036,0.9325497659330526
cardiotocography,Fetal Health,NBEM,NBEM-prop (implementation-level NBEM comparator),156304,0.8156214013641598,0.7705519247477751,0.8731806773428257,0.8156214013641598,0.8321651130978969,0.6715270490508674,0.7705519247477751,0.6996721810437901,0.9334206285243933
cardiotocography,Fetal Health,NBEM,NBEM-prop (implementation-level NBEM comparator),266458,0.8113871910709541,0.7681733041947123,0.8726818516900459,0.8113871910709541,0.8290278880317878,0.6723279675101871,0.7681733041947123,0.6984951753882664,0.9333802877294224
cardiotocography,Fetal Health,NBEM,NBEM-prop (implementation-level NBEM comparator),273103,0.8142173797501993,0.7706555926412227,0.8728804584248548,0.8142173797501993,0.8311951997436147,0.6719591495772302,0.7706555926412227,0.6998774761743255,0.9347259418130737
cardiotocography,Fetal Health,NBEM,NBEM-prop (implementation-level NBEM comparator),370882,0.8132806271591815,0.7700474889086537,0.8734265262948908,0.8132806271591815,0.8304505091219607,0.6706385042773382,0.7700474889086537,0.6993614541818672,0.9339638113324537
cardiotocography,Fetal Health,NBEM,NBEM-prop (implementation-level NBEM comparator),503966,0.8137257507307998,0.7703336870748098,0.8734959847900596,0.8137257507307998,0.8309730675749458,0.6739910108164613,0.7703336870748098,0.7011977258295523,0.9338268142187263
cardiotocography,Fetal Health,NBEM,NBEM-prop (implementation-level NBEM comparator),519965,0.8123217291168394,0.7688122029371816,0.8713312747022715,0.8123217291168394,0.8291499783454777,0.668995130985216,0.7688122029371816,0.6973588839168818,0.933678360210245
cardiotocography,Fetal Health,NBEM,NBEM-prop (implementation-level NBEM comparator),535886,0.8142063070245372,0.7710953577252851,0.8729233344312753,0.8142063070245372,0.8310086419727387,0.6715980895860458,0.7710953577252851,0.6997664005172366,0.9336687257672555
cardiotocography,Fetal Health,NBEM,NBEM-prop (implementation-level NBEM comparator),627018,0.8113894056160864,0.7655571806763185,0.8712901838044905,0.8113894056160864,0.8288160858986926,0.6672049114367182,0.7655571806763185,0.6952293779919383,0.9342777776866841
cardiotocography,Fetal Health,NBEM,NBEM-prop (implementation-level NBEM comparator),648362,0.8137146780051377,0.769871738063776,0.8719256357528116,0.8137146780051377,0.8307165897636398,0.6704577504163096,0.769871738063776,0.6998581423504654,0.934310776773603
cardiotocography,Fetal Health,NBEM,NBEM-prop (implementation-level NBEM comparator),663649,0.8142018779342722,0.7723289617996233,0.8723246566104551,0.8142018779342722,0.8306389755444978,0.6720496738282972,0.7723289617996233,0.7006867715883015,0.9329731109855214
cardiotocography,Fetal Health,NBEM,NBEM-prop (implementation-level NBEM comparator),934243,0.812824430861901,0.7683193461863518,0.871844642071312,0.812824430861901,0.8300001344919791,0.6690453650897594,0.7683193461863518,0.6980961816942044,0.9327557218767535
chronic_kidney_disease,Kidney Disease,Hybrid NBEM,Hybrid NBEM,13,0.9800000000000001,0.9800000000000001,0.9805649038461539,0.9800000000000001,0.9800258434853364,0.9780352564102565,0.9800000000000001,0.9787288690782209,0.9986666666666666
chronic_kidney_disease,Kidney Disease,Hybrid NBEM,Hybrid NBEM,21,0.9824999999999999,0.9806666666666667,0.9825961538461538,0.9824999999999999,0.9824814063556456,0.9820769230769232,0.9806666666666667,0.9812954699121027,0.9976
chronic_kidney_disease,Kidney Disease,Hybrid NBEM,Hybrid NBEM,42,0.9800000000000001,0.9786666666666667,0.9814634133567957,0.9800000000000001,0.9799621032153343,0.9803177895089659,0.9786666666666667,0.9786214782182231,0.9994666666666667
chronic_kidney_disease,Kidney Disease,Hybrid NBEM,Hybrid NBEM,87,0.9824999999999999,0.982,0.9838672595106418,0.9824999999999999,0.9824806968596885,0.9822408664320429,0.982,0.9813260083061204,0.9989333333333332
chronic_kidney_disease,Kidney Disease,Hybrid NBEM,Hybrid NBEM,123,0.9875,0.9846666666666668,0.9882189280626781,0.9875,0.9873952075054374,0.9893251424501426,0.9846666666666668,0.9864631229406283,0.9997333333333334
chronic_kidney_disease,Kidney Disease,Hybrid NBEM,Hybrid NBEM,41762,0.9800000000000001,0.9786666666666667,0.9809352742165242,0.9800000000000001,0.9799434259029187,0.9796648860398861,0.9786666666666667,0.9785676969170487,0.9992000000000001
chronic_kidney_disease,Kidney Disease,Hybrid NBEM,Hybrid NBEM,43529,0.985,0.9826666666666666,0.985362293956044,0.985,0.984921844154792,0.9856112637362637,0.9826666666666666,0.9838440381714421,0.9970666666666667
chronic_kidney_disease,Kidney Disease,Hybrid NBEM,Hybrid NBEM,65932,0.985,0.984,0.9856981254040077,0.985,0.9849777087559162,0.9847769877181642,0.984,0.9839735463150777,0.9994666666666667
chronic_kidney_disease,Kidney Disease,Hybrid NBEM,Hybrid NBEM,69887,0.985,0.984,0.9852524038461539,0.985,0.9849962187322092,0.9842852564102564,0.984,0.9839954918563644,0.9989333333333332
chronic_kidney_disease,Kidney Disease,Hybrid NBEM,Hybrid NBEM,156304,0.9824999999999999,0.982,0.9831610576923078,0.9824999999999999,0.982507249840982,0.9814455128205128,0.982,0.9813576723236569,0.9989333333333332
chronic_kidney_disease,Kidney Disease,Hybrid NBEM,Hybrid NBEM,266458,0.985,0.984,0.9860329468325792,0.985,0.985011114776834,0.9852234162895928,0.984,0.9840447650139031,1.0
chronic_kidney_disease,Kidney Disease,Hybrid NBEM,Hybrid NBEM,273103,0.9875,0.986,0.9875961538461538,0.9875,0.9874814063556456,0.9874102564102565,0.986,0.9866288032454362,0.9992000000000001
chronic_kidney_disease,Kidney Disease,Hybrid NBEM,Hybrid NBEM,370882,0.985,0.9853333333333334,0.9855649038461539,0.985,0.9850258434853363,0.9833685897435898,0.9853333333333334,0.9840622024115542,0.9992000000000001
chronic_kidney_disease,Kidney Disease,Hybrid NBEM,Hybrid NBEM,503966,0.9824999999999999,0.982,0.9833543754040077,0.9824999999999999,0.9824925211324796,0.9816519877181642,0.982,0.9813402349260061,0.9989333333333332
chronic_kidney_disease,Kidney Disease,Hybrid NBEM,Hybrid NBEM,519965,0.985,0.9826666666666666,0.9856971153846154,0.985,0.98495525017571,0.9860576923076924,0.9826666666666666,0.9839152568702676,0.9994666666666667
chronic_kidney_disease,Kidney Disease,Hybrid NBEM,Hybrid NBEM,535886,0.9875,0.9886666666666667,0.98796875,0.9875,0.9875444371296906,0.9852916666666667,0.9886666666666667,0.9867667324994513,0.9992000000000001
chronic_kidney_disease,Kidney Disease,Hybrid NBEM,Hybrid NBEM,627018,0.9824999999999999,0.9806666666666667,0.983079594017094,0.9824999999999999,0.9823461959439376,0.9824252136752136,0.9806666666666667,0.9810398361449483,0.9978666666666667
chronic_kidney_disease,Kidney Disease,Hybrid NBEM,Hybrid NBEM,648362,0.9800000000000001,0.9786666666666667,0.9807805429864253,0.9800000000000001,0.9800148960446247,0.979604826546003,0.9786666666666667,0.9787159398242056,0.9992000000000001
chronic_kidney_disease,Kidney Disease,Hybrid NBEM,Hybrid NBEM,663649,0.9800000000000001,0.9786666666666667,0.9810329468325791,0.9800000000000001,0.9800111147768339,0.9798900829562595,0.9786666666666667,0.9787114316805698,0.9991999999999999
chronic_kidney_disease,Kidney Disease,Hybrid NBEM,Hybrid NBEM,934243,0.9775,0.9766666666666666,0.9785135193291363,0.9775,0.9775817917545216,0.9766980703652699,0.9766666666666666,0.9762076284351338,0.9984
chronic_kidney_disease,Kidney Disease,Logistic Regression,Logistic Regression,13,0.99,0.9893333333333334,0.9902524038461538,0.99,0.9899962187322092,0.9896185897435897,0.9893333333333334,0.9893288251896977,0.9997333333333334
chronic_kidney_disease,Kidney Disease,Logistic Regression,Logistic Regression,21,0.9875,0.986,0.9881009615384615,0.9875,0.9874738438200641,0.9879807692307694,0.986,0.9866197869581648,1.0
chronic_kidney_disease,Kidney Disease,Logistic Regression,Logistic Regression,42,0.9875,0.986,0.9885547595106419,0.9875,0.9874510721065615,0.9884908664320429,0.986,0.9865926310842639,1.0
chronic_kidney_disease,Kidney Disease,Logistic Regression,Logistic Regression,87,0.99,0.9880000000000001,0.9904447115384615,0.99,0.9899590314435006,0.9911057692307693,0.9880000000000001,0.9892530983472365,0.9994666666666667
chronic_kidney_disease,Kidney Disease,Logistic Regression,Logistic Regression,123,0.99,0.9893333333333334,0.9905048076923076,0.99,0.9899924374644185,0.9899038461538462,0.9893333333333334,0.9893243170460619,0.9997333333333334
chronic_kidney_disease,Kidney Disease,Logistic Regression,Logistic Regression,41762,0.99,0.9879999999999999,0.9903703703703703,0.99,0.9899175824175824,0.9909629629629629,0.9879999999999999,0.9891721611721611,0.9997333333333334
chronic_kidney_disease,Kidney Disease,Logistic Regression,Logistic Regression,43529,0.99,0.9893333333333333,0.9905048076923076,0.99,0.9899924374644185,0.9899038461538462,0.9893333333333333,0.9893243170460619,0.9997333333333334
chronic_kidney_disease,Kidney Disease,Logistic Regression,Logistic Regression,65932,0.9875,0.986,0.9885547595106419,0.9875,0.9874510721065615,0.9884908664320429,0.986,0.9865926310842639,0.9994666666666667
chronic_kidney_disease,Kidney Disease,Logistic Regression,Logistic Regression,69887,0.9925,0.9913333333333334,0.9928485576923076,0.9925,0.992477625087855,0.9930288461538461,0.9913333333333334,0.9919576284351338,1.0
chronic_kidney_disease,Kidney Disease,Logistic Regression,Logistic Regression,156304,0.9875,0.986,0.9881009615384615,0.9875,0.9874738438200641,0.9879807692307694,0.986,0.9866197869581648,1.0
chronic_kidney_disease,Kidney Disease,Logistic Regression,Logistic Regression,266458,0.9925,0.9913333333333334,0.9928485576923076,0.9925,0.992477625087855,0.9930288461538461,0.9913333333333334,0.9919576284351338,1.0
chronic_kidney_disease,Kidney Disease,Logistic Regression,Logistic Regression,273103,0.99,0.9880000000000001,0.9904447115384615,0.99,0.9899590314435006,0.9911057692307693,0.9880000000000001,0.9892530983472365,1.0
chronic_kidney_disease,Kidney Disease,Logistic Regression,Logistic Regression,370882,0.9925,0.9913333333333334,0.9928485576923076,0.9925,0.992477625087855,0.9930288461538461,0.9913333333333334,0.9919576284351338,0.9997333333333334
chronic_kidney_disease,Kidney Disease,Logistic Regression,Logistic Regression,503966,0.9925,0.9913333333333334,0.9930266203703704,0.9925,0.992432394794146,0.9931712962962964,0.9913333333333334,0.9918721831164227,0.9991999999999999
chronic_kidney_disease,Kidney Disease,Logistic Regression,Logistic Regression,519965,0.99,0.9880000000000001,0.9904447115384615,0.99,0.9899590314435006,0.9911057692307693,0.9880000000000001,0.9892530983472365,1.0
chronic_kidney_disease,Kidney Disease,Logistic Regression,Logistic Regression,535886,0.99,0.9879999999999999,0.9906227742165242,0.99,0.9899138011497917,0.9912482193732194,0.9879999999999999,0.9891676530285256,1.0
chronic_kidney_disease,Kidney Disease,Logistic Regression,Logistic Regression,627018,0.985,0.9826666666666666,0.9864879605688429,0.985,0.9848290871732557,0.9868374272786038,0.9826666666666666,0.9837013923439686,1.0
chronic_kidney_disease,Kidney Disease,Logistic Regression,Logistic Regression,648362,0.9925,0.9913333333333334,0.9928485576923076,0.9925,0.992477625087855,0.9930288461538461,0.9913333333333334,0.9919576284351338,1.0
chronic_kidney_disease,Kidney Disease,Logistic Regression,Logistic Regression,663649,0.9875,0.986,0.9878485576923077,0.9875,0.9874776250878549,0.9876955128205129,0.986,0.9866242951018005,0.9994666666666667
chronic_kidney_disease,Kidney Disease,Logistic Regression,Logistic Regression,934243,0.9875,0.986,0.9875961538461538,0.9875,0.9874814063556456,0.9874102564102565,0.986,0.986628803245436,0.9992000000000001
chronic_kidney_disease,Kidney Disease,NBEM,NBEM-prop (implementation-level NBEM comparator),13,0.9275,0.942,0.9412877321981424,0.9275,0.9284911529095778,0.9217169762641898,0.942,0.9255142498616085,0.9978666666666667
chronic_kidney_disease,Kidney Disease,NBEM,NBEM-prop (implementation-level NBEM comparator),21,0.925,0.9400000000000001,0.94109423374613,0.925,0.9260808948988665,0.9214589783281733,0.9400000000000001,0.923292880733406,0.9986666666666666
chronic_kidney_disease,Kidney Disease,NBEM,NBEM-prop (implementation-level NBEM comparator),42,0.9225,0.938,0.9383793813578063,0.9225,0.9235366798686198,0.9178391751437417,0.938,0.9205616335849655,0.9984
chronic_kidney_disease,Kidney Disease,NBEM,NBEM-prop (implementation-level NBEM comparator),87,0.9275,0.942,0.9412352111897391,0.9275,0.9284726116842548,0.9216469482529854,0.942,0.9254940056259386,0.9991999999999999
chronic_kidney_disease,Kidney Disease,NBEM,NBEM-prop (implementation-level NBEM comparator),123,0.925,0.9400000000000001,0.9378869969040249,0.925,0.9260203563701992,0.9171826625386998,0.9400000000000001,0.9227013118341272,0.9989333333333332
chronic_kidney_disease,Kidney Disease,NBEM,NBEM-prop (implementation-level NBEM comparator),41762,0.9275,0.942,0.9412054953560371,0.9275,0.9285181155322416,0.9216073271413829,0.942,0.9255121624028749,0.9978666666666667
chronic_kidney_disease,Kidney Disease,NBEM,NBEM-prop (implementation-level NBEM comparator),43529,0.9275,0.942,0.9432539403321136,0.9275,0.9285010475424421,0.9243385871094849,0.942,0.9258552895442878,0.9981333333333333
chronic_kidney_disease,Kidney Disease,NBEM,NBEM-prop (implementation-level NBEM comparator),65932,0.925,0.9400000000000001,0.9396727111897392,0.925,0.9260445343199091,0.919563614919652,0.9400000000000001,0.9230236844969255,0.9975999999999999
chronic_kidney_disease,Kidney Disease,NBEM,NBEM-prop (implementation-level NBEM comparator),69887,0.93,0.944,0.9423809984520124,0.93,0.9309413104142022,0.9231746646026832,0.944,0.9279117326261941,0.9989333333333332
chronic_kidney_disease,Kidney Disease,NBEM,NBEM-prop (implementation-level NBEM comparator),156304,0.925,0.9400000000000001,0.93843846749226,0.925,0.9260182935689343,0.9179179566563468,0.9400000000000001,0.9227970641905181,0.9986666666666666
chronic_kidney_disease,Kidney Disease,NBEM,NBEM-prop (implementation-level NBEM comparator),266458,0.9275,0.942,0.941593183325962,0.9275,0.9284681076417973,0.922124244434616,0.942,0.9255543825294824,0.9997333333333334
chronic_kidney_disease,Kidney Disease,NBEM,NBEM-prop (implementation-level NBEM comparator),273103,0.925,0.9400000000000001,0.9403756508584294,0.925,0.9259718217152788,0.9205008678112394,0.9400000000000001,0.9231069033378171,0.9989333333333332
chronic_kidney_disease,Kidney Disease,NBEM,NBEM-prop (implementation-level NBEM comparator),370882,0.9275,0.942,0.94156346749226,0.9275,0.9285136114897842,0.9220846233230133,0.942,0.9255725393064186,0.9984
chronic_kidney_disease,Kidney Disease,NBEM,NBEM-prop (implementation-level NBEM comparator),503966,0.9275,0.942,0.9446425116099071,0.9275,0.9283050848981171,0.9261900154798761,0.942,0.9259730942052998,0.9981333333333333
chronic_kidney_disease,Kidney Disease,NBEM,NBEM-prop (implementation-level NBEM comparator),519965,0.9275,0.942,0.94031298374613,0.9275,0.928478581370972,0.9204173116615066,0.942,0.9253367106819326,0.9994666666666667
chronic_kidney_disease,Kidney Disease,NBEM,NBEM-prop (implementation-level NBEM comparator),535886,0.925,0.9400000000000001,0.9407989287222065,0.925,0.9259864560551495,0.9210652382962754,0.9400000000000001,0.9231886901611024,0.9992000000000001
chronic_kidney_disease,Kidney Disease,NBEM,NBEM-prop (implementation-level NBEM comparator),627018,0.925,0.9400000000000001,0.9391671964838567,0.925,0.9260098826410245,0.918889595311809,0.9400000000000001,0.9229189836816772,0.9997333333333334
chronic_kidney_disease,Kidney Disease,NBEM,NBEM-prop (implementation-level NBEM comparator),648362,0.925,0.9399999999999998,0.9383102747678018,0.925,0.92603499071007,0.9177470330237358,0.9399999999999998,0.9227830986574126,0.9986666666666666
chronic_kidney_disease,Kidney Disease,NBEM,NBEM-prop (implementation-level NBEM comparator),663649,0.925,0.9400000000000001,0.9406184348739496,0.925,0.9260477193336726,0.9208245798319329,0.9400000000000001,0.9231908496744511,0.9984
chronic_kidney_disease,Kidney Disease,NBEM,NBEM-prop (implementation-level NBEM comparator),934243,0.9324999999999999,0.946,0.9449182469040247,0.9324999999999999,0.9334289392788312,0.9265576625386996,0.946,0.9305804194681129,0.9981333333333333
cirrhosis_patient_survival_prediction_dataset_1,Cirrhosis Survival,Hybrid NBEM,Hybrid NBEM,13,0.7655632984901277,0.5324737141233304,0.7231558807707773,0.7655632984901277,0.7383304212075184,0.512009433445877,0.5324737141233304,0.5179188968094272,0.8580124418561518
cirrhosis_patient_survival_prediction_dataset_1,Cirrhosis Survival,Hybrid NBEM,Hybrid NBEM,21,0.7538327526132405,0.5311683006535948,0.7181114626146018,0.7538327526132405,0.7294996154796012,0.5368269256996933,0.5311683006535948,0.5247378169884224,0.8423559658736167
cirrhosis_patient_survival_prediction_dataset_1,Cirrhosis Survival,Hybrid NBEM,Hybrid NBEM,42,0.7558652729384436,0.5228331912475135,0.717646962021786,0.7558652729384436,0.727925338472651,0.5077826161894108,0.5228331912475135,0.5088372007862073,0.8432076625532978
cirrhosis_patient_survival_prediction_dataset_1,Cirrhosis Survival,Hybrid NBEM,Hybrid NBEM,87,0.7559814169570267,0.5260638675760159,0.7116097931181368,0.7559814169570267,0.7307155361430225,0.5033918516124398,0.5260638675760159,0.5126549624059971,0.8579307276425376
cirrhosis_patient_survival_prediction_dataset_1,Cirrhosis Survival,Hybrid NBEM,Hybrid NBEM,123,0.7513937282229965,0.529450838306337,0.7226668342851047,0.7513937282229965,0.7271566871454069,0.5390837135663331,0.529450838306337,0.5222804396305797,0.8554487472067704
cirrhosis_patient_survival_prediction_dataset_1,Cirrhosis Survival,Hybrid NBEM,Hybrid NBEM,41762,0.7723577235772358,0.5374555981813015,0.7302295225000569,0.7723577235772358,0.745389660310914,0.5171683429410412,0.5374555981813015,0.523092856246923,0.8527055652472854
cirrhosis_patient_survival_prediction_dataset_1,Cirrhosis Survival,Hybrid NBEM,Hybrid NBEM,43529,0.7707897793263647,0.5500390736004547,0.7302439449394733,0.7707897793263647,0.7464671091148757,0.5466302705831838,0.5500390736004547,0.5431110027613324,0.8525702458407849
cirrhosis_patient_survival_prediction_dataset_1,Cirrhosis Survival,Hybrid NBEM,Hybrid NBEM,65932,0.7657375145180023,0.5411942313157148,0.7318524530539552,0.7657375145180023,0.7417938454375492,0.5467635250153813,0.5411942313157148,0.5342986174221249,0.8554675630079995
cirrhosis_patient_survival_prediction_dataset_1,Cirrhosis Survival,Hybrid NBEM,Hybrid NBEM,69887,0.767828106852497,0.5516108979823814,0.7316611373646079,0.767828106852497,0.743862964276713,0.5467707594223821,0.5516108979823814,0.544038195948754,0.8602603573505372
cirrhosis_patient_survival_prediction_dataset_1,Cirrhosis Survival,Hybrid NBEM,Hybrid NBEM,156304,0.760801393728223,0.5265487354362035,0.71909984730487,0.760801393728223,0.7337078361165904,0.5091288148067219,0.5265487354362035,0.5133828213531817,0.8542716389420498
cirrhosis_patient_survival_prediction_dataset_1,Cirrhosis Survival,Hybrid NBEM,Hybrid NBEM,266458,0.7631823461091753,0.5302642796248934,0.721665482548559,0.7631823461091753,0.7368123412345995,0.5109604078434884,0.5302642796248934,0.5166477493393721,0.8403952896103088
cirrhosis_patient_survival_prediction_dataset_1,Cirrhosis Survival,Hybrid NBEM,Hybrid NBEM,273103,0.7752032520325203,0.553303495311168,0.7388447616340198,0.7752032520325203,0.7503551227828175,0.552766163593495,0.553303495311168,0.5457983944649804,0.8571628497969963
cirrhosis_patient_survival_prediction_dataset_1,Cirrhosis Survival,Hybrid NBEM,Hybrid NBEM,370882,0.7583623693379791,0.5268186984938903,0.722125707051671,0.7583623693379791,0.7326143207371115,0.5109121566722747,0.5268186984938903,0.5131389654109452,0.8497316250288008
cirrhosis_patient_survival_prediction_dataset_1,Cirrhosis Survival,Hybrid NBEM,Hybrid NBEM,503966,0.770383275261324,0.5343101733447002,0.7266668211084502,0.770383275261324,0.7434439220139553,0.515122634596669,0.5343101733447002,0.5211661110559442,0.8496425730523933
cirrhosis_patient_survival_prediction_dataset_1,Cirrhosis Survival,Hybrid NBEM,Hybrid NBEM,519965,0.7584785133565621,0.5268790849673203,0.7191857265528928,0.7584785133565621,0.7324578105293698,0.5094445709933806,0.5268790849673203,0.5135231028970997,0.8472723086118465
cirrhosis_patient_survival_prediction_dataset_1,Cirrhosis Survival,Hybrid NBEM,Hybrid NBEM,535886,0.7536004645760743,0.5218741119636261,0.7165996799095591,0.7536004645760743,0.7264647449322263,0.5069502863037346,0.5218741119636261,0.50811048060483,0.854275340999988
cirrhosis_patient_survival_prediction_dataset_1,Cirrhosis Survival,Hybrid NBEM,Hybrid NBEM,627018,0.7560394889663182,0.5242842426825802,0.7114957901509955,0.7560394889663182,0.7299065827116714,0.503399905900075,0.5242842426825802,0.5112175071960845,0.8493749367164002
cirrhosis_patient_survival_prediction_dataset_1,Cirrhosis Survival,Hybrid NBEM,Hybrid NBEM,648362,0.7751451800232287,0.5567401960784314,0.7374306226398969,0.7751451800232287,0.7519746551923581,0.5515304776359973,0.5567401960784314,0.5485588215653916,0.8593515826516469
cirrhosis_patient_survival_prediction_dataset_1,Cirrhosis Survival,Hybrid NBEM,Hybrid NBEM,663649,0.7367595818815331,0.5092533390167662,0.693806494357871,0.7367595818815331,0.7106153298245698,0.4901716324706521,0.5092533390167662,0.49648184732516576,0.841948033649895
cirrhosis_patient_survival_prediction_dataset_1,Cirrhosis Survival,Hybrid NBEM,Hybrid NBEM,934243,0.7510452961672474,0.5203022875816994,0.7062304114345198,0.7510452961672474,0.7246065447769277,0.4987977859480564,0.5203022875816994,0.506820924531258,0.8402995494259937
cirrhosis_patient_survival_prediction_dataset_1,Cirrhosis Survival,Logistic Regression,Logistic Regression,13,0.7537166085946574,0.5343172776356919,0.728140298618374,0.7537166085946574,0.7315359867772997,0.5430070634147168,0.5343172776356919,0.526988279508266,0.8483452796312232
cirrhosis_patient_survival_prediction_dataset_1,Cirrhosis Survival,Logistic Regression,Logistic Regression,21,0.7493031358885017,0.5400166950838307,0.7258094093675368,0.7493031358885017,0.7321601708027923,0.5566438823431062,0.5400166950838307,0.5393072614625561,0.8354119992236166
cirrhosis_patient_survival_prediction_dataset_1,Cirrhosis Survival,Logistic Regression,Logistic Regression,42,0.7558652729384436,0.559642298948565,0.7300758127335082,0.7558652729384436,0.737389016882924,0.560219646254129,0.559642298948565,0.5548415099991286,0.8284544546168423
cirrhosis_patient_survival_prediction_dataset_1,Cirrhosis Survival,Logistic Regression,Logistic Regression,87,0.7487224157955865,0.5284526854219949,0.7246397984159938,0.7487224157955865,0.7304229528836385,0.5421570753922519,0.5284526854219949,0.526112893330797,0.8438249921760834
cirrhosis_patient_survival_prediction_dataset_1,Cirrhosis Survival,Logistic Regression,Logistic Regression,123,0.7560394889663182,0.5590704035237283,0.7362692786441631,0.7560394889663182,0.7382955413037072,0.5525080538581683,0.5590704035237283,0.5488282929308941,0.8445486382466486
cirrhosis_patient_survival_prediction_dataset_1,Cirrhosis Survival,Logistic Regression,Logistic Regression,41762,0.7605691056910568,0.5461157289002558,0.732012179866855,0.7605691056910568,0.74068188440529,0.5481377578047625,0.5461157289002558,0.5421378386090424,0.8274262332660921
cirrhosis_patient_survival_prediction_dataset_1,Cirrhosis Survival,Logistic Regression,Logistic Regression,43529,0.7513937282229965,0.5405868144359193,0.7293481550743688,0.7513937282229965,0.7339906733051906,0.5590877985666872,0.5405868144359193,0.5399812673968551,0.8369051865383701
cirrhosis_patient_survival_prediction_dataset_1,Cirrhosis Survival,Logistic Regression,Logistic Regression,65932,0.7514518002322881,0.5313512361466326,0.7266366201751138,0.7514518002322881,0.7339931295063507,0.5301844498751193,0.5313512361466326,0.5266350791939687,0.8372236757204664
cirrhosis_patient_survival_prediction_dataset_1,Cirrhosis Survival,Logistic Regression,Logistic Regression,69887,0.748780487804878,0.5301097612958227,0.7236338876890007,0.748780487804878,0.7288770605938806,0.5265711063408832,0.5301097612958227,0.52229546005571,0.8391516199295405
cirrhosis_patient_survival_prediction_dataset_1,Cirrhosis Survival,Logistic Regression,Logistic Regression,156304,0.7562717770034844,0.534374111963626,0.7293247830082563,0.7562717770034844,0.7381063159508194,0.5308491839299597,0.534374111963626,0.5287443579382064,0.8385695103403703
cirrhosis_patient_survival_prediction_dataset_1,Cirrhosis Survival,Logistic Regression,Logistic Regression,266458,0.7532520325203251,0.556985294117647,0.7375125738825666,0.7532520325203251,0.7388363893858692,0.5905694105352217,0.556985294117647,0.5592247331623023,0.8347293320595632
cirrhosis_patient_survival_prediction_dataset_1,Cirrhosis Survival,Logistic Regression,Logistic Regression,273103,0.7513937282229965,0.5466077010514351,0.7266816172654027,0.7513937282229965,0.7314478663475522,0.5357736310729647,0.5466077010514351,0.5340804597654667,0.8392827900478735
cirrhosis_patient_survival_prediction_dataset_1,Cirrhosis Survival,Logistic Regression,Logistic Regression,370882,0.7488966318234611,0.544426683716965,0.7258673793156114,0.7488966318234611,0.7287055920908792,0.5587258915820769,0.544426683716965,0.542142329117702,0.8352407999099271
cirrhosis_patient_survival_prediction_dataset_1,Cirrhosis Survival,Logistic Regression,Logistic Regression,503966,0.7607433217189314,0.548140451832907,0.7353268236479338,0.7607433217189314,0.7425485356761878,0.5488461566534533,0.548140451832907,0.5435676071423354,0.8372505350043861
cirrhosis_patient_survival_prediction_dataset_1,Cirrhosis Survival,Logistic Regression,Logistic Regression,519965,0.7584785133565621,0.5422794117647058,0.736579290721427,0.7584785133565621,0.740664537219562,0.5519182938767264,0.5422794117647058,0.5394675986141999,0.8357445697577276
cirrhosis_patient_survival_prediction_dataset_1,Cirrhosis Survival,Logistic Regression,Logistic Regression,535886,0.7535423925667828,0.542098252344416,0.7365744619409764,0.7535423925667828,0.7371802293279628,0.5512273068878883,0.542098252344416,0.5397971917765282,0.8375893151682625
cirrhosis_patient_survival_prediction_dataset_1,Cirrhosis Survival,Logistic Regression,Logistic Regression,627018,0.751335656213705,0.5526374680306906,0.7214688188804812,0.751335656213705,0.7321879501874088,0.5564221591770611,0.5526374680306906,0.5490603345405866,0.836331309303068
cirrhosis_patient_survival_prediction_dataset_1,Cirrhosis Survival,Logistic Regression,Logistic Regression,648362,0.7465156794425087,0.5289641943734015,0.7229696766341077,0.7465156794425087,0.7285863378522953,0.5268230561284221,0.5289641943734015,0.5229144080264774,0.8335416607236248
cirrhosis_patient_survival_prediction_dataset_1,Cirrhosis Survival,Logistic Regression,Logistic Regression,663649,0.7585365853658537,0.559642298948565,0.7300554776147334,0.7585365853658537,0.7407138849372037,0.5316010458405689,0.559642298948565,0.5405463351839346,0.8390029933338663
cirrhosis_patient_survival_prediction_dataset_1,Cirrhosis Survival,Logistic Regression,Logistic Regression,934243,0.7581881533101045,0.5754901960784313,0.7402701547832511,0.7581881533101045,0.7443262478442366,0.5900712761057589,0.5754901960784313,0.5743699953913624,0.8436042887602578
cirrhosis_patient_survival_prediction_dataset_1,Cirrhosis Survival,NBEM,NBEM-prop (implementation-level NBEM comparator),13,0.7056910569105691,0.4987531969309463,0.6988940530701798,0.7056910569105691,0.6861296708611224,0.5375090321864515,0.4987531969309463,0.5012325483222371,0.8161503434816979
cirrhosis_patient_survival_prediction_dataset_1,Cirrhosis Survival,NBEM,NBEM-prop (implementation-level NBEM comparator),21,0.7036585365853659,0.49542128445581135,0.690508362097353,0.7036585365853659,0.681830600099371,0.5093325764119702,0.49542128445581135,0.49068960814058854,0.8160385050336911
cirrhosis_patient_survival_prediction_dataset_1,Cirrhosis Survival,NBEM,NBEM-prop (implementation-level NBEM comparator),42,0.7102787456445994,0.5072907786302927,0.7052108909498426,0.7102787456445994,0.6883715766621187,0.5410364469192408,0.5072907786302927,0.5066467637410514,0.8125977771455949
cirrhosis_patient_survival_prediction_dataset_1,Cirrhosis Survival,NBEM,NBEM-prop (implementation-level NBEM comparator),87,0.6984901277584205,0.4825944870701904,0.6941403910299482,0.6984901277584205,0.6774755297324828,0.5235381028236515,0.4825944870701904,0.4840969762399608,0.8212493201421314
cirrhosis_patient_survival_prediction_dataset_1,Cirrhosis Survival,NBEM,NBEM-prop (implementation-level NBEM comparator),123,0.7035423925667829,0.4861892583120205,0.6932221666660242,0.7035423925667829,0.6808608444610736,0.4998917331175396,0.4861892583120205,0.4792343058934779,0.8141877773963782
cirrhosis_patient_survival_prediction_dataset_1,Cirrhosis Survival,NBEM,NBEM-prop (implementation-level NBEM comparator),41762,0.7054006968641116,0.4887237141233305,0.6983662875169878,0.7054006968641116,0.6842983672157956,0.5048528274002875,0.4887237141233305,0.48247775764031076,0.8119430606953072
cirrhosis_patient_survival_prediction_dataset_1,Cirrhosis Survival,NBEM,NBEM-prop (implementation-level NBEM comparator),43529,0.7036585365853659,0.493218954248366,0.6986126914047525,0.7036585365853659,0.684546892279424,0.5287194805488553,0.493218954248366,0.4957707106861428,0.8209582798459565
cirrhosis_patient_survival_prediction_dataset_1,Cirrhosis Survival,NBEM,NBEM-prop (implementation-level NBEM comparator),65932,0.7035423925667829,0.4857630008525149,0.6925303872440701,0.7035423925667829,0.6812087012755637,0.5088257383318889,0.4857630008525149,0.48404832195627867,0.8184287527240031
cirrhosis_patient_survival_prediction_dataset_1,Cirrhosis Survival,NBEM,NBEM-prop (implementation-level NBEM comparator),69887,0.7128339140534263,0.5122105001420858,0.7098354602753256,0.7128339140534263,0.6928102938445978,0.5319519978744116,0.5122105001420858,0.5074258794221792,0.8123667938347013
cirrhosis_patient_survival_prediction_dataset_1,Cirrhosis Survival,NBEM,NBEM-prop (implementation-level NBEM comparator),156304,0.7034843205574913,0.48700802784882063,0.6931093101995114,0.7034843205574913,0.678396621176899,0.5084473204334978,0.48700802784882063,0.48174743372935386,0.8200996733024974
cirrhosis_patient_survival_prediction_dataset_1,Cirrhosis Survival,NBEM,NBEM-prop (implementation-level NBEM comparator),266458,0.7151567944250872,0.4959700909349247,0.7071849329628885,0.7151567944250872,0.6922534666812841,0.5208370443949192,0.4959700909349247,0.49332811303243435,0.8145496919936906
cirrhosis_patient_survival_prediction_dataset_1,Cirrhosis Survival,NBEM,NBEM-prop (implementation-level NBEM comparator),273103,0.7105691056910569,0.5070829781187838,0.7064883662086384,0.7105691056910569,0.6904254412638459,0.5279882708068983,0.5070829781187838,0.5027986361316861,0.820295506981964
cirrhosis_patient_survival_prediction_dataset_1,Cirrhosis Survival,NBEM,NBEM-prop (implementation-level NBEM comparator),370882,0.7009291521486644,0.47504084967320265,0.6874990826617658,0.7009291521486644,0.6762673992017134,0.491583153565217,0.47504084967320265,0.4696250313406938,0.8181202038345813
cirrhosis_patient_survival_prediction_dataset_1,Cirrhosis Survival,NBEM,NBEM-prop (implementation-level NBEM comparator),503966,0.6959349593495935,0.47136082693947146,0.6856943073511691,0.6959349593495935,0.6729465084981319,0.49017503851303657,0.47136082693947146,0.46710069051911296,0.8186306170888968
cirrhosis_patient_survival_prediction_dataset_1,Cirrhosis Survival,NBEM,NBEM-prop (implementation-level NBEM comparator),519965,0.7057491289198606,0.5024882779198636,0.7036993822600786,0.7057491289198606,0.6835335535517781,0.546602833294296,0.5024882779198636,0.5034979811848214,0.818295803611593
cirrhosis_patient_survival_prediction_dataset_1,Cirrhosis Survival,NBEM,NBEM-prop (implementation-level NBEM comparator),535886,0.7056910569105691,0.4939720090934925,0.6905876965081637,0.7056910569105691,0.6820064229660341,0.5084734571859155,0.4939720090934925,0.4889055751193296,0.8122028731146189
cirrhosis_patient_survival_prediction_dataset_1,Cirrhosis Survival,NBEM,NBEM-prop (implementation-level NBEM comparator),627018,0.6963414634146341,0.47193272236430805,0.6845096956587656,0.6963414634146341,0.6741977735888154,0.4888282564672998,0.47193272236430805,0.46801552445656147,0.8127927707009863
cirrhosis_patient_survival_prediction_dataset_1,Cirrhosis Survival,NBEM,NBEM-prop (implementation-level NBEM comparator),648362,0.7106271777003484,0.516743037794828,0.7106618688173817,0.7106271777003484,0.6905317538765885,0.5660304403982565,0.516743037794828,0.5225193253336581,0.8158993475976788
cirrhosis_patient_survival_prediction_dataset_1,Cirrhosis Survival,NBEM,NBEM-prop (implementation-level NBEM comparator),663649,0.7129500580720093,0.5190963341858483,0.7079791220641116,0.7129500580720093,0.69366516872571,0.5637083818350039,0.5190963341858483,0.5234321208669815,0.815478532557159
cirrhosis_patient_survival_prediction_dataset_1,Cirrhosis Survival,NBEM,NBEM-prop (implementation-level NBEM comparator),934243,0.708130081300813,0.5046337737993748,0.6937911478139986,0.708130081300813,0.6849465644656996,0.5346624424426147,0.5046337737993748,0.5051211682835294,0.8240456340716289
credit_approval,Credit Approval,Hybrid NBEM,Hybrid NBEM,13,0.863768115942029,0.8608889469330896,0.8646434616155855,0.863768115942029,0.8633437355452868,0.8637975472413151,0.8608889469330896,0.8614544325801624,0.9266160231015919
credit_approval,Credit Approval,Hybrid NBEM,Hybrid NBEM,21,0.8579710144927537,0.8548831134909234,0.8622396337984609,0.8579710144927537,0.8574627154571225,0.8618112252643618,0.8548831134909234,0.8556300676984563,0.9258724768911527
credit_approval,Credit Approval,Hybrid NBEM,Hybrid NBEM,42,0.863768115942029,0.8613756475556136,0.8670082505676634,0.863768115942029,0.8633191946503409,0.8660191650540046,0.8613756475556136,0.8615623897532962,0.9250827855411897
credit_approval,Credit Approval,Hybrid NBEM,Hybrid NBEM,87,0.8608695652173914,0.85896652300727,0.8641495607012848,0.8608695652173914,0.860568248877539,0.8627054435144931,0.85896652300727,0.8588412853361882,0.9277702320316921
credit_approval,Credit Approval,Hybrid NBEM,Hybrid NBEM,123,0.8565217391304347,0.854634539201602,0.86261135539794,0.8565217391304347,0.8552986183776674,0.860484113451724,0.854634539201602,0.853191432375912,0.9265212659440163
credit_approval,Credit Approval,Hybrid NBEM,Hybrid NBEM,41762,0.863768115942029,0.8614768621305124,0.8664116260309525,0.863768115942029,0.8635864227417421,0.8654236982081722,0.8614768621305124,0.8618941992642529,0.9268503765617517
credit_approval,Credit Approval,Hybrid NBEM,Hybrid NBEM,43529,0.8753623188405797,0.875143877062383,0.8814854974648876,0.8753623188405797,0.875120071064595,0.8790848736826883,0.875143877062383,0.8737606350229152,0.927530219261968
credit_approval,Credit Approval,Hybrid NBEM,Hybrid NBEM,65932,0.8536231884057971,0.8509757955683253,0.8602801326757437,0.8536231884057971,0.8526728679668544,0.8591150239901777,0.8509757955683253,0.8506962713369456,0.9233180967306603
credit_approval,Credit Approval,Hybrid NBEM,Hybrid NBEM,69887,0.8623188405797102,0.8586280527621785,0.8632363385608409,0.8623188405797102,0.8618940190971086,0.8630482383763807,0.8586280527621785,0.8599264443229385,0.9243240027280774
credit_approval,Credit Approval,Hybrid NBEM,Hybrid NBEM,156304,0.8623188405797102,0.8591293369901181,0.8664123071574006,0.8623188405797102,0.861421055053451,0.8656786694264316,0.8591293369901181,0.8593412399273994,0.9258108049279526
credit_approval,Credit Approval,Hybrid NBEM,Hybrid NBEM,266458,0.8492753623188406,0.8476709764485655,0.8508189075095629,0.8492753623188406,0.8491282650875203,0.8487633092357696,0.8476709764485655,0.8472724863600536,0.9230640082422765
credit_approval,Credit Approval,Hybrid NBEM,Hybrid NBEM,273103,0.8666666666666666,0.8655073788690087,0.8694636317901787,0.8666666666666666,0.8664587401970121,0.8675150716817683,0.8655073788690087,0.8648674332530357,0.9202976216388781
credit_approval,Credit Approval,Hybrid NBEM,Hybrid NBEM,370882,0.8478260869565217,0.8456734578381437,0.8500796561205327,0.8478260869565217,0.8476478871346356,0.8486489656324505,0.8456734578381437,0.8458201011296012,0.92755155050571
credit_approval,Credit Approval,Hybrid NBEM,Hybrid NBEM,503966,0.872463768115942,0.8702292020373514,0.8742581717836476,0.872463768115942,0.8722885827007637,0.8732830926506875,0.8702292020373514,0.870651389532223,0.9264352154165397
credit_approval,Credit Approval,Hybrid NBEM,Hybrid NBEM,519965,0.8623188405797102,0.8611116189978668,0.8667435727057994,0.8623188405797102,0.8618547964535495,0.8647945986074406,0.8611116189978668,0.8602048373083985,0.9230635729107716
credit_approval,Credit Approval,Hybrid NBEM,Hybrid NBEM,535886,0.8608695652173912,0.8581372164903573,0.8617391575380828,0.8608695652173912,0.8606056775760882,0.8606258364482382,0.8581372164903573,0.8586600832915755,0.9269236573650834
credit_approval,Credit Approval,Hybrid NBEM,Hybrid NBEM,627018,0.8507246376811594,0.8474136955291455,0.8521835795619026,0.8507246376811594,0.850225368224544,0.8513830532661343,0.8474136955291455,0.848128676898534,0.9187102578613615
credit_approval,Credit Approval,Hybrid NBEM,Hybrid NBEM,648362,0.8565217391304347,0.8536702799181576,0.8602174023036799,0.8565217391304347,0.8558491567437947,0.8591865265156459,0.8536702799181576,0.8538357144086184,0.929664504520192
credit_approval,Credit Approval,Hybrid NBEM,Hybrid NBEM,663649,0.8594202898550725,0.8567539506334073,0.8610513204177879,0.8594202898550725,0.8591594420931182,0.8600286512319435,0.8567539506334073,0.8572898312527348,0.9234060336946586
credit_approval,Credit Approval,Hybrid NBEM,Hybrid NBEM,934243,0.8666666666666666,0.8646552174480867,0.8699887955036228,0.8666666666666666,0.866296858056565,0.8687154765274588,0.8646552174480867,0.864619715507051,0.9265096571038847
credit_approval,Credit Approval,Logistic Regression,Logistic Regression,13,0.8594202898550725,0.8610127987462454,0.8630189733126133,0.8594202898550725,0.859596929829409,0.8590004405620355,0.8610127987462454,0.8583715714960929,0.9290801445300596
credit_approval,Credit Approval,Logistic Regression,Logistic Regression,21,0.8565217391304347,0.8577334465195247,0.8614848912198687,0.8565217391304347,0.8566680157951992,0.8577394305506081,0.8577334465195247,0.8553740331824085,0.9245898451670949
credit_approval,Credit Approval,Logistic Regression,Logistic Regression,42,0.8579710144927537,0.8588794567062819,0.8631515206828773,0.8579710144927537,0.85795429282672,0.8599847468178199,0.8588794567062819,0.8567947171975264,0.9339345261416568
credit_approval,Credit Approval,Logistic Regression,Logistic Regression,87,0.8608695652173914,0.8621126637934788,0.8648211916609192,0.8608695652173914,0.8610123970920872,0.8610841218500893,0.8621126637934788,0.8597429214608973,0.928369683513996
credit_approval,Credit Approval,Logistic Regression,Logistic Regression,123,0.863768115942029,0.8650413564929694,0.8710126477874761,0.863768115942029,0.8634880896554911,0.866988179195775,0.8650413564929694,0.8620744468843583,0.9303482652039529
credit_approval,Credit Approval,Logistic Regression,Logistic Regression,41762,0.8579710144927535,0.85839471507553,0.8609796381591183,0.8579710144927535,0.858152474443228,0.8580356072527726,0.85839471507553,0.8568756450439352,0.9296679871722316
credit_approval,Credit Approval,Logistic Regression,Logistic Regression,43529,0.8608695652173914,0.8623305472117018,0.8679596216566379,0.8608695652173914,0.8607293243367626,0.8638892494851032,0.8623305472117018,0.85940628760425,0.9247126086514882
credit_approval,Credit Approval,Logistic Regression,Logistic Regression,65932,0.8623188405797102,0.8633463932784815,0.8683619901959636,0.8623188405797102,0.8619846861200893,0.8646379727636099,0.8633463932784815,0.8605864889089376,0.9307267133922481
credit_approval,Credit Approval,Logistic Regression,Logistic Regression,69887,0.8565217391304347,0.8583466109442341,0.8602551152583121,0.8565217391304347,0.8567660132139208,0.8560097151336665,0.8583466109442341,0.8555366216781545,0.9263741238953462
credit_approval,Credit Approval,Logistic Regression,Logistic Regression,156304,0.863768115942029,0.8646029776674938,0.8672680399736556,0.863768115942029,0.8638227589890694,0.8636494994384813,0.8646029776674938,0.8624078652305434,0.9253061106032243
credit_approval,Credit Approval,Logistic Regression,Logistic Regression,266458,0.8565217391304347,0.8575035914849158,0.8591555332206996,0.8565217391304347,0.8567053427360335,0.8554369616238562,0.8575035914849158,0.8553250664744155,0.9286603398487948
credit_approval,Credit Approval,Logistic Regression,Logistic Regression,273103,0.8565217391304347,0.8580177179922511,0.8612315862430592,0.8565217391304347,0.8566235873469801,0.8572477477650484,0.8580177179922511,0.8553614449994154,0.9263143383686676
credit_approval,Credit Approval,Logistic Regression,Logistic Regression,370882,0.8579710144927535,0.8579426233076488,0.8607619181376236,0.8579710144927535,0.858021518178537,0.8578414965375828,0.8579426233076488,0.8565292934460718,0.9290876902761454
credit_approval,Credit Approval,Logistic Regression,Logistic Regression,503966,0.863768115942029,0.8650276435505638,0.8678230812855781,0.863768115942029,0.8639436269954478,0.8643783227923695,0.8650276435505638,0.8628343534479415,0.9306110603224356
credit_approval,Credit Approval,Logistic Regression,Logistic Regression,519965,0.8623188405797102,0.8634621914587959,0.8657207001450391,0.8623188405797102,0.8623901973974508,0.8619897467129816,0.8634621914587959,0.8610729966266918,0.9246933089547691
credit_approval,Credit Approval,Logistic Regression,Logistic Regression,535886,0.8608695652173912,0.8623433894910975,0.8644293799602633,0.8608695652173912,0.861057511321315,0.8602055761558096,0.8623433894910975,0.8596699785627152,0.9272562506348585
credit_approval,Credit Approval,Logistic Regression,Logistic Regression,627018,0.8608695652173912,0.8622739541160593,0.8644540397138097,0.8608695652173912,0.8609815254909025,0.8604387492040205,0.8622739541160593,0.8596528946900357,0.9228843614412374
credit_approval,Credit Approval,Logistic Regression,Logistic Regression,648362,0.8594202898550725,0.860080536328414,0.8662069360076551,0.8594202898550725,0.8589595025568084,0.8628609632870908,0.860080536328414,0.8575510328958857,0.9302494449523312
credit_approval,Credit Approval,Logistic Regression,Logistic Regression,663649,0.8594202898550725,0.8603184449958643,0.8627706837521416,0.8594202898550725,0.8595485913670139,0.8591575484986238,0.8603184449958643,0.8581698017380633,0.9279225980584215
credit_approval,Credit Approval,Logistic Regression,Logistic Regression,934243,0.8579710144927537,0.8591164947107222,0.863876553204132,0.8579710144927537,0.8577406949550743,0.8602655890868091,0.8591164947107222,0.8565101939638622,0.9300825678754372
credit_approval,Credit Approval,NBEM,NBEM-prop (implementation-level NBEM comparator),13,0.7811594202898551,0.7609862435244439,0.8059853649114842,0.7811594202898551,0.7710637047709316,0.814533954106419,0.7609862435244439,0.7640043390533607,0.9044942173465094
credit_approval,Credit Approval,NBEM,NBEM-prop (implementation-level NBEM comparator),21,0.7768115942028986,0.7567071524966262,0.8033585581381321,0.7768115942028986,0.7652705469899155,0.8114794105219472,0.7567071524966262,0.7579047821919812,0.9030790997344479
credit_approval,Credit Approval,NBEM,NBEM-prop (implementation-level NBEM comparator),42,0.773913043478261,0.7536909581646424,0.7972632127197585,0.773913043478261,0.763129484869451,0.8051731086803511,0.7536909581646424,0.7558067479942858,0.9014486381379421
credit_approval,Credit Approval,NBEM,NBEM-prop (implementation-level NBEM comparator),87,0.7782608695652173,0.7589205955334988,0.8063350623331873,0.7782608695652173,0.7666385627223912,0.8144425829687252,0.7589205955334988,0.7594867089787005,0.9059419848214414
credit_approval,Credit Approval,NBEM,NBEM-prop (implementation-level NBEM comparator),123,0.7782608695652173,0.7578825475599669,0.8072780415169849,0.7782608695652173,0.7661675506819916,0.8160193026191372,0.7578825475599669,0.7586798560406887,0.9044209365431776
credit_approval,Credit Approval,NBEM,NBEM-prop (implementation-level NBEM comparator),41762,0.7811594202898551,0.7610683035131253,0.8046035934617572,0.7811594202898551,0.7707277033152768,0.8127493123581269,0.7610683035131253,0.7634912435834081,0.9020574492476021
credit_approval,Credit Approval,NBEM,NBEM-prop (implementation-level NBEM comparator),43529,0.7710144927536231,0.7507085020242915,0.794834528500487,0.7710144927536231,0.7600251298407661,0.802772375899895,0.7507085020242915,0.7525999189770796,0.9012191458795874
credit_approval,Credit Approval,NBEM,NBEM-prop (implementation-level NBEM comparator),65932,0.7840579710144928,0.7643587566932218,0.8115014201965354,0.7840579710144928,0.7739982587656569,0.8201731829809024,0.7643587566932218,0.7672220523752096,0.9029627211121269
credit_approval,Credit Approval,NBEM,NBEM-prop (implementation-level NBEM comparator),69887,0.7782608695652173,0.7591439205955335,0.8000392691612322,0.7782608695652173,0.7686726709083131,0.8076742024594967,0.7591439205955335,0.7618052630988243,0.8989717469853293
credit_approval,Credit Approval,NBEM,NBEM-prop (implementation-level NBEM comparator),156304,0.7797101449275362,0.7598117191241129,0.8053893383885209,0.7797101449275362,0.7691813277880293,0.8137200174333122,0.7598117191241129,0.7621082987547063,0.8993544033781724
credit_approval,Credit Approval,NBEM,NBEM-prop (implementation-level NBEM comparator),266458,0.7797101449275362,0.7602226720647773,0.8028505609948665,0.7797101449275362,0.770105705622647,0.8110363314472245,0.7602226720647773,0.7633272578888117,0.9030021911685748
credit_approval,Credit Approval,NBEM,NBEM-prop (implementation-level NBEM comparator),273103,0.7840579710144928,0.7642120499760567,0.8165264958402332,0.7840579710144928,0.7719895004474624,0.8254329959406637,0.7642120499760567,0.7647806547775239,0.9049826592950531
credit_approval,Credit Approval,NBEM,NBEM-prop (implementation-level NBEM comparator),370882,0.7739130434782608,0.7536435070306038,0.7976306814579737,0.7739130434782608,0.7633978995026494,0.805881440213352,0.7536435070306038,0.7561947394834004,0.9042703118424681
credit_approval,Credit Approval,NBEM,NBEM-prop (implementation-level NBEM comparator),503966,0.7782608695652173,0.7596898263027295,0.7982629629109435,0.7782608695652173,0.7694307618964153,0.8055149546411698,0.7596898263027295,0.7628398174349911,0.9006857922307837
credit_approval,Credit Approval,NBEM,NBEM-prop (implementation-level NBEM comparator),519965,0.7753623188405797,0.7556210003917984,0.7974093494411101,0.7753623188405797,0.7653505863087966,0.805204760511541,0.7556210003917984,0.758287104218742,0.8991607534137245
credit_approval,Credit Approval,NBEM,NBEM-prop (implementation-level NBEM comparator),535886,0.7782608695652173,0.7588047973531844,0.8022729692259063,0.7782608695652173,0.7677638880844381,0.8102642171435294,0.7588047973531844,0.7608347388160694,0.9005753631390304
credit_approval,Credit Approval,NBEM,NBEM-prop (implementation-level NBEM comparator),627018,0.773913043478261,0.7539743589743589,0.7973556647644919,0.773913043478261,0.7623491540932114,0.8050548187230515,0.7539743589743589,0.7549088423046288,0.8999695267946543
credit_approval,Credit Approval,NBEM,NBEM-prop (implementation-level NBEM comparator),648362,0.7768115942028986,0.756855600539811,0.8046961797707608,0.7768115942028986,0.7654491810716703,0.813303060989068,0.756855600539811,0.7582919956563543,0.9040773148752775
credit_approval,Credit Approval,NBEM,NBEM-prop (implementation-level NBEM comparator),663649,0.772463768115942,0.7521792695137346,0.8005561543054294,0.772463768115942,0.7602007122913544,0.8087074527869238,0.7521792695137346,0.7526210996567085,0.900595243277756
credit_approval,Credit Approval,NBEM,NBEM-prop (implementation-level NBEM comparator),934243,0.7797101449275362,0.7595566148622176,0.8027102991673681,0.7797101449275362,0.769249148378876,0.810681288063153,0.7595566148622176,0.7619530356331043,0.9003742399837475
diabetes_130_us_hospitals_for_years_1999_2008,Diabetes,Hybrid NBEM,Hybrid NBEM,13,0.5806066468118227,0.4105300883207147,0.54799932307922,0.5806066468118227,0.5348342661364075,0.5013223493303476,0.4105300883207147,0.395205089848729,0.6618781538141522
diabetes_130_us_hospitals_for_years_1999_2008,Diabetes,Hybrid NBEM,Hybrid NBEM,21,0.582490235091361,0.41406798194290684,0.5496616155934398,0.582490235091361,0.5385989639089042,0.5011975528141432,0.41406798194290684,0.400315149629389,0.6670316656219641
diabetes_130_us_hospitals_for_years_1999_2008,Diabetes,Hybrid NBEM,Hybrid NBEM,42,0.5800637722603665,0.4094107059598516,0.5476964379572975,0.5800637722603665,0.533084931475848,0.5030227883741079,0.4094107059598516,0.39409227207822256,0.6590116581346541
diabetes_130_us_hospitals_for_years_1999_2008,Diabetes,Hybrid NBEM,Hybrid NBEM,87,0.5810482402188919,0.4113001935932414,0.5493516319707843,0.5810482402188919,0.5353798537451492,0.5052165663283793,0.4113001935932414,0.3965818729954146,0.6616515290063123
diabetes_130_us_hospitals_for_years_1999_2008,Diabetes,Hybrid NBEM,Hybrid NBEM,123,0.5816080577595717,0.41161850531892225,0.5498682423786534,0.5816080577595717,0.5358446404240407,0.5050930659031787,0.41161850531892225,0.3969076185583577,0.6616787774632364
diabetes_130_us_hospitals_for_years_1999_2008,Diabetes,Hybrid NBEM,Hybrid NBEM,41762,0.5821821701628125,0.4130297028281942,0.5483340698747032,0.5821821701628125,0.5378009300300876,0.4980744920044476,0.4130297028281942,0.3986131976292816,0.6662646733049116
diabetes_130_us_hospitals_for_years_1999_2008,Diabetes,Hybrid NBEM,Hybrid NBEM,43529,0.5806881947266411,0.41009976091275846,0.5486582793222946,0.5806881947266411,0.5338604864426764,0.5046715276314723,0.41009976091275846,0.39500425245002047,0.6598408313055834
diabetes_130_us_hospitals_for_years_1999_2008,Diabetes,Hybrid NBEM,Hybrid NBEM,65932,0.5791290507763674,0.4088213277832244,0.5465885200727604,0.5791290507763674,0.5324538244464379,0.5017088006778126,0.4088213277832244,0.3934399189255618,0.6594015542251138
diabetes_130_us_hospitals_for_years_1999_2008,Diabetes,Hybrid NBEM,Hybrid NBEM,69887,0.5825013681365973,0.41241599701110215,0.551064088631233,0.5825013681365973,0.5369085325852291,0.5069759436174903,0.41241599701110215,0.39780700215897025,0.6629835803263997
diabetes_130_us_hospitals_for_years_1999_2008,Diabetes,Hybrid NBEM,Hybrid NBEM,156304,0.5807261396307037,0.4126451962254955,0.5488346263008245,0.5807261396307037,0.5366723436646119,0.5030760582898006,0.4126451962254955,0.3989688479408101,0.665183870810865
diabetes_130_us_hospitals_for_years_1999_2008,Diabetes,Hybrid NBEM,Hybrid NBEM,266458,0.5812923829347297,0.41263176093096154,0.5485321981810178,0.5812923829347297,0.5367821282274291,0.5011172125591645,0.41263176093096154,0.39867653895951316,0.665352712584107
diabetes_130_us_hospitals_for_years_1999_2008,Diabetes,Hybrid NBEM,Hybrid NBEM,273103,0.5802316924540064,0.4102065760295358,0.5460058778746936,0.5802316924540064,0.5340303148596317,0.4966687483724927,0.4102065760295358,0.39537940273911454,0.6607069422340816
diabetes_130_us_hospitals_for_years_1999_2008,Diabetes,Hybrid NBEM,Hybrid NBEM,370882,0.5806177224238438,0.4109690548462588,0.5488304856185421,0.5806177224238438,0.5349539267175164,0.5043300944795659,0.4109690548462588,0.3962500530324161,0.6623063142807535
diabetes_130_us_hospitals_for_years_1999_2008,Diabetes,Hybrid NBEM,Hybrid NBEM,503966,0.5815612151317262,0.4129575312407089,0.5501460148371538,0.5815612151317262,0.5371258633648738,0.5053086992297965,0.4129575312407089,0.3992470540711361,0.6647825146350207
diabetes_130_us_hospitals_for_years_1999_2008,Diabetes,Hybrid NBEM,Hybrid NBEM,519965,0.5838672132629743,0.4153008863458892,0.5521789863856813,0.5838672132629743,0.5402187481261672,0.5060386076516897,0.4153008863458892,0.401660799856937,0.6687866532648503
diabetes_130_us_hospitals_for_years_1999_2008,Diabetes,Hybrid NBEM,Hybrid NBEM,535886,0.5813697955359477,0.4121113247226823,0.5494863868127239,0.5813697955359477,0.5361946443285744,0.5044383064425932,0.4121113247226823,0.3979010212365767,0.6632842169417436
diabetes_130_us_hospitals_for_years_1999_2008,Diabetes,Hybrid NBEM,Hybrid NBEM,627018,0.5805212884893853,0.41086669670861176,0.5485570098361653,0.5805212884893853,0.5347051335229385,0.5037387893821326,0.41086669670861176,0.3963149756018417,0.6618980858808955
diabetes_130_us_hospitals_for_years_1999_2008,Diabetes,Hybrid NBEM,Hybrid NBEM,648362,0.5835933721806397,0.4156105657815604,0.5501754053620278,0.5835933721806397,0.540394728287431,0.49933017308666494,0.4156105657815604,0.402422588553757,0.6691403644841151
diabetes_130_us_hospitals_for_years_1999_2008,Diabetes,Hybrid NBEM,Hybrid NBEM,663649,0.581557444778726,0.41213810612167345,0.5492309389038186,0.581557444778726,0.5363994382306977,0.5034188091406173,0.41213810612167345,0.39769134812307394,0.6645907317865346
diabetes_130_us_hospitals_for_years_1999_2008,Diabetes,Hybrid NBEM,Hybrid NBEM,934243,0.5825211729218385,0.4140723686436839,0.5526970985434015,0.5825211729218385,0.5384372605036274,0.5106938070176462,0.4140723686436839,0.40046011528868447,0.6649145232220027
diabetes_130_us_hospitals_for_years_1999_2008,Diabetes,Logistic Regression,Logistic Regression,13,0.5762513903278177,0.4022961127747563,0.5392833890812159,0.5762513903278177,0.5250267362818689,0.48767219371155457,0.4022961127747563,0.3838036734695066,0.6555432134182845
diabetes_130_us_hospitals_for_years_1999_2008,Diabetes,Logistic Regression,Logistic Regression,21,0.5764883769366222,0.40249855282551233,0.5392305025151499,0.5764883769366222,0.5251398467759435,0.4868770301449734,0.40249855282551233,0.3841144912323694,0.6558189108958967
diabetes_130_us_hospitals_for_years_1999_2008,Diabetes,Logistic Regression,Logistic Regression,42,0.5765552668037592,0.40301778193194143,0.5411158132692393,0.5765552668037592,0.525555366512797,0.4929939880314347,0.40301778193194143,0.3851300473480037,0.6558433902474412
diabetes_130_us_hospitals_for_years_1999_2008,Diabetes,Logistic Regression,Logistic Regression,87,0.5760397908978498,0.40223159197444164,0.5382899939003163,0.5760397908978498,0.5248734012494587,0.48505446293300364,0.40223159197444164,0.38379683898101946,0.6559307564039287
diabetes_130_us_hospitals_for_years_1999_2008,Diabetes,Logistic Regression,Logistic Regression,123,0.5765296398724142,0.4028765145740163,0.5403299804747367,0.5765296398724142,0.5255786062309707,0.4900423220443339,0.4028765145740163,0.3848267396436476,0.6556405831809438
diabetes_130_us_hospitals_for_years_1999_2008,Diabetes,Logistic Regression,Logistic Regression,41762,0.5755450368413235,0.40169966349412506,0.5374049839019452,0.5755450368413235,0.524276906028959,0.4834116866235359,0.40169966349412506,0.38317993520847027,0.6555313517622368
diabetes_130_us_hospitals_for_years_1999_2008,Diabetes,Logistic Regression,Logistic Regression,43529,0.5760297997192051,0.4021338137831541,0.5382218960292267,0.5760297997192051,0.5248377129312083,0.48510274323256225,0.4021338137831541,0.3836899125164785,0.6558057433606927
diabetes_130_us_hospitals_for_years_1999_2008,Diabetes,Logistic Regression,Logistic Regression,65932,0.5761705303920265,0.4022690124611735,0.5394731137201838,0.5761705303920265,0.5249161464340345,0.4881468423344205,0.4022690124611735,0.38378696770502785,0.6557583566962266
diabetes_130_us_hospitals_for_years_1999_2008,Diabetes,Logistic Regression,Logistic Regression,69887,0.5761665425851685,0.40243838356127404,0.5403726283130943,0.5761665425851685,0.5250221717965583,0.49152413759041397,0.40243838356127404,0.38429562746669277,0.6557550878891134
diabetes_130_us_hospitals_for_years_1999_2008,Diabetes,Logistic Regression,Logistic Regression,156304,0.5759932471853373,0.4023651392784787,0.5394834106286106,0.5759932471853373,0.5249642286612047,0.48879909550991896,0.4023651392784787,0.38415209435342595,0.6557182902436927
diabetes_130_us_hospitals_for_years_1999_2008,Diabetes,Logistic Regression,Logistic Regression,266458,0.5761332649360571,0.4022147891166652,0.5406610166723284,0.5761332649360571,0.524798492836118,0.4927879465887977,0.4022147891166652,0.38379257306617337,0.655556707378784
diabetes_130_us_hospitals_for_years_1999_2008,Diabetes,Logistic Regression,Logistic Regression,273103,0.5763292691927884,0.4027080876244252,0.5400108953196339,0.5763292691927884,0.5253471460663888,0.48955786538425416,0.4027080876244252,0.3845965599375871,0.6558267761182427
diabetes_130_us_hospitals_for_years_1999_2008,Diabetes,Logistic Regression,Logistic Regression,370882,0.5757918380151038,0.4021194639506199,0.5386559660145295,0.5757918380151038,0.524630052877692,0.48716531928763496,0.4021194639506199,0.3838262398299414,0.6554100580133863
diabetes_130_us_hospitals_for_years_1999_2008,Diabetes,Logistic Regression,Logistic Regression,503966,0.5758245101784999,0.4021172764238254,0.5395715257458924,0.5758245101784999,0.5247033629311231,0.4895742305065004,0.4021172764238254,0.3838134381964541,0.6557433114400165
diabetes_130_us_hospitals_for_years_1999_2008,Diabetes,Logistic Regression,Logistic Regression,519965,0.5755688437682331,0.40202706522594756,0.538408548747906,0.5755688437682331,0.5244250772481015,0.4870824688108096,0.40202706522594756,0.3838765524747446,0.6555262217946562
diabetes_130_us_hospitals_for_years_1999_2008,Diabetes,Logistic Regression,Logistic Regression,535886,0.5758035735379918,0.4021815824214034,0.538124429548469,0.5758035735379918,0.5246779078006287,0.48490951803625143,0.4021815824214034,0.38390494596045477,0.6558200948896546
diabetes_130_us_hospitals_for_years_1999_2008,Diabetes,Logistic Regression,Logistic Regression,627018,0.5761830521932824,0.40218118233132216,0.538204497811749,0.5761830521932824,0.5248874409838766,0.4842454645263696,0.40218118233132216,0.38368296040175454,0.6554356932387426
diabetes_130_us_hospitals_for_years_1999_2008,Diabetes,Logistic Regression,Logistic Regression,648362,0.5757141267813978,0.40192787054828133,0.537960593951998,0.5757141267813978,0.5246006870162717,0.48493328517901313,0.40192787054828133,0.3835262851372943,0.6557716833767632
diabetes_130_us_hospitals_for_years_1999_2008,Diabetes,Logistic Regression,Logistic Regression,663649,0.5757240959015106,0.40207047077177094,0.5374755951414791,0.5757240959015106,0.5247148177141007,0.4831595687818705,0.40207047077177094,0.38375890288131287,0.6555484290390459
diabetes_130_us_hospitals_for_years_1999_2008,Diabetes,Logistic Regression,Logistic Regression,934243,0.5763399101459423,0.40289866975508676,0.5400016014683775,0.5763399101459423,0.5254496225956211,0.489284610233117,0.40289866975508676,0.3850091020337535,0.6560866341078686
diabetes_130_us_hospitals_for_years_1999_2008,Diabetes,NBEM,NBEM-prop (implementation-level NBEM comparator),13,0.564730265825715,0.3759164069314064,0.5324571093585856,0.564730265825715,0.4794476891212852,0.49480518722590955,0.3759164069314064,0.33836652784961174,0.644546212716193
diabetes_130_us_hospitals_for_years_1999_2008,Diabetes,NBEM,NBEM-prop (implementation-level NBEM comparator),21,0.5648500201360567,0.37602677183121125,0.5336046806196958,0.5648500201360567,0.4793484358218184,0.49739747931134987,0.37602677183121125,0.33843182783351716,0.6447944382451644
diabetes_130_us_hospitals_for_years_1999_2008,Diabetes,NBEM,NBEM-prop (implementation-level NBEM comparator),42,0.5640104903800771,0.37520973900778964,0.5316419845736563,0.5640104903800771,0.4781958643669483,0.4944571040658355,0.37520973900778964,0.3372634151130373,0.6448121908681658
diabetes_130_us_hospitals_for_years_1999_2008,Diabetes,NBEM,NBEM-prop (implementation-level NBEM comparator),87,0.5648283574925633,0.3761597709010405,0.5351785134150958,0.5648283574925633,0.47942658778954383,0.5024969992895991,0.3761597709010405,0.3387270879616593,0.644833170191194
diabetes_130_us_hospitals_for_years_1999_2008,Diabetes,NBEM,NBEM-prop (implementation-level NBEM comparator),123,0.5646128983636702,0.3757200234063233,0.5327873860821082,0.5646128983636702,0.4791238995841671,0.49602710665975047,0.3757200234063233,0.3379746720871938,0.6446514500375811
diabetes_130_us_hospitals_for_years_1999_2008,Diabetes,NBEM,NBEM-prop (implementation-level NBEM comparator),41762,0.5644283924357791,0.3757171609534177,0.5345229975209416,0.5644283924357791,0.47902909533344323,0.5023507274774011,0.3757171609534177,0.3381471144774618,0.6445793138676496
diabetes_130_us_hospitals_for_years_1999_2008,Diabetes,NBEM,NBEM-prop (implementation-level NBEM comparator),43529,0.5644444942166371,0.375796043458112,0.5337977710754005,0.5644444942166371,0.4791456256770643,0.5003547156161602,0.375796043458112,0.3383051373506484,0.6445988193920563
diabetes_130_us_hospitals_for_years_1999_2008,Diabetes,NBEM,NBEM-prop (implementation-level NBEM comparator),65932,0.5645990990198677,0.3758197944564315,0.5327027568167791,0.5645990990198677,0.4791942068421767,0.495529860688037,0.3758197944564315,0.3381468695421873,0.6446254675266807
diabetes_130_us_hospitals_for_years_1999_2008,Diabetes,NBEM,NBEM-prop (implementation-level NBEM comparator),69887,0.5643176936828697,0.3757777760349895,0.5336061091548855,0.5643176936828697,0.4791752338232695,0.49958402157289694,0.3757777760349895,0.33844073164621985,0.6444619603928816
diabetes_130_us_hospitals_for_years_1999_2008,Diabetes,NBEM,NBEM-prop (implementation-level NBEM comparator),156304,0.564057167498532,0.37556820016853715,0.5322685694549627,0.564057167498532,0.4787585548236707,0.4968592575509271,0.37556820016853715,0.3380698483510991,0.6445113558437312
diabetes_130_us_hospitals_for_years_1999_2008,Diabetes,NBEM,NBEM-prop (implementation-level NBEM comparator),266458,0.5649534952888363,0.3763321658557154,0.5354269220712006,0.5649534952888363,0.4798012434428265,0.5034274533817744,0.3763321658557154,0.339097567997195,0.6446711216615879
diabetes_130_us_hospitals_for_years_1999_2008,Diabetes,NBEM,NBEM-prop (implementation-level NBEM comparator),273103,0.5643816671898374,0.37583671922142586,0.5325377554800268,0.5643816671898374,0.47915016258346566,0.4960365466149069,0.37583671922142586,0.33845562140187047,0.6447695063403583
diabetes_130_us_hospitals_for_years_1999_2008,Diabetes,NBEM,NBEM-prop (implementation-level NBEM comparator),370882,0.564659627805546,0.37606964083993133,0.5344309412747432,0.564659627805546,0.47956729427290884,0.5013240491153741,0.37606964083993133,0.33876431338445634,0.6443944270275059
diabetes_130_us_hospitals_for_years_1999_2008,Diabetes,NBEM,NBEM-prop (implementation-level NBEM comparator),503966,0.5641340462707414,0.3755428213151718,0.5327409436932127,0.5641340462707414,0.47881279558003503,0.49811158359418783,0.3755428213151718,0.3380404575758296,0.6445027626270077
diabetes_130_us_hospitals_for_years_1999_2008,Diabetes,NBEM,NBEM-prop (implementation-level NBEM comparator),519965,0.5646282999677773,0.37602810621632643,0.5342675820283403,0.5646282999677773,0.4793221355441166,0.5016343392056934,0.37602810621632643,0.33865259648577595,0.6446329795918819
diabetes_130_us_hospitals_for_years_1999_2008,Diabetes,NBEM,NBEM-prop (implementation-level NBEM comparator),535886,0.564503432220934,0.3756201790045109,0.531483287310795,0.564503432220934,0.47896836384861724,0.49304235545047137,0.3756201790045109,0.33771786751770083,0.644709452539069
diabetes_130_us_hospitals_for_years_1999_2008,Diabetes,NBEM,NBEM-prop (implementation-level NBEM comparator),627018,0.5645018093647296,0.3757883235286686,0.5340166151194055,0.5645018093647296,0.47906775445232236,0.5002063382292049,0.3757883235286686,0.33822554550208334,0.6445109694899334
diabetes_130_us_hospitals_for_years_1999_2008,Diabetes,NBEM,NBEM-prop (implementation-level NBEM comparator),648362,0.5643817864343434,0.3757664957057093,0.5334688042891567,0.5643817864343434,0.4790154575591911,0.4995387753572281,0.3757664957057093,0.33832116181509575,0.6444732228118456
diabetes_130_us_hospitals_for_years_1999_2008,Diabetes,NBEM,NBEM-prop (implementation-level NBEM comparator),663649,0.5644749511236264,0.3759845438311856,0.5329801020057248,0.5644749511236264,0.479348031421336,0.4981116942884503,0.3759845438311856,0.3387066861315974,0.6446087196502612
diabetes_130_us_hospitals_for_years_1999_2008,Diabetes,NBEM,NBEM-prop (implementation-level NBEM comparator),934243,0.5649231632019078,0.37604254339616594,0.5345073826455993,0.5649231632019078,0.4796521509319045,0.4995788490813983,0.37604254339616594,0.3384452335988839,0.6449649165284845
dry_bean_dataset,Dry Beans,Hybrid NBEM,Hybrid NBEM,13,0.9297628180022247,0.9397187723363007,0.93000921430411,0.9297628180022247,0.929696770262151,0.9423513586606251,0.9397187723363007,0.9408747145012508,0.993311505223258
dry_bean_dataset,Dry Beans,Hybrid NBEM,Hybrid NBEM,21,0.9299092293068606,0.9401494514960579,0.9304306854625768,0.9299092293068606,0.9299653392979262,0.94268713741439,0.9401494514960579,0.9412214741833695,0.9934634912211923
dry_bean_dataset,Dry Beans,Hybrid NBEM,Hybrid NBEM,42,0.9299106319206855,0.9398410173364281,0.930264580309547,0.9299106319206855,0.9299131218322936,0.941929867722525,0.9398410173364281,0.9407131655438701,0.9935454425981488
dry_bean_dataset,Dry Beans,Hybrid NBEM,Hybrid NBEM,87,0.9307912576159234,0.9406123859509528,0.931213118828896,0.9307912576159234,0.9307828763064012,0.9439203985878422,0.9406123859509528,0.9420599505178593,0.9935181998241978
dry_bean_dataset,Dry Beans,Hybrid NBEM,Hybrid NBEM,123,0.9291012158503994,0.9392990870680263,0.9294755062068336,0.9291012158503994,0.9290617509275769,0.941781297742765,0.9392990870680263,0.9403356389329612,0.9932926897828234
dry_bean_dataset,Dry Beans,Hybrid NBEM,Hybrid NBEM,41762,0.9306441450043751,0.9408933828470942,0.9309077360328001,0.9306441450043751,0.9306216516977894,0.9437404759444152,0.9408933828470942,0.942158733130887,0.9933357228729751
dry_bean_dataset,Dry Beans,Hybrid NBEM,Hybrid NBEM,43529,0.929322343314549,0.9390119545365938,0.9297761762012998,0.929322343314549,0.9293273255924526,0.9418854166047408,0.9390119545365938,0.940212311771003,0.9933993638972259
dry_bean_dataset,Dry Beans,Hybrid NBEM,Hybrid NBEM,65932,0.9305711011921138,0.9403135379621845,0.9309044471425787,0.9305711011921138,0.9304908709859134,0.9429507449432417,0.9403135379621845,0.9414024677641695,0.9933987025424473
dry_bean_dataset,Dry Beans,Hybrid NBEM,Hybrid NBEM,69887,0.9306448463112875,0.9405421266425152,0.9310790217628864,0.9306448463112875,0.930642306184437,0.9431142042208576,0.9405421266425152,0.9416171498332769,0.9933407528393486
dry_bean_dataset,Dry Beans,Hybrid NBEM,Hybrid NBEM,156304,0.9285867802568077,0.9387186317276652,0.9289186433830366,0.9285867802568077,0.9285628552920263,0.9419043804634395,0.9387186317276652,0.9401300658505741,0.9933904612533002
dry_bean_dataset,Dry Beans,Hybrid NBEM,Hybrid NBEM,266458,0.9300567195452079,0.9400366234331571,0.9303378948231629,0.9300567195452079,0.9300454649637082,0.9427706222228333,0.9400366234331571,0.9412676068387441,0.9934522220625885
dry_bean_dataset,Dry Beans,Hybrid NBEM,Hybrid NBEM,273103,0.9304240425272512,0.9403675388768112,0.9306622482184654,0.9304240425272512,0.9303540603783448,0.9428329598453284,0.9403675388768112,0.941433194225979,0.9933619221983534
dry_bean_dataset,Dry Beans,Hybrid NBEM,Hybrid NBEM,370882,0.9298354302410013,0.9405243478147559,0.9301468388093488,0.9298354302410013,0.9298331427514619,0.9426266924604757,0.9405243478147559,0.9414198324299473,0.9933025460758671
dry_bean_dataset,Dry Beans,Hybrid NBEM,Hybrid NBEM,503966,0.9279997863711251,0.9385366367274927,0.9285197717443199,0.9279997863711251,0.9280433480846801,0.9410488879731389,0.9385366367274927,0.9396233676459671,0.9933917371624057
dry_bean_dataset,Dry Beans,Hybrid NBEM,Hybrid NBEM,519965,0.9307176743368064,0.940970624910529,0.9312060343962163,0.9307176743368064,0.9306756799416762,0.9440268104076323,0.940970624910529,0.9422502788357525,0.9933822012668445
dry_bean_dataset,Dry Beans,Hybrid NBEM,Hybrid NBEM,535886,0.9292476271550353,0.9395098326168331,0.9296344327130086,0.9292476271550353,0.9292538526494161,0.9422732925095183,0.9395098326168331,0.9407146675140151,0.9933934125684667
dry_bean_dataset,Dry Beans,Hybrid NBEM,Hybrid NBEM,627018,0.9301297633574691,0.9401359168051565,0.930667667703708,0.9301297633574691,0.930141098943707,0.943476991717182,0.9401359168051565,0.9415788964105524,0.9933698779379132
dry_bean_dataset,Dry Beans,Hybrid NBEM,Hybrid NBEM,648362,0.931010766679506,0.9412372228465363,0.9313145578337151,0.931010766679506,0.9310003320480617,0.9435709819316693,0.9412372228465363,0.9422555441224383,0.993390485313099
dry_bean_dataset,Dry Beans,Hybrid NBEM,Hybrid NBEM,663649,0.9305701840984592,0.9401362169019581,0.9309484531005436,0.9305701840984592,0.9305056772841421,0.9429537912351945,0.9401362169019581,0.9413198425467734,0.9934208835204906
dry_bean_dataset,Dry Beans,Hybrid NBEM,Hybrid NBEM,934243,0.9307910957758667,0.9409610010385994,0.9311352585268204,0.9307910957758667,0.9307781564165374,0.9438882028743496,0.9409610010385994,0.9422490178997881,0.9934571432972034
dry_bean_dataset,Dry Beans,Logistic Regression,Logistic Regression,13,0.9241059146067124,0.9349666095587474,0.9247686548591405,0.9241059146067124,0.9242144244090282,0.9373931060915645,0.9349666095587474,0.9359593282108019,0.9934454511688049
dry_bean_dataset,Dry Beans,Logistic Regression,Logistic Regression,21,0.9245460656142747,0.9353035434598619,0.9251060146755753,0.9245460656142747,0.9246620963774375,0.9375146510685264,0.9353035434598619,0.936229260886625,0.9934767562794373
dry_bean_dataset,Dry Beans,Logistic Regression,Logistic Regression,42,0.9237395087183238,0.9346781655724344,0.9244849112006636,0.9237395087183238,0.9238603140191376,0.9369646670364006,0.9346781655724344,0.9355782063337872,0.9934600605328269
dry_bean_dataset,Dry Beans,Logistic Regression,Logistic Regression,87,0.924105860660027,0.9346477435474355,0.9247955006588195,0.924105860660027,0.9242390102948974,0.9373319467827468,0.9346477435474355,0.9357842993487479,0.9934827300783159
dry_bean_dataset,Dry Beans,Logistic Regression,Logistic Regression,123,0.9238841397823359,0.9344424971481262,0.9246418261286273,0.9238841397823359,0.9240182614992358,0.9371673137303163,0.9344424971481262,0.9355474999010737,0.9934803831827311
dry_bean_dataset,Dry Beans,Logistic Regression,Logistic Regression,41762,0.9241789044722882,0.9350118269984543,0.924766418628751,0.9241789044722882,0.9242778679715616,0.9374227529575027,0.9350118269984543,0.936021734651146,0.9934501389698639
dry_bean_dataset,Dry Beans,Logistic Regression,Logistic Regression,43529,0.9238850568759907,0.9346195178905538,0.9245374708043783,0.9238850568759907,0.924032365745733,0.937003596148123,0.9346195178905538,0.9356120114958826,0.9934565548338016
dry_bean_dataset,Dry Beans,Logistic Regression,Logistic Regression,65932,0.9239585862084219,0.9346574642158606,0.9245216089369258,0.9239585862084219,0.9240779014584991,0.9371319176054321,0.9346574642158606,0.935716573117792,0.9934617522604693
dry_bean_dataset,Dry Beans,Logistic Regression,Logistic Regression,69887,0.9241793360457727,0.9349751286147541,0.9248950092292372,0.9241793360457727,0.9243061592885905,0.9375651029731248,0.9349751286147541,0.936027040725546,0.9934604538647616
dry_bean_dataset,Dry Beans,Logistic Regression,Logistic Regression,156304,0.9246923690255395,0.935322624864984,0.9252492622177408,0.9246923690255395,0.9247959413043848,0.9375889036898333,0.935322624864984,0.9362779385048128,0.9934843381666308
dry_bean_dataset,Dry Beans,Logistic Regression,Logistic Regression,266458,0.9240322234342244,0.9348104688256138,0.9246419244093127,0.9240322234342244,0.9241493665699838,0.9371976802001916,0.9348104688256138,0.9358141503529342,0.993523298450036
dry_bean_dataset,Dry Beans,Logistic Regression,Logistic Regression,273103,0.9241792281524015,0.9348635003139412,0.9247621390350748,0.9241792281524015,0.9243125849165844,0.9373011462068707,0.9348635003139412,0.9359220790372357,0.9934620132508556
dry_bean_dataset,Dry Beans,Logistic Regression,Logistic Regression,370882,0.9242519482845493,0.9350298715448325,0.9248732429293858,0.9242519482845493,0.9243743324300912,0.9374324851851229,0.9350298715448325,0.9360394172790855,0.9934870637117961
dry_bean_dataset,Dry Beans,Logistic Regression,Logistic Regression,503966,0.9237382139978703,0.9347511971887543,0.9242503194721357,0.9237382139978703,0.9238479318282551,0.9369401607817984,0.9347511971887543,0.9357033021357072,0.9934489552877401
dry_bean_dataset,Dry Beans,Logistic Regression,Logistic Regression,519965,0.9243991148427831,0.9351765641699243,0.9250133044450951,0.9243991148427831,0.9245353426806882,0.9374689334157615,0.9351765641699243,0.9361457851243442,0.9934884810909749
dry_bean_dataset,Dry Beans,Logistic Regression,Logistic Regression,535886,0.9238110420233892,0.9346118618226255,0.9244533961904627,0.9238110420233892,0.9239105137123345,0.937027000366213,0.9346118618226255,0.9356037058708617,0.9934448098696473
dry_bean_dataset,Dry Beans,Logistic Regression,Logistic Regression,627018,0.9241792281524015,0.9350053620874024,0.9247873358164398,0.9241792281524015,0.9242627833871755,0.9374697933690503,0.9350053620874024,0.936022908375933,0.9934791075550841
dry_bean_dataset,Dry Beans,Logistic Regression,Logistic Regression,648362,0.9244721047083588,0.9351696414439458,0.9250574046814123,0.9244721047083588,0.9245942575714805,0.9376354619171442,0.9351696414439458,0.9362259702695372,0.9934967404513847
dry_bean_dataset,Dry Beans,Logistic Regression,Logistic Regression,663649,0.9238112038634458,0.9347191250376404,0.924396903929156,0.9238112038634458,0.9239228864104809,0.9369909360369018,0.9347191250376404,0.9356688521358304,0.9934535684190081
dry_bean_dataset,Dry Beans,Logistic Regression,Logistic Regression,934243,0.9241056448732847,0.934974234178615,0.9247014058129015,0.9241056448732847,0.9242020811337394,0.9372795552328658,0.934974234178615,0.9359254444101799,0.9934447408598739
dry_bean_dataset,Dry Beans,NBEM,NBEM-prop (implementation-level NBEM comparator),13,0.8965548028194696,0.9069811649527981,0.8981738850627645,0.8965548028194696,0.8965960286576131,0.9061042567794187,0.9069811649527981,0.9058436190594268,0.9901490806937273
dry_bean_dataset,Dry Beans,NBEM,NBEM-prop (implementation-level NBEM comparator),21,0.8970682673727209,0.9075543489161284,0.8985566818212494,0.8970682673727209,0.897155378376632,0.9065486959286222,0.9075543489161284,0.9064687327047546,0.9901670484840052
dry_bean_dataset,Dry Beans,NBEM,NBEM-prop (implementation-level NBEM comparator),42,0.8969960327607431,0.9074603788742998,0.8984967897569056,0.8969960327607431,0.8971119655795732,0.9065126617219855,0.9074603788742998,0.9064433848677045,0.990086023416454
dry_bean_dataset,Dry Beans,NBEM,NBEM-prop (implementation-level NBEM comparator),87,0.8971421203852656,0.9075921624953706,0.8987701634592034,0.8971421203852656,0.8972525975242354,0.9066511790489388,0.9075921624953706,0.9065057262617906,0.9901390561105352
dry_bean_dataset,Dry Beans,NBEM,NBEM-prop (implementation-level NBEM comparator),123,0.8971408796114975,0.907670653371585,0.8986472631139419,0.8971408796114975,0.8972299382924762,0.9067273770924335,0.907670653371585,0.906617333340866,0.9901468494393255
dry_bean_dataset,Dry Beans,NBEM,NBEM-prop (implementation-level NBEM comparator),41762,0.8971420124918945,0.9075281373024723,0.8985965054513262,0.8971420124918945,0.8972589765542633,0.9064812196983878,0.9075281373024723,0.9064879744825157,0.9901310032333429
dry_bean_dataset,Dry Beans,NBEM,NBEM-prop (implementation-level NBEM comparator),43529,0.8967006746572498,0.9073300353833516,0.8982186562410162,0.8967006746572498,0.896806593467179,0.9062379878341243,0.9073300353833516,0.9062100988001752,0.9901129953569768
dry_bean_dataset,Dry Beans,NBEM,NBEM-prop (implementation-level NBEM comparator),65932,0.8969214784412861,0.9072194440500571,0.8985550694317228,0.8969214784412861,0.8970433122866164,0.9064290603176012,0.9072194440500571,0.9062071187981472,0.9901335661246412
dry_bean_dataset,Dry Beans,NBEM,NBEM-prop (implementation-level NBEM comparator),69887,0.8969950077737174,0.9075731111072127,0.8985897481845451,0.8969950077737174,0.8971156247863836,0.9066162825956907,0.9075731111072127,0.90651179675693,0.9901092509236762
dry_bean_dataset,Dry Beans,NBEM,NBEM-prop (implementation-level NBEM comparator),156304,0.8969213705479149,0.9074185658392994,0.8984789865490986,0.8969213705479149,0.8969771597234416,0.9064971974044562,0.9074185658392994,0.9062976891168594,0.9901071139425477
dry_bean_dataset,Dry Beans,NBEM,NBEM-prop (implementation-level NBEM comparator),266458,0.8969958169740009,0.9075087882883215,0.8985179556954235,0.8969958169740009,0.8970974814640508,0.9065902055359943,0.9075087882883215,0.9064627887617487,0.990125492193793
dry_bean_dataset,Dry Beans,NBEM,NBEM-prop (implementation-level NBEM comparator),273103,0.8965545330860417,0.9068782163613764,0.8980144796683703,0.8965545330860417,0.8966497038826136,0.9058012400563868,0.9068782163613764,0.9057887102209614,0.9901458821740616
dry_bean_dataset,Dry Beans,NBEM,NBEM-prop (implementation-level NBEM comparator),370882,0.8979490009613299,0.9085264312061412,0.8994740157473593,0.8979490009613299,0.8980386131096771,0.9075469560659035,0.9085264312061412,0.907446918573337,0.9901499710986641
dry_bean_dataset,Dry Beans,NBEM,NBEM-prop (implementation-level NBEM comparator),503966,0.89706913051969,0.9076645233848378,0.8986763357236776,0.89706913051969,0.8971618993167627,0.9067525574305237,0.9076645233848378,0.9065696947693069,0.9901397229704442
dry_bean_dataset,Dry Beans,NBEM,NBEM-prop (implementation-level NBEM comparator),519965,0.8972894487835562,0.9077148247983141,0.8987538399615964,0.8972894487835562,0.8973621363511326,0.9067991406987002,0.9077148247983141,0.9066854300496058,0.9901400078656108
dry_bean_dataset,Dry Beans,NBEM,NBEM-prop (implementation-level NBEM comparator),535886,0.8965543172992995,0.9071502269252523,0.8982032153073811,0.8965543172992995,0.8966851448758641,0.9062098581021767,0.9071502269252523,0.9060810584481913,0.9900905455571165
dry_bean_dataset,Dry Beans,NBEM,NBEM-prop (implementation-level NBEM comparator),627018,0.897214894464099,0.9077137278566276,0.8988445061844613,0.897214894464099,0.8973035189732907,0.9069116982097265,0.9077137278566276,0.9066581339829082,0.9901523390493757
dry_bean_dataset,Dry Beans,NBEM,NBEM-prop (implementation-level NBEM comparator),648362,0.897361791288905,0.9078896481098241,0.8989037062087796,0.897361791288905,0.8974682656893057,0.907089773130201,0.9078896481098241,0.9068904202245737,0.9901710424607103
dry_bean_dataset,Dry Beans,NBEM,NBEM-prop (implementation-level NBEM comparator),663649,0.8975091736338812,0.9079707368045276,0.899126708531859,0.8975091736338812,0.8975812079561651,0.9071988161142436,0.9079707368045276,0.9068940053267525,0.9901193618870721
dry_bean_dataset,Dry Beans,NBEM,NBEM-prop (implementation-level NBEM comparator),934243,0.8967015378042188,0.9072361894598868,0.8982598021368166,0.8967015378042188,0.8967582804317754,0.9061191604731228,0.9072361894598868,0.9060454428401936,0.9901172687522524
ecoli,E. coli,Hybrid NBEM,Hybrid NBEM,13,0.8154761904761905,0.4543350390872929,0.7885154900812512,0.8154761904761905,0.7921921620665587,0.47033707746999837,0.4543350390872929,0.4514541716713722,0.9556337313296814
ecoli,E. coli,Hybrid NBEM,Hybrid NBEM,21,0.8422619047619048,0.5002777152349411,0.8189195812010654,0.8422619047619048,0.8289966471748517,0.49784893451835066,0.5002777152349411,0.4972040326492381,0.9667774692304096
ecoli,E. coli,Hybrid NBEM,Hybrid NBEM,42,0.8690476190476191,0.5590648067475266,0.8546715421243349,0.8690476190476191,0.8576706900939717,0.5950665199042993,0.5590648067475266,0.5675549601518735,0.9689266964340956
ecoli,E. coli,Hybrid NBEM,Hybrid NBEM,87,0.8244047619047619,0.4912673562777261,0.8009500464024106,0.8244047619047619,0.8079653939885019,0.48994743367388915,0.4912673562777261,0.48671047444055837,0.9633526488609467
ecoli,E. coli,Hybrid NBEM,Hybrid NBEM,123,0.8511904761904763,0.5197875151966282,0.8280269678960114,0.8511904761904763,0.8382619188682743,0.5115442800556694,0.5197875151966282,0.5138838991724939,0.966855683725141
ecoli,E. coli,Hybrid NBEM,Hybrid NBEM,41762,0.8363095238095238,0.4982101468892474,0.8152603902603902,0.8363095238095238,0.8208611703030484,0.510310632966883,0.4982101468892474,0.49918726437131367,0.9651599751707639
ecoli,E. coli,Hybrid NBEM,Hybrid NBEM,43529,0.8422619047619048,0.527987053446476,0.8229071443634814,0.8422619047619048,0.82731462965416,0.5705407079034264,0.527987053446476,0.5392301005424315,0.9644194010890339
ecoli,E. coli,Hybrid NBEM,Hybrid NBEM,65932,0.8511904761904762,0.5382635455438566,0.8289753022029072,0.8511904761904762,0.8358319338516189,0.5763921798982636,0.5382635455438566,0.5483319339994547,0.9680571638591713
ecoli,E. coli,Hybrid NBEM,Hybrid NBEM,69887,0.8363095238095238,0.5041348134951649,0.8163423971307401,0.8363095238095238,0.8206370056956345,0.5102226875103513,0.5041348134951649,0.501189424842307,0.9657409569505725
ecoli,E. coli,Hybrid NBEM,Hybrid NBEM,156304,0.8333333333333333,0.4888747684168039,0.8117160977202772,0.8333333333333333,0.8192872311042385,0.4937015224234672,0.4888747684168039,0.4885051481821985,0.9640770492545282
ecoli,E. coli,Hybrid NBEM,Hybrid NBEM,266458,0.8333333333333333,0.49439051260341815,0.8078853582279661,0.8333333333333333,0.8173835531255673,0.4982541057456221,0.49439051260341815,0.4923742187772457,0.9668489040145469
ecoli,E. coli,Hybrid NBEM,Hybrid NBEM,273103,0.8422619047619048,0.49560945793040373,0.8194997317549161,0.8422619047619048,0.8266185846763877,0.5098630508912767,0.49560945793040373,0.49785776403063114,0.9672297820904581
ecoli,E. coli,Hybrid NBEM,Hybrid NBEM,370882,0.8541666666666667,0.5686469033166477,0.8391706462685811,0.8541666666666667,0.8427801840006566,0.5846752892529554,0.5686469033166477,0.5726867581525487,0.9664930829334581
ecoli,E. coli,Hybrid NBEM,Hybrid NBEM,503966,0.8154761904761905,0.5062916888187105,0.7890711051109179,0.8154761904761905,0.7906926498970213,0.5362243273915965,0.5062916888187105,0.5062973295392957,0.9637763671443584
ecoli,E. coli,Hybrid NBEM,Hybrid NBEM,519965,0.8333333333333334,0.4936666957368566,0.8102615475494683,0.8333333333333334,0.8189531652488351,0.49024242919551847,0.4936666957368566,0.48955743785487865,0.9668019479662555
ecoli,E. coli,Hybrid NBEM,Hybrid NBEM,535886,0.8363095238095238,0.504510717489558,0.8139144957225315,0.8363095238095238,0.8231586379303204,0.5015719906115127,0.504510717489558,0.5009217913915139,0.9676883177101231
ecoli,E. coli,Hybrid NBEM,Hybrid NBEM,627018,0.8095238095238095,0.4641261387920814,0.7939082805810747,0.8095238095238095,0.7869369184590214,0.48202312742512055,0.4641261387920814,0.4598883314630773,0.9637773747581699
ecoli,E. coli,Hybrid NBEM,Hybrid NBEM,648362,0.8333333333333333,0.5313354035827518,0.8159399385216023,0.8333333333333333,0.8205909396988244,0.5619564123406484,0.5313354035827518,0.5376525568648425,0.9678100771162874
ecoli,E. coli,Hybrid NBEM,Hybrid NBEM,663649,0.8511904761904763,0.5339890489705985,0.8366806023865291,0.8511904761904763,0.8350853914656877,0.5852439352175448,0.5339890489705985,0.5456255518773478,0.9653143641119346
ecoli,E. coli,Hybrid NBEM,Hybrid NBEM,934243,0.8482142857142857,0.5318828467384178,0.8327166963088166,0.8482142857142857,0.8317882540051806,0.5788075167600847,0.5318828467384178,0.5400519009945932,0.9665667917733922
ecoli,E. coli,Logistic Regression,Logistic Regression,13,0.8571428571428572,0.6131646049892272,0.8452662634169482,0.8571428571428572,0.848098429958148,0.6236885831063913,0.6131646049892272,0.6118018651298825,0.9683374827777713
ecoli,E. coli,Logistic Regression,Logistic Regression,21,0.8809523809523809,0.6357499093420037,0.8695938865478818,0.8809523809523809,0.8739806432612399,0.6587614340226151,0.6357499093420037,0.644079053660209,0.9734142862758086
ecoli,E. coli,Logistic Regression,Logistic Regression,42,0.8809523809523809,0.6361661132848533,0.8752686184846086,0.8809523809523809,0.8749274649317633,0.6423534544234515,0.6361661132848533,0.6321988426331789,0.9722372013024194
ecoli,E. coli,Logistic Regression,Logistic Regression,87,0.8809523809523809,0.6399521211874726,0.8708059499354142,0.8809523809523809,0.8746261158155042,0.6670416295416295,0.6399521211874726,0.6504606419032986,0.9724720036034309
ecoli,E. coli,Logistic Regression,Logistic Regression,123,0.8720238095238095,0.6031746563335185,0.8614207391461957,0.8720238095238095,0.8653756962120871,0.6236258253066774,0.6031746563335185,0.6099923190774932,0.9725453404527549
ecoli,E. coli,Logistic Regression,Logistic Regression,41762,0.8630952380952381,0.5938217594611356,0.854035603464802,0.8630952380952381,0.8558917251692253,0.6187335410891314,0.5938217594611356,0.6019958258346692,0.9689724254474089
ecoli,E. coli,Logistic Regression,Logistic Regression,43529,0.8660714285714286,0.6209967564842362,0.8564306919390905,0.8660714285714286,0.8592042696344651,0.6494510922593114,0.6209967564842362,0.6312191117376551,0.972778251757225
ecoli,E. coli,Logistic Regression,Logistic Regression,65932,0.8720238095238095,0.6291379144318958,0.8606655211460885,0.8720238095238095,0.8650258366537003,0.6320604365273483,0.6291379144318958,0.6294256972993879,0.9710119138148232
ecoli,E. coli,Logistic Regression,Logistic Regression,69887,0.8660714285714286,0.626108357479294,0.8573380350979521,0.8660714285714286,0.8599917159240538,0.6359763094200481,0.626108357479294,0.6255358079024871,0.9727054200077682
ecoli,E. coli,Logistic Regression,Logistic Regression,156304,0.8690476190476191,0.6169478671797928,0.8602329013645369,0.8690476190476191,0.861174364858861,0.6514127730232465,0.6169478671797928,0.6259542455067921,0.9676435153751172
ecoli,E. coli,Logistic Regression,Logistic Regression,266458,0.8779761904761905,0.6312947484096183,0.8649384907293398,0.8779761904761905,0.8701642483988976,0.6553299534405119,0.6312947484096183,0.6402374359200017,0.9710123771418051
ecoli,E. coli,Logistic Regression,Logistic Regression,273103,0.8839285714285714,0.6544426622647691,0.8739322734836191,0.8839285714285714,0.8775146687783806,0.667343791665694,0.6544426622647691,0.6591802597475772,0.9736096044391129
ecoli,E. coli,Logistic Regression,Logistic Regression,370882,0.8720238095238095,0.6331413722471368,0.8648795418977308,0.8720238095238095,0.8665945051081984,0.6383934666984203,0.6331413722471368,0.6302046714106957,0.9711031262277439
ecoli,E. coli,Logistic Regression,Logistic Regression,503966,0.8601190476190477,0.6271860072410862,0.8537393145546575,0.8601190476190477,0.8542944292504346,0.6517291349017369,0.6271860072410862,0.6355615748918189,0.9687115644405528
ecoli,E. coli,Logistic Regression,Logistic Regression,519965,0.8690476190476191,0.5973830819320942,0.8607671497981757,0.8690476190476191,0.8618827663415392,0.6476600719337102,0.5973830819320942,0.6129231490974848,0.9703816921061819
ecoli,E. coli,Logistic Regression,Logistic Regression,535886,0.875,0.6293887059656502,0.8640430420877178,0.875,0.8679161798795271,0.6323990340131711,0.6293887059656502,0.6255412231200151,0.9720897597995866
ecoli,E. coli,Logistic Regression,Logistic Regression,627018,0.8720238095238095,0.6260614130823682,0.8690417054988872,0.8720238095238095,0.865721473243487,0.6624054485824029,0.6260614130823682,0.6376957398164707,0.9729164189092229
ecoli,E. coli,Logistic Regression,Logistic Regression,648362,0.8541666666666667,0.6357141743218166,0.8454269430193886,0.8541666666666667,0.8477352294075554,0.6189867817278207,0.6357141743218166,0.6232732317812963,0.9705741673208143
ecoli,E. coli,Logistic Regression,Logistic Regression,663649,0.875,0.6515167546319434,0.8659950034370841,0.875,0.8691264644307222,0.6585618259643337,0.6515167546319434,0.6537499231942521,0.9717037577375136
ecoli,E. coli,Logistic Regression,Logistic Regression,934243,0.8779761904761905,0.6457527334364208,0.8713774560015501,0.8779761904761905,0.8689988754249564,0.6486489572766747,0.6457527334364208,0.638676110618936,0.9719578455008862
ecoli,E. coli,NBEM,NBEM-prop (implementation-level NBEM comparator),13,0.8125,0.4694698430088615,0.7928211217732004,0.8125,0.7995907048703053,0.46998500348817757,0.4694698430088615,0.4662727857915419,0.9610638159797595
ecoli,E. coli,NBEM,NBEM-prop (implementation-level NBEM comparator),21,0.8571428571428572,0.5601449786045265,0.8497540036212653,0.8571428571428572,0.8502204248598326,0.54366261000467,0.5601449786045265,0.548971279350777,0.9691583335596432
ecoli,E. coli,NBEM,NBEM-prop (implementation-level NBEM comparator),42,0.8482142857142858,0.5532449686908464,0.8368386831873571,0.8482142857142858,0.8398288612419902,0.5732649082499988,0.5532449686908464,0.5555438827549677,0.9701607381271666
ecoli,E. coli,NBEM,NBEM-prop (implementation-level NBEM comparator),87,0.8184523809523809,0.49264148470777563,0.809414079716499,0.8184523809523809,0.8127429468575496,0.4825087392491413,0.49264148470777563,0.486434814637021,0.9665891321819492
ecoli,E. coli,NBEM,NBEM-prop (implementation-level NBEM comparator),123,0.8511904761904763,0.5883839859264874,0.843049132687529,0.8511904761904763,0.8439422625791371,0.5551187031475106,0.5883839859264874,0.5663417846377142,0.9695021612416189
ecoli,E. coli,NBEM,NBEM-prop (implementation-level NBEM comparator),41762,0.8511904761904763,0.5816737486820582,0.8407370352179859,0.8511904761904763,0.8424302566235659,0.5586006309153412,0.5816737486820582,0.564481617489331,0.9694794660692937
ecoli,E. coli,NBEM,NBEM-prop (implementation-level NBEM comparator),43529,0.8482142857142857,0.5616228850505057,0.8365000975025032,0.8482142857142857,0.8408724184685967,0.5696627190121577,0.5616228850505057,0.5631930293611018,0.9669803443531226
ecoli,E. coli,NBEM,NBEM-prop (implementation-level NBEM comparator),65932,0.8779761904761905,0.5938272048807358,0.8714084920008279,0.8779761904761905,0.8715607890708081,0.627332187017265,0.5938272048807358,0.5988298984419889,0.97234578775127
ecoli,E. coli,NBEM,NBEM-prop (implementation-level NBEM comparator),69887,0.8660714285714286,0.60161834131925,0.8556230825286277,0.8660714285714286,0.8587652131422718,0.5725886475722002,0.60161834131925,0.5831335487317593,0.9681422218237035
ecoli,E. coli,NBEM,NBEM-prop (implementation-level NBEM comparator),156304,0.8452380952380952,0.5031228162417387,0.8345010327696489,0.8452380952380952,0.8358209435138679,0.5025462187435396,0.5031228162417387,0.49929857432819236,0.9691996780858599
ecoli,E. coli,NBEM,NBEM-prop (implementation-level NBEM comparator),266458,0.8333333333333333,0.514875201068814,0.8146005641134455,0.8333333333333333,0.821740303933415,0.49547826463297956,0.514875201068814,0.5029489827611235,0.9661060124160865
ecoli,E. coli,NBEM,NBEM-prop (implementation-level NBEM comparator),273103,0.8601190476190477,0.5289087223055196,0.8440135556412502,0.8601190476190477,0.8494622252615105,0.5211563281954654,0.5289087223055196,0.5215493979239041,0.9709232036097889
ecoli,E. coli,NBEM,NBEM-prop (implementation-level NBEM comparator),370882,0.8363095238095237,0.5643882835394523,0.8288429457267004,0.8363095238095237,0.8292417701400664,0.5263669480737392,0.5643882835394523,0.5350410325647196,0.9665719659466758
ecoli,E. coli,NBEM,NBEM-prop (implementation-level NBEM comparator),503966,0.8392857142857142,0.5460996540088351,0.826936879950836,0.8392857142857142,0.8302981052608955,0.5601792140815216,0.5460996540088351,0.5466113528410284,0.9678666258320345
ecoli,E. coli,NBEM,NBEM-prop (implementation-level NBEM comparator),519965,0.8571428571428572,0.5794596507393706,0.8514414402124486,0.8571428571428572,0.8523381977999996,0.5664518917614894,0.5794596507393706,0.5708035784605298,0.9673113996225204
ecoli,E. coli,NBEM,NBEM-prop (implementation-level NBEM comparator),535886,0.8541666666666667,0.6058327915283503,0.8518228127785472,0.8541666666666667,0.8489900532602346,0.6137525531979757,0.6058327915283503,0.5919951804992519,0.9691441721391609
ecoli,E. coli,NBEM,NBEM-prop (implementation-level NBEM comparator),627018,0.8303571428571428,0.5060137575372854,0.8237720066384098,0.8303571428571428,0.8213047602036535,0.49730327757369164,0.5060137575372854,0.4967360043249154,0.9683192892902782
ecoli,E. coli,NBEM,NBEM-prop (implementation-level NBEM comparator),648362,0.8541666666666667,0.5630839928632684,0.8474375843646678,0.8541666666666667,0.8466656033425659,0.5785104818126385,0.5630839928632684,0.5616406820904347,0.9695824136010538
ecoli,E. coli,NBEM,NBEM-prop (implementation-level NBEM comparator),663649,0.8482142857142857,0.5492798873697851,0.8380815984465091,0.8482142857142857,0.8401883582274929,0.5790700292205821,0.5492798873697851,0.5563853071364635,0.968740322614476
ecoli,E. coli,NBEM,NBEM-prop (implementation-level NBEM comparator),934243,0.8422619047619048,0.5350277876541885,0.8302785637636911,0.8422619047619048,0.8300060780127487,0.5683499626182948,0.5350277876541885,0.5389251267780096,0.9696630452493283
glass_identification,Glass Identification,Hybrid NBEM,Hybrid NBEM,13,0.7145732689210951,0.6024029982363316,0.6452548223381557,0.7145732689210951,0.6711932836272885,0.5580283399727844,0.6024029982363316,0.5720096562459823,0.8986604637646304
glass_identification,Glass Identification,Hybrid NBEM,Hybrid NBEM,21,0.6682769726247987,0.5576499118165785,0.6096851015329275,0.6682769726247987,0.6294166013016501,0.5005772005772006,0.5576499118165785,0.5147465158903066,0.8754361136381063
glass_identification,Glass Identification,Hybrid NBEM,Hybrid NBEM,42,0.6817632850241546,0.5730085243974132,0.6248628596756616,0.6817632850241546,0.644137670269309,0.516881112714446,0.5730085243974132,0.5315431703245601,0.8694485725962174
glass_identification,Glass Identification,Hybrid NBEM,Hybrid NBEM,87,0.7192028985507246,0.606003821281599,0.6688384448348217,0.7192028985507246,0.6799343900624916,0.576921997755331,0.606003821281599,0.573387581153319,0.8780673692584924
glass_identification,Glass Identification,Hybrid NBEM,Hybrid NBEM,123,0.664049919484702,0.5843253968253967,0.621497438194298,0.664049919484702,0.6253184703332211,0.530602062546507,0.5843253968253967,0.536695856793896,0.8607541512432816
glass_identification,Glass Identification,Hybrid NBEM,Hybrid NBEM,41762,0.692230273752013,0.5747721928277484,0.6278734405244067,0.692230273752013,0.6487132771250194,0.5213898241676019,0.5747721928277484,0.5339564433260684,0.8766813994848415
glass_identification,Glass Identification,Hybrid NBEM,Hybrid NBEM,43529,0.6495571658615137,0.5507422104644326,0.5990334991542721,0.6495571658615137,0.6127629818746463,0.5023406634517745,0.5507422104644326,0.5133703572988059,0.8715070934500282
glass_identification,Glass Identification,Hybrid NBEM,Hybrid NBEM,65932,0.7059178743961353,0.6049750146972369,0.6516835273779719,0.7059178743961353,0.6686619377979999,0.5834465431687654,0.6049750146972369,0.5838188406084863,0.882393541610027
glass_identification,Glass Identification,Hybrid NBEM,Hybrid NBEM,69887,0.7290660225442834,0.6114050558495002,0.673946998161974,0.7290660225442834,0.6910221134955098,0.5856387953610176,0.6114050558495002,0.5827295180580354,0.8931648698858843
glass_identification,Glass Identification,Hybrid NBEM,Hybrid NBEM,156304,0.6314412238325282,0.5406746031746033,0.591639262955688,0.6314412238325282,0.5948804777004325,0.49278154972599414,0.5406746031746033,0.5000182712343015,0.8566858957936856
glass_identification,Glass Identification,Hybrid NBEM,Hybrid NBEM,266458,0.6821658615136876,0.5815696649029982,0.6302332206619646,0.6821658615136876,0.6454241619805252,0.539741431408098,0.5815696649029982,0.5464222921137266,0.8743520980160473
glass_identification,Glass Identification,Hybrid NBEM,Hybrid NBEM,273103,0.6956521739130435,0.5635655496766607,0.6215753784594364,0.6956521739130435,0.6479499210143757,0.5133302397191286,0.5635655496766607,0.5293229837089486,0.8795416858369758
glass_identification,Glass Identification,Hybrid NBEM,Hybrid NBEM,370882,0.6968599033816425,0.5656966490299823,0.6238054864262593,0.6968599033816425,0.6517737892258353,0.5106601731601732,0.5656966490299823,0.5299945579271345,0.8897316853838593
glass_identification,Glass Identification,Hybrid NBEM,Hybrid NBEM,503966,0.6873993558776168,0.5868606701940036,0.6298948624733649,0.6873993558776168,0.6445839420747252,0.5243078937523382,0.5868606701940036,0.5403203451621064,0.8762898785996612
glass_identification,Glass Identification,Hybrid NBEM,Hybrid NBEM,519965,0.7147745571658616,0.6176513815402704,0.6661443014401951,0.7147745571658616,0.6775221206014195,0.5855923397590064,0.6176513815402704,0.5887956050752748,0.8923198404856014
glass_identification,Glass Identification,Hybrid NBEM,Hybrid NBEM,535886,0.6904186795491144,0.5760949441504998,0.6400888474559971,0.6904186795491144,0.6538002394916366,0.544318952652286,0.5760949441504998,0.5484867430343867,0.8762462116855233
glass_identification,Glass Identification,Hybrid NBEM,Hybrid NBEM,627018,0.6545893719806763,0.5365593768371546,0.5982755340696162,0.6545893719806763,0.6135191551305765,0.5010932483154705,0.5365593768371546,0.5067066352025072,0.8675989972185625
glass_identification,Glass Identification,Hybrid NBEM,Hybrid NBEM,648362,0.69585346215781,0.5968180482069371,0.6355263005021459,0.69585346215781,0.6540517931895192,0.5511056330500774,0.5968180482069371,0.5602854494624361,0.8793772459759778
glass_identification,Glass Identification,Hybrid NBEM,Hybrid NBEM,663649,0.7338969404186796,0.6104497354497354,0.6660208596198934,0.7338969404186796,0.6901408035457594,0.5744000855111966,0.6104497354497354,0.5832697438949589,0.888620667945849
glass_identification,Glass Identification,Hybrid NBEM,Hybrid NBEM,934243,0.7147745571658616,0.5836272780717224,0.6553040323873657,0.7147745571658616,0.6744330831182658,0.5386944845278179,0.5836272780717224,0.5469927314655556,0.8843918720503865
glass_identification,Glass Identification,Logistic Regression,Logistic Regression,13,0.6302334943639292,0.5305335097001763,0.5840621379872588,0.6302334943639292,0.5956157988600782,0.505280419169308,0.5305335097001763,0.50634067513489,0.8285118045534712
glass_identification,Glass Identification,Logistic Regression,Logistic Regression,21,0.6209742351046699,0.5313418577307466,0.5784167534469467,0.6209742351046699,0.5883779823481219,0.5065380093157871,0.5313418577307466,0.5067125420668592,0.8163376562380186
glass_identification,Glass Identification,Logistic Regression,Logistic Regression,42,0.6398953301127215,0.5631613756613756,0.5882631670977081,0.6398953301127215,0.6076305387256464,0.5248129442573887,0.5631613756613756,0.5373373293436933,0.816689050180898
glass_identification,Glass Identification,Logistic Regression,Logistic Regression,87,0.6354669887278583,0.5649617871840094,0.5962319137741843,0.6354669887278583,0.6078443084440601,0.5489316753205642,0.5649617871840094,0.545980032688839,0.8248242104446815
glass_identification,Glass Identification,Logistic Regression,Logistic Regression,123,0.6366747181964574,0.5744415049970606,0.6008247721198844,0.6366747181964574,0.5981724521874049,0.5476721928519315,0.5744415049970606,0.5425137021370251,0.8253538338003917
glass_identification,Glass Identification,Logistic Regression,Logistic Regression,41762,0.6364734299516909,0.5515505584950029,0.583564427163461,0.6364734299516909,0.6002338133973167,0.511462714240492,0.5515505584950029,0.5227754582114748,0.8286218595548305
glass_identification,Glass Identification,Logistic Regression,Logistic Regression,43529,0.6461352657004831,0.5731554967666078,0.601243310723987,0.6461352657004831,0.615887395583145,0.5496379135268025,0.5731554967666078,0.5515805900007826,0.8204769834298821
glass_identification,Glass Identification,Logistic Regression,Logistic Regression,65932,0.6455314009661836,0.5530202821869489,0.6000638719841618,0.6455314009661836,0.6143925714478802,0.5339332478221367,0.5530202821869489,0.5327157536178864,0.8218135460889084
glass_identification,Glass Identification,Logistic Regression,Logistic Regression,69887,0.639694041867955,0.5414829512051734,0.5950877825877826,0.639694041867955,0.6035650537850714,0.5160801133023355,0.5414829512051734,0.5138423679318221,0.8222317420234088
glass_identification,Glass Identification,Logistic Regression,Logistic Regression,156304,0.6404991948470209,0.562610229276896,0.600896459954431,0.6404991948470209,0.6067648221199993,0.5332918110695889,0.562610229276896,0.5316899523423132,0.8275389549393172
glass_identification,Glass Identification,Logistic Regression,Logistic Regression,266458,0.625402576489533,0.5456716637272192,0.58486838856706,0.625402576489533,0.5905921924279038,0.5173534284645396,0.5456716637272192,0.5170896083047786,0.8256445253954312
glass_identification,Glass Identification,Logistic Regression,Logistic Regression,273103,0.640096618357488,0.5527998236331569,0.588253567420234,0.640096618357488,0.6030157734887225,0.5096327026882582,0.5527998236331569,0.5209673426780559,0.826749584788534
glass_identification,Glass Identification,Logistic Regression,Logistic Regression,370882,0.6543880837359098,0.5690402704291593,0.6033008367549431,0.6543880837359098,0.6208198913658749,0.5261136497247608,0.5690402704291593,0.5374195519663356,0.8304753779165011
glass_identification,Glass Identification,Logistic Regression,Logistic Regression,503966,0.6358695652173912,0.566468253968254,0.597947439704686,0.6358695652173912,0.6068958150951017,0.5510188885188885,0.566468253968254,0.5478475042329531,0.8287554308614091
glass_identification,Glass Identification,Logistic Regression,Logistic Regression,519965,0.644524959742351,0.5365593768371546,0.6041064086655874,0.644524959742351,0.6113897161021045,0.5208719778164222,0.5365593768371546,0.5180797382680766,0.8241039296519369
glass_identification,Glass Identification,Logistic Regression,Logistic Regression,535886,0.658011272141707,0.5636757789535567,0.6116352883563029,0.658011272141707,0.6232249921424103,0.5247073913740581,0.5636757789535567,0.5312116092000854,0.8227793811127144
glass_identification,Glass Identification,Logistic Regression,Logistic Regression,627018,0.6447262479871175,0.5527630805408583,0.611199921254269,0.6447262479871175,0.6114801395598497,0.5419727391949614,0.5527630805408583,0.5312897783912276,0.824317395399823
glass_identification,Glass Identification,Logistic Regression,Logistic Regression,648362,0.6487520128824477,0.5681216931216931,0.5950997785538849,0.6487520128824477,0.6117490273788415,0.5242250547806103,0.5681216931216931,0.5354023220724287,0.8249328712417481
glass_identification,Glass Identification,Logistic Regression,Logistic Regression,663649,0.6541867954911433,0.5460023515579071,0.6019217720908542,0.6541867954911433,0.6115752929444768,0.5224095862984752,0.5460023515579071,0.5197957987431672,0.8165798120961164
glass_identification,Glass Identification,Logistic Regression,Logistic Regression,934243,0.6348631239935587,0.5516607877718989,0.6082713616228108,0.6348631239935587,0.6109574696901389,0.5554826346493013,0.5516607877718989,0.5421188455889179,0.8155466849307429
glass_identification,Glass Identification,NBEM,NBEM-prop (implementation-level NBEM comparator),13,0.46256038647343,0.5008450911228688,0.4833357974395911,0.46256038647343,0.4233198344804139,0.44604775519808193,0.5008450911228688,0.4344114962133687,0.7650176061860844
glass_identification,Glass Identification,NBEM,NBEM-prop (implementation-level NBEM comparator),21,0.43961352657004826,0.5218988830099941,0.4386168157303423,0.43961352657004826,0.4045177618071383,0.45620022981134084,0.5218988830099941,0.4499433696921769,0.7720818051547218
glass_identification,Glass Identification,NBEM,NBEM-prop (implementation-level NBEM comparator),42,0.4524959742351046,0.5140726043503822,0.4321632986381494,0.4524959742351046,0.40617730505220967,0.45458459478067315,0.5140726043503822,0.44899753183506047,0.757749896959589
glass_identification,Glass Identification,NBEM,NBEM-prop (implementation-level NBEM comparator),87,0.48148148148148145,0.5365593768371546,0.4799739115107472,0.48148148148148145,0.4448761956576677,0.4948516504072059,0.5365593768371546,0.48019696607587903,0.7713027444911503
glass_identification,Glass Identification,NBEM,NBEM-prop (implementation-level NBEM comparator),123,0.47161835748792275,0.544973544973545,0.5353371160285412,0.47161835748792275,0.44348184945908203,0.5092292995070773,0.544973544973545,0.4757514258800509,0.7694961280332657
glass_identification,Glass Identification,NBEM,NBEM-prop (implementation-level NBEM comparator),41762,0.4490740740740741,0.4866622574955908,0.49852005214324063,0.4490740740740741,0.42366811505921004,0.4774891774891775,0.4866622574955908,0.4443715433563776,0.7673745085429868
glass_identification,Glass Identification,NBEM,NBEM-prop (implementation-level NBEM comparator),43529,0.463365539452496,0.527336860670194,0.47936074426110653,0.463365539452496,0.4329015693368604,0.4729908209074876,0.527336860670194,0.4664427724623504,0.767229413266551
glass_identification,Glass Identification,NBEM,NBEM-prop (implementation-level NBEM comparator),65932,0.4526972624798712,0.48754409171075835,0.5073440759928398,0.4526972624798712,0.4227520284966891,0.487653506321807,0.48754409171075835,0.44562005500220603,0.7649226369108616
glass_identification,Glass Identification,NBEM,NBEM-prop (implementation-level NBEM comparator),69887,0.4444444444444444,0.49419459141681366,0.47492228651648943,0.4444444444444444,0.42011423097115236,0.4757580382580382,0.49419459141681366,0.45437519581302954,0.7608142436267435
glass_identification,Glass Identification,NBEM,NBEM-prop (implementation-level NBEM comparator),156304,0.46799516908212563,0.5238462669018225,0.4919689967395281,0.46799516908212563,0.43310734933988204,0.48365559337781566,0.5238462669018225,0.4670751141541289,0.7708907734609727
glass_identification,Glass Identification,NBEM,NBEM-prop (implementation-level NBEM comparator),266458,0.463365539452496,0.5199147560258671,0.47508412816383827,0.463365539452496,0.42955164691275805,0.4766992266992267,0.5199147560258671,0.4642564739786962,0.7801174595332204
glass_identification,Glass Identification,NBEM,NBEM-prop (implementation-level NBEM comparator),273103,0.44786634460547503,0.483098177542622,0.4619781453114786,0.44786634460547503,0.4066732982859349,0.4510389302055969,0.483098177542622,0.4294032731071887,0.7562480666307658
glass_identification,Glass Identification,NBEM,NBEM-prop (implementation-level NBEM comparator),370882,0.4345813204508857,0.47545561434450323,0.4756372988257046,0.4345813204508857,0.4037235076447958,0.4423799194632527,0.47545561434450323,0.42294720816392645,0.7481908238701718
glass_identification,Glass Identification,NBEM,NBEM-prop (implementation-level NBEM comparator),503966,0.480877616747182,0.5310111699000588,0.5345364620460528,0.480877616747182,0.44893218525878076,0.5286819933878757,0.5310111699000588,0.49054418724009374,0.7739510682219015
glass_identification,Glass Identification,NBEM,NBEM-prop (implementation-level NBEM comparator),519965,0.44826892109500804,0.493422986478542,0.40687302275466525,0.44826892109500804,0.3913844650982795,0.4238787704065482,0.493422986478542,0.42673881195478236,0.7793867167621698
glass_identification,Glass Identification,NBEM,NBEM-prop (implementation-level NBEM comparator),535886,0.46739130434782605,0.5526161081716636,0.4700242021799993,0.46739130434782605,0.43067535565422976,0.49545477670477667,0.5526161081716636,0.49155467800511254,0.7706823889342005
glass_identification,Glass Identification,NBEM,NBEM-prop (implementation-level NBEM comparator),627018,0.4663848631239936,0.5176734273956496,0.4639237439962078,0.4663848631239936,0.4276041523399849,0.48611511944845276,0.5176734273956496,0.46408831250162524,0.7739556865236213
glass_identification,Glass Identification,NBEM,NBEM-prop (implementation-level NBEM comparator),648362,0.45873590982286633,0.5389476778365667,0.5032424030612437,0.45873590982286633,0.42126683419851335,0.4786138244471577,0.5389476778365667,0.4619483055198569,0.7722370465350539
glass_identification,Glass Identification,NBEM,NBEM-prop (implementation-level NBEM comparator),663649,0.4665861513687601,0.5221928277483833,0.4585598948823587,0.4665861513687601,0.4266950906539007,0.4750197333530667,0.5221928277483833,0.47086766385012,0.7591307147126893
glass_identification,Glass Identification,NBEM,NBEM-prop (implementation-level NBEM comparator),934243,0.4615539452495974,0.5125661375661376,0.44614053753546506,0.4615539452495974,0.4266861515653786,0.46124338624338623,0.5125661375661376,0.4585887654124369,0.7825648653547205
haberman_s_survival,Haberman Survival,Hybrid NBEM,Hybrid NBEM,13,0.7417204301075269,0.5774319279754063,0.7151065001373521,0.7417204301075269,0.6984911173597198,0.6643734705523288,0.5774319279754063,0.5715010792278359,0.7406071585419411
haberman_s_survival,Haberman Survival,Hybrid NBEM,Hybrid NBEM,21,0.735268817204301,0.5591595300834431,0.6998896354218899,0.735268817204301,0.6843247171354448,0.6439436648507838,0.5591595300834431,0.5477782644609034,0.7220794905577514
haberman_s_survival,Haberman Survival,Hybrid NBEM,Hybrid NBEM,42,0.7416129032258064,0.5688735177865613,0.6907035855422952,0.7416129032258064,0.6926900378197749,0.6275579975579976,0.5688735177865613,0.5616334309947756,0.6952816205533596
haberman_s_survival,Haberman Survival,Hybrid NBEM,Hybrid NBEM,87,0.7517204301075269,0.5790733421168204,0.75799277608232,0.7517204301075269,0.701513865320678,0.7480503452486211,0.5790733421168204,0.5719909242239042,0.7054183135704875
haberman_s_survival,Haberman Survival,Hybrid NBEM,Hybrid NBEM,123,0.7291397849462365,0.5505379885814669,0.6886975506969909,0.7291397849462365,0.6777783961664643,0.6269283181285406,0.5505379885814669,0.5383646661991021,0.7146286231884058
haberman_s_survival,Haberman Survival,Hybrid NBEM,Hybrid NBEM,41762,0.7421505376344086,0.5682778875713659,0.6956577102767649,0.7421505376344086,0.6900360977887682,0.6324500891416909,0.5682778875713659,0.554918248101863,0.7106623298199385
haberman_s_survival,Haberman Survival,Hybrid NBEM,Hybrid NBEM,43529,0.7417204301075269,0.5665925559947299,0.6847926811038751,0.7417204301075269,0.6921590473420237,0.6124713549129567,0.5665925559947299,0.557642528650932,0.7165513833992094
haberman_s_survival,Haberman Survival,Hybrid NBEM,Hybrid NBEM,65932,0.7489247311827957,0.5762049846288977,0.7325820906239149,0.7489247311827957,0.7031280677921508,0.6993403575989783,0.5762049846288977,0.5748151302758004,0.7289951141853316
haberman_s_survival,Haberman Survival,Hybrid NBEM,Hybrid NBEM,69887,0.7383870967741936,0.5612346288976724,0.71362156479364,0.7383870967741936,0.6871116422266328,0.6701831227243521,0.5612346288976724,0.5514113859996213,0.7223429951690821
haberman_s_survival,Haberman Survival,Hybrid NBEM,Hybrid NBEM,156304,0.7283870967741936,0.546165458937198,0.6855063522882916,0.7283870967741936,0.6718705662525412,0.6197462409464635,0.546165458937198,0.5268893354357699,0.7074522397891962
haberman_s_survival,Haberman Survival,Hybrid NBEM,Hybrid NBEM,266458,0.732258064516129,0.5593763724198506,0.7346585672392124,0.732258064516129,0.6840520863710029,0.7121514405135094,0.5593763724198506,0.5509369573928001,0.7241930171277997
haberman_s_survival,Haberman Survival,Hybrid NBEM,Hybrid NBEM,273103,0.7413978494623656,0.5512790953008345,0.6809644536864746,0.7413978494623656,0.6785425486313532,0.6120990547992773,0.5512790953008345,0.5307351036762802,0.706937582345191
haberman_s_survival,Haberman Survival,Hybrid NBEM,Hybrid NBEM,370882,0.7417204301075269,0.5636061703996487,0.6979675635498737,0.7417204301075269,0.6874785172904919,0.6370699840172079,0.5636061703996487,0.5497245568219749,0.6987895256916996
haberman_s_survival,Haberman Survival,Hybrid NBEM,Hybrid NBEM,503966,0.7577419354838709,0.5946585419411506,0.7191452497981976,0.7577419354838709,0.7140799239163295,0.6687361023395506,0.5946585419411506,0.5929790314727289,0.7317276021080369
haberman_s_survival,Haberman Survival,Hybrid NBEM,Hybrid NBEM,519965,0.7516129032258064,0.5862346288976724,0.7191152041136468,0.7516129032258064,0.7070964273798035,0.6685978274598965,0.5862346288976724,0.5824489670757521,0.7217528546332894
haberman_s_survival,Haberman Survival,Hybrid NBEM,Hybrid NBEM,535886,0.7355913978494624,0.5673117039964867,0.7007003572307614,0.7355913978494624,0.6907909061463302,0.639088441890166,0.5673117039964867,0.5604705327614263,0.706271958717611
haberman_s_survival,Haberman Survival,Hybrid NBEM,Hybrid NBEM,627018,0.7417204301075269,0.5636061703996487,0.7107953519104798,0.7417204301075269,0.6891503568992555,0.6616920866489832,0.5636061703996487,0.5524438031420129,0.7026130873956962
haberman_s_survival,Haberman Survival,Hybrid NBEM,Hybrid NBEM,648362,0.7445161290322581,0.5767210144927536,0.7323761851792997,0.7445161290322581,0.7017334646064337,0.6990653455739662,0.5767210144927536,0.5762799962400407,0.7254885814668424
haberman_s_survival,Haberman Survival,Hybrid NBEM,Hybrid NBEM,663649,0.7551612903225806,0.5807504391743523,0.7250086469100188,0.7551612903225806,0.7050143463071853,0.6819928985446226,0.5807504391743523,0.5748657969939086,0.7093955862977601
haberman_s_survival,Haberman Survival,Hybrid NBEM,Hybrid NBEM,934243,0.7383870967741936,0.5660051602986386,0.6979743837233641,0.7383870967741936,0.6915945411054112,0.639477776374328,0.5660051602986386,0.5606151859345136,0.7169768335529205
haberman_s_survival,Haberman Survival,Logistic Regression,Logistic Regression,13,0.7419354838709677,0.5500878348704437,0.6968215540779464,0.7419354838709677,0.677351535316666,0.638967979616478,0.5500878348704437,0.5263376748239843,0.6886336187966623
haberman_s_survival,Haberman Survival,Logistic Regression,Logistic Regression,21,0.735268817204301,0.5436484409310497,0.6807617842833196,0.735268817204301,0.6702010667745555,0.6113091786061753,0.5436484409310497,0.5185569040358956,0.6866985068072025
haberman_s_survival,Haberman Survival,Logistic Regression,Logistic Regression,42,0.741505376344086,0.5526679841897233,0.6899541026682294,0.741505376344086,0.6792039975522988,0.6338383647004336,0.5526679841897233,0.5337703686127659,0.6944554238032499
haberman_s_survival,Haberman Survival,Logistic Regression,Logistic Regression,87,0.7483870967741936,0.5645723539745279,0.7093920128690543,0.7483870967741936,0.6862466934368394,0.657174440419713,0.5645723539745279,0.5423405139439635,0.6714262187088273
haberman_s_survival,Haberman Survival,Logistic Regression,Logistic Regression,123,0.7353763440860215,0.538282279314888,0.6845087111702945,0.7353763440860215,0.6690635747072722,0.6217870679355663,0.538282279314888,0.5141980058534681,0.6783061594202898
haberman_s_survival,Haberman Survival,Logistic Regression,Logistic Regression,41762,0.7521505376344086,0.5718132411067194,0.7022735550371992,0.7521505376344086,0.694958250311793,0.6458124739965674,0.5718132411067194,0.5578247515422876,0.6838123078612208
haberman_s_survival,Haberman Survival,Logistic Regression,Logistic Regression,43529,0.741505376344086,0.5510814668423365,0.6957201447881056,0.741505376344086,0.6804741420288677,0.6410541865130297,0.5510814668423365,0.5340454964572215,0.6438899868247694
haberman_s_survival,Haberman Survival,Logistic Regression,Logistic Regression,65932,0.7453763440860215,0.5590167984189723,0.6993755554378469,0.7453763440860215,0.6864725508886191,0.64688013136289,0.5590167984189723,0.5447324283805971,0.6781112758014932
haberman_s_survival,Haberman Survival,Logistic Regression,Logistic Regression,69887,0.7447311827956989,0.556933465085639,0.6740093598020925,0.7447311827956989,0.6832486625737892,0.5968144499178982,0.556933465085639,0.5376521204074717,0.6865640096618357
haberman_s_survival,Haberman Survival,Logistic Regression,Logistic Regression,156304,0.7386021505376343,0.5456247255160298,0.684230786984432,0.7386021505376343,0.670044974144268,0.6164476990895233,0.5456247255160298,0.5153962029358228,0.6668505709266579
haberman_s_survival,Haberman Survival,Logistic Regression,Logistic Regression,266458,0.7417204301075269,0.5541639218269653,0.68095626352801,0.7417204301075269,0.6781427816018094,0.6116165635131152,0.5541639218269653,0.5297749255891678,0.6885485287659201
haberman_s_survival,Haberman Survival,Logistic Regression,Logistic Regression,273103,0.7381720430107527,0.5451279095300834,0.6567073304893104,0.7381720430107527,0.6704167308866644,0.5677715675129468,0.5451279095300834,0.5165921779011996,0.6949426328502415
haberman_s_survival,Haberman Survival,Logistic Regression,Logistic Regression,370882,0.7416129032258064,0.543423364075538,0.6643213836870827,0.7416129032258064,0.6699893071003921,0.5812634408602151,0.543423364075538,0.5130352231435156,0.6815656565656566
haberman_s_survival,Haberman Survival,Logistic Regression,Logistic Regression,503966,0.7383870967741936,0.5449302810715855,0.7005895196414291,0.7383870967741936,0.6750548737522893,0.6553283721387169,0.5449302810715855,0.525904491818278,0.6814970355731226
haberman_s_survival,Haberman Survival,Logistic Regression,Logistic Regression,519965,0.738494623655914,0.5465167984189724,0.6949058952378412,0.738494623655914,0.6731910954433232,0.6457311237149946,0.5465167984189724,0.5237926964954077,0.6747200263504611
haberman_s_survival,Haberman Survival,Logistic Regression,Logistic Regression,535886,0.7453763440860215,0.558421168203777,0.6973361563263605,0.7453763440860215,0.6821267119761689,0.6356764333182576,0.558421168203777,0.5354922371931133,0.6764849582784366
haberman_s_survival,Haberman Survival,Logistic Regression,Logistic Regression,627018,0.7351612903225806,0.5355950812472552,0.7058407651426561,0.7351612903225806,0.6638089958950418,0.6651396993810786,0.5355950812472552,0.5059579383946602,0.6866738032498902
haberman_s_survival,Haberman Survival,Logistic Regression,Logistic Regression,648362,0.7378494623655913,0.544137022397892,0.704075507177287,0.7378494623655913,0.6747260096588631,0.6601005747126437,0.544137022397892,0.5252679000882445,0.6954051383399209
haberman_s_survival,Haberman Survival,Logistic Regression,Logistic Regression,663649,0.7418279569892473,0.5515755379885815,0.6509023447000052,0.7418279569892473,0.673586950379127,0.5511944753429736,0.5515755379885815,0.5205227867500224,0.6711874176548089
haberman_s_survival,Haberman Survival,Logistic Regression,Logistic Regression,934243,0.7350537634408603,0.5395723539745279,0.6889538248455563,0.7350537634408603,0.6694773487224783,0.6341963145411421,0.5395723539745279,0.5173678616892506,0.6875768555116382
haberman_s_survival,Haberman Survival,NBEM,NBEM-prop (implementation-level NBEM comparator),13,0.7484946236559139,0.5665651075977163,0.7174223733873345,0.7484946236559139,0.6928584561737077,0.67267730832386,0.5665651075977163,0.5532905534751672,0.6537631752305665
haberman_s_survival,Haberman Survival,NBEM,NBEM-prop (implementation-level NBEM comparator),21,0.7448387096774194,0.5649868247694335,0.6917564068979644,0.7448387096774194,0.6890617393895178,0.6237763940216665,0.5649868247694335,0.5494183333866867,0.658945432586737
haberman_s_survival,Haberman Survival,NBEM,NBEM-prop (implementation-level NBEM comparator),42,0.7448387096774194,0.5711462450592886,0.6890203808056978,0.7448387096774194,0.6916105548063756,0.6233955412403688,0.5711462450592886,0.5575536406628447,0.6257767896354853
haberman_s_survival,Haberman Survival,NBEM,NBEM-prop (implementation-level NBEM comparator),87,0.7452688172043012,0.5746267018006148,0.7038857749879555,0.7452688172043012,0.6903158249556084,0.6407667399659105,0.5746267018006148,0.5541451148537548,0.6490146025472112
haberman_s_survival,Haberman Survival,NBEM,NBEM-prop (implementation-level NBEM comparator),123,0.7453763440860215,0.5725433684672815,0.7219144026986074,0.7453763440860215,0.699084151379892,0.6796885043436768,0.5725433684672815,0.5687232828359237,0.615139163372859
haberman_s_survival,Haberman Survival,NBEM,NBEM-prop (implementation-level NBEM comparator),41762,0.7453763440860215,0.5712450592885376,0.6840816339726419,0.7453763440860215,0.691516088493157,0.6111471090294783,0.5712450592885376,0.5562264947367783,0.6619743631971893
haberman_s_survival,Haberman Survival,NBEM,NBEM-prop (implementation-level NBEM comparator),43529,0.7448387096774194,0.5693620992534036,0.7010438525693587,0.7448387096774194,0.694444830116528,0.6429848771506168,0.5693620992534036,0.5606649423776189,0.6115008783487044
haberman_s_survival,Haberman Survival,NBEM,NBEM-prop (implementation-level NBEM comparator),65932,0.7486021505376345,0.5726257136583224,0.7069061955361547,0.7486021505376345,0.6971144877535974,0.653566481411309,0.5726257136583224,0.5638119762836744,0.6348937747035573
haberman_s_survival,Haberman Survival,NBEM,NBEM-prop (implementation-level NBEM comparator),69887,0.7481720430107527,0.5713356389986826,0.6775922163775334,0.7481720430107527,0.693068311010651,0.5963509746958022,0.5713356389986826,0.555526911582683,0.6604605841018885
haberman_s_survival,Haberman Survival,NBEM,NBEM-prop (implementation-level NBEM comparator),156304,0.7419354838709677,0.5679814448836188,0.7104401783177585,0.7419354838709677,0.6891940777381439,0.657317645900552,0.5679814448836188,0.5528859618000792,0.6251344971453667
haberman_s_survival,Haberman Survival,NBEM,NBEM-prop (implementation-level NBEM comparator),266458,0.7419354838709677,0.5661945542380324,0.7181904351105396,0.7419354838709677,0.6898104491361154,0.6774981035123464,0.5661945542380324,0.5542402197233733,0.6440574220465525
haberman_s_survival,Haberman Survival,NBEM,NBEM-prop (implementation-level NBEM comparator),273103,0.7479569892473118,0.5712368247694335,0.6650286810787367,0.7479569892473118,0.6907319446572069,0.571801601336084,0.5712368247694335,0.550797748588814,0.6542860671936759
haberman_s_survival,Haberman Survival,NBEM,NBEM-prop (implementation-level NBEM comparator),370882,0.7480645161290322,0.5664662933684672,0.6747527362096477,0.7480645161290322,0.6893157532323952,0.5919702181187164,0.5664662933684672,0.5471965986494288,0.6153491436100131
haberman_s_survival,Haberman Survival,NBEM,NBEM-prop (implementation-level NBEM comparator),503966,0.7580645161290323,0.5858119235836627,0.7482379603258357,0.7580645161290323,0.7118425554342871,0.7278641109848006,0.5858119235836627,0.5868011628199363,0.6348045674132631
haberman_s_survival,Haberman Survival,NBEM,NBEM-prop (implementation-level NBEM comparator),519965,0.7450537634408602,0.5663757136583223,0.7465269438343966,0.7450537634408602,0.6920986679298382,0.7294746045780529,0.5663757136583223,0.5567865054430505,0.6343379446640316
haberman_s_survival,Haberman Survival,NBEM,NBEM-prop (implementation-level NBEM comparator),535886,0.7487096774193549,0.5768994290733421,0.7251294611134397,0.7487096774193549,0.6977465429077061,0.6814060138045122,0.5768994290733421,0.5658110380446453,0.6205396354852877
haberman_s_survival,Haberman Survival,NBEM,NBEM-prop (implementation-level NBEM comparator),627018,0.7448387096774194,0.5690629117259551,0.6956883153306958,0.7448387096774194,0.6923657800231633,0.6322621679087196,0.5690629117259551,0.5568175134653031,0.6653244400527009
haberman_s_survival,Haberman Survival,NBEM,NBEM-prop (implementation-level NBEM comparator),648362,0.74752688172043,0.5749176548089592,0.7187473614014215,0.74752688172043,0.7001326251863254,0.6752502095605544,0.5749176548089592,0.5716353695324283,0.6492341897233201
haberman_s_survival,Haberman Survival,NBEM,NBEM-prop (implementation-level NBEM comparator),663649,0.7417204301075269,0.5636061703996487,0.6788267811583683,0.7417204301075269,0.6824075772608544,0.5981144544559813,0.5636061703996487,0.5391862464077276,0.6394296223100571
haberman_s_survival,Haberman Survival,NBEM,NBEM-prop (implementation-level NBEM comparator),934243,0.7448387096774194,0.5703529863855951,0.6937790560035276,0.7448387096774194,0.6940402560686383,0.6304988982920017,0.5703529863855951,0.5612610562153741,0.6575318401405358
heart_disease,Heart Disease,Hybrid NBEM,Hybrid NBEM,13,0.6002150537634409,0.33603431372549014,0.5456251201240215,0.6002150537634409,0.5643887368480398,0.31783090078136517,0.33603431372549014,0.3185170316439666,0.8270208482525316
heart_disease,Heart Disease,Hybrid NBEM,Hybrid NBEM,21,0.5743010752688172,0.2933676470588235,0.5077286389259932,0.5743010752688172,0.5222162644845157,0.28707286642553836,0.2933676470588235,0.27176314849999056,0.8210010158561142
heart_disease,Heart Disease,Hybrid NBEM,Hybrid NBEM,42,0.5908602150537634,0.3203676470588235,0.5193879981616261,0.5908602150537634,0.5472512581130378,0.28740153292438253,0.3203676470588235,0.29762148644269387,0.8150778500177089
heart_disease,Heart Disease,Hybrid NBEM,Hybrid NBEM,87,0.5775268817204301,0.2928970588235294,0.516531964145421,0.5775268817204301,0.538585054061335,0.2783962021324721,0.2928970588235294,0.27751775679716856,0.8182783370072023
heart_disease,Heart Disease,Hybrid NBEM,Hybrid NBEM,123,0.5910752688172043,0.3162941176470588,0.5207861163604197,0.5910752688172043,0.5478933300563182,0.2965404788709742,0.3162941176470588,0.2984526265973634,0.8328226309882595
heart_disease,Heart Disease,Hybrid NBEM,Hybrid NBEM,41762,0.5873118279569892,0.3123970588235294,0.5226306750692908,0.5873118279569892,0.540278053777105,0.2892823406458485,0.3123970588235294,0.28445643439761087,0.8207572092870944
heart_disease,Heart Disease,Hybrid NBEM,Hybrid NBEM,43529,0.5810752688172043,0.2953970588235294,0.5058568731380326,0.5810752688172043,0.5310709618363851,0.28421782843919063,0.2953970588235294,0.27739383441105103,0.8212068366485681
heart_disease,Heart Disease,Hybrid NBEM,Hybrid NBEM,65932,0.5770967741935483,0.29377450980392156,0.5054366882936743,0.5770967741935483,0.5296974328891836,0.2663273133814929,0.29377450980392156,0.26959086595309506,0.8165087756123908
heart_disease,Heart Disease,Hybrid NBEM,Hybrid NBEM,69887,0.6138709677419355,0.3394607843137255,0.5589943164544227,0.6138709677419355,0.5756041009295279,0.32574483105772645,0.3394607843137255,0.3224507223036635,0.8299304888577413
heart_disease,Heart Disease,Hybrid NBEM,Hybrid NBEM,156304,0.5811827956989247,0.3031617647058823,0.5132636594798512,0.5811827956989247,0.5407569737212202,0.2773578057462497,0.3031617647058823,0.2844662163021296,0.8131215989849286
heart_disease,Heart Disease,Hybrid NBEM,Hybrid NBEM,266458,0.590752688172043,0.31129411764705883,0.518518706753851,0.590752688172043,0.5463767541148946,0.29292374876585403,0.31129411764705883,0.2957451645743866,0.8151941797432712
heart_disease,Heart Disease,Hybrid NBEM,Hybrid NBEM,273103,0.5641935483870968,0.29346078431372546,0.5274651717317751,0.5641935483870968,0.536072079938154,0.2943062558356676,0.29346078431372546,0.28437489891359863,0.8257829759742996
heart_disease,Heart Disease,Hybrid NBEM,Hybrid NBEM,370882,0.584516129032258,0.3127009803921569,0.508911389219988,0.584516129032258,0.5386416129129784,0.29399758755176714,0.3127009803921569,0.2965835373902277,0.8144571513080227
heart_disease,Heart Disease,Hybrid NBEM,Hybrid NBEM,503966,0.6073118279569892,0.3344607843137255,0.5502643431974346,0.6073118279569892,0.558244131782879,0.337141080147474,0.3344607843137255,0.3131439330128449,0.8169323849559852
heart_disease,Heart Disease,Hybrid NBEM,Hybrid NBEM,519965,0.5909677419354838,0.32352450980392156,0.5141509957689924,0.5909677419354838,0.5440270051984822,0.291734335839599,0.32352450980392156,0.30039336624565827,0.8287923142568305
heart_disease,Heart Disease,Hybrid NBEM,Hybrid NBEM,535886,0.5905376344086022,0.3198872549019608,0.5235472172611392,0.5905376344086022,0.5480550179279831,0.28658673198146883,0.3198872549019608,0.2945232000375314,0.8207852492458722
heart_disease,Heart Disease,Hybrid NBEM,Hybrid NBEM,627018,0.5875268817204301,0.3034509803921569,0.5156871198034186,0.5875268817204301,0.5361718647140599,0.28116404647983595,0.3034509803921569,0.2770805613282393,0.8254122652598367
heart_disease,Heart Disease,Hybrid NBEM,Hybrid NBEM,648362,0.5943010752688173,0.3122009803921569,0.5385730410255027,0.5943010752688173,0.5572387593592028,0.30285380116959065,0.3122009803921569,0.298336909184707,0.8309729150359109
heart_disease,Heart Disease,Hybrid NBEM,Hybrid NBEM,663649,0.6036559139784946,0.3320343137254902,0.5570181634726227,0.6036559139784946,0.5690603400976891,0.32721878448349034,0.3320343137254902,0.31938674094915126,0.8238668653830686
heart_disease,Heart Disease,Hybrid NBEM,Hybrid NBEM,934243,0.5870967741935484,0.30046078431372547,0.5063687991325563,0.5870967741935484,0.537336762347798,0.2829607843137255,0.30046078431372547,0.2824234827919038,0.8294000720890228
heart_disease,Heart Disease,Logistic Regression,Logistic Regression,13,0.5972043010752688,0.33343137254901956,0.5637385129490393,0.5972043010752688,0.5681416599575992,0.34136319966583123,0.33343137254901956,0.3223272636654989,0.8166141084269004
heart_disease,Heart Disease,Logistic Regression,Logistic Regression,21,0.590752688172043,0.3305049019607843,0.5486518284167091,0.590752688172043,0.5588820768268985,0.33815479876160986,0.3305049019607843,0.32156903076427695,0.8125227183190475
heart_disease,Heart Disease,Logistic Regression,Logistic Regression,42,0.5968817204301076,0.3409509803921568,0.5464945282772607,0.5968817204301076,0.5640539684075587,0.3241633986928104,0.3409509803921568,0.3225167581235692,0.8228374154779976
heart_disease,Heart Disease,Logistic Regression,Logistic Regression,87,0.5902150537634409,0.3384803921568627,0.5485757445002926,0.5902150537634409,0.5567182716983148,0.3319212438748042,0.3384803921568627,0.32361433967113473,0.8145900280976661
heart_disease,Heart Disease,Logistic Regression,Logistic Regression,123,0.6007526881720431,0.33886764705882355,0.561897053647478,0.6007526881720431,0.5694642522185217,0.33164838120256074,0.33886764705882355,0.3231731560574065,0.8307486608977339
heart_disease,Heart Disease,Logistic Regression,Logistic Regression,41762,0.5939784946236559,0.3392205882352941,0.5648543216569781,0.5939784946236559,0.569597506437814,0.34292296918767506,0.3392205882352941,0.32925743654071826,0.8167563122865682
heart_disease,Heart Disease,Logistic Regression,Logistic Regression,43529,0.5838709677419355,0.3181470588235294,0.5659146561850547,0.5838709677419355,0.557401380377811,0.3265407636738906,0.3181470588235294,0.3047497315889406,0.8219755467756951
heart_disease,Heart Disease,Logistic Regression,Logistic Regression,65932,0.5806451612903226,0.3037843137254902,0.5436754414160895,0.5806451612903226,0.5516904358924732,0.3067671020145108,0.3037843137254902,0.2962142611208825,0.8253045578914693
heart_disease,Heart Disease,Logistic Regression,Logistic Regression,69887,0.6106451612903225,0.3485539215686274,0.570971902841633,0.6106451612903225,0.5773103090751648,0.3478624830696442,0.3485539215686274,0.33321133552113275,0.8278912662119188
heart_disease,Heart Disease,Logistic Regression,Logistic Regression,156304,0.5876344086021505,0.31200490196078434,0.5556851204545202,0.5876344086021505,0.5573757903806341,0.32725984077841663,0.31200490196078434,0.3032150563574712,0.8245598040542793
heart_disease,Heart Disease,Logistic Regression,Logistic Regression,266458,0.5940860215053763,0.3455441176470588,0.5483408344169833,0.5940860215053763,0.5645393106455725,0.3201053363374335,0.3455441176470588,0.3255352313734666,0.8242871943139463
heart_disease,Heart Disease,Logistic Regression,Logistic Regression,273103,0.6003225806451613,0.3417107843137255,0.5728077182202819,0.6003225806451613,0.5741278533887642,0.37700501253132834,0.3417107843137255,0.3420970802735509,0.827865879618123
heart_disease,Heart Disease,Logistic Regression,Logistic Regression,370882,0.613978494623656,0.35177450980392155,0.5769847728256298,0.613978494623656,0.5837684136897658,0.35864994370954123,0.35177450980392155,0.34292615895015277,0.8129823791988233
heart_disease,Heart Disease,Logistic Regression,Logistic Regression,503966,0.6003225806451613,0.34112745098039216,0.5744903381196076,0.6003225806451613,0.5722282139837818,0.3474283804430863,0.34112745098039216,0.32705738791277594,0.818965679988724
heart_disease,Heart Disease,Logistic Regression,Logistic Regression,519965,0.5838709677419355,0.31233823529411764,0.5349172536020633,0.5838709677419355,0.5476150440840594,0.3063091552410438,0.31233823529411764,0.2961690230900757,0.8263244405479853
heart_disease,Heart Disease,Logistic Regression,Logistic Regression,535886,0.5936559139784946,0.33046078431372544,0.5680905761088914,0.5936559139784946,0.5640002680647842,0.3405269311385882,0.33046078431372544,0.3181438287965802,0.8176284919073018
heart_disease,Heart Disease,Logistic Regression,Logistic Regression,627018,0.5941935483870967,0.32737745098039217,0.5342247736557612,0.5941935483870967,0.553831184275906,0.3023241079040312,0.32737745098039217,0.30224336515780137,0.8253972714448243
heart_disease,Heart Disease,Logistic Regression,Logistic Regression,648362,0.5843010752688171,0.31573529411764706,0.5453404748430215,0.5843010752688171,0.5575702584440725,0.31497410192147035,0.31573529411764706,0.30650990168637227,0.8198346755292251
heart_disease,Heart Disease,Logistic Regression,Logistic Regression,663649,0.6074193548387097,0.3336911764705882,0.5590106988474219,0.6074193548387097,0.5706762436571685,0.3325783971864871,0.3336911764705882,0.3192317995321091,0.829470934353415
heart_disease,Heart Disease,Logistic Regression,Logistic Regression,934243,0.6002150537634409,0.3222941176470588,0.5611560627749582,0.6002150537634409,0.5704509699215581,0.32536376703791564,0.3222941176470588,0.3137771022035728,0.8281796402762291
heart_disease,Heart Disease,NBEM,NBEM-prop (implementation-level NBEM comparator),13,0.5738709677419355,0.3085147058823529,0.5330227046109898,0.5738709677419355,0.5467440121492853,0.29472917588087866,0.3085147058823529,0.29475934935377657,0.8189309724970645
heart_disease,Heart Disease,NBEM,NBEM-prop (implementation-level NBEM comparator),21,0.5511827956989247,0.29538235294117643,0.5296432339017478,0.5511827956989247,0.5345428319221014,0.2972703326944813,0.29538235294117643,0.28984881990242517,0.818718766001024
heart_disease,Heart Disease,NBEM,NBEM-prop (implementation-level NBEM comparator),42,0.5707526881720429,0.32435784313725485,0.5311034171450131,0.5707526881720429,0.5442017812052267,0.3086079905646469,0.32435784313725485,0.3098294167467242,0.8157450807806018
heart_disease,Heart Disease,NBEM,NBEM-prop (implementation-level NBEM comparator),87,0.5640860215053763,0.2973039215686274,0.5135754805669417,0.5640860215053763,0.5336234149354093,0.2774181308887191,0.2973039215686274,0.28309206427782274,0.8120824673218815
heart_disease,Heart Disease,NBEM,NBEM-prop (implementation-level NBEM comparator),123,0.5678494623655914,0.29927450980392156,0.5227427151581251,0.5678494623655914,0.5393941011284464,0.2860407513882746,0.29927450980392156,0.2870427963222081,0.8204429003857072
heart_disease,Heart Disease,NBEM,NBEM-prop (implementation-level NBEM comparator),41762,0.5707526881720429,0.3109705882352941,0.5213542632672763,0.5707526881720429,0.538471771078732,0.29085216718266255,0.3109705882352941,0.29285340347182454,0.8137379771672318
heart_disease,Heart Disease,NBEM,NBEM-prop (implementation-level NBEM comparator),43529,0.5578494623655914,0.28846078431372546,0.5191773750881911,0.5578494623655914,0.5318668916095761,0.2827615015703251,0.28846078431372546,0.2778595880337366,0.8121585993889109
heart_disease,Heart Disease,NBEM,NBEM-prop (implementation-level NBEM comparator),65932,0.5478494623655914,0.2832549019607843,0.5156278160661463,0.5478494623655914,0.5233797904661283,0.2801056786350904,0.2832549019607843,0.2731392856193615,0.8161484538209974
heart_disease,Heart Disease,NBEM,NBEM-prop (implementation-level NBEM comparator),69887,0.5678494623655914,0.3067549019607843,0.5247199313331341,0.5678494623655914,0.5397208558435214,0.28696250653371397,0.3067549019607843,0.2902309488756857,0.814045706319251
heart_disease,Heart Disease,NBEM,NBEM-prop (implementation-level NBEM comparator),156304,0.5547311827956989,0.2938921568627451,0.5220880947361024,0.5547311827956989,0.5304780017035263,0.2825081699346405,0.2938921568627451,0.27763574964671045,0.8143526673994786
heart_disease,Heart Disease,NBEM,NBEM-prop (implementation-level NBEM comparator),266458,0.5710752688172043,0.31376470588235295,0.5355754645944399,0.5710752688172043,0.5475292916712571,0.3007422969187675,0.31376470588235295,0.30115697536460545,0.8188482569532255
heart_disease,Heart Disease,NBEM,NBEM-prop (implementation-level NBEM comparator),273103,0.5870967741935484,0.3318774509803921,0.5561198021936562,0.5870967741935484,0.5621970564367781,0.3373659147869674,0.3318774509803921,0.3251256506550624,0.8261343952241059
heart_disease,Heart Disease,NBEM,NBEM-prop (implementation-level NBEM comparator),370882,0.5350537634408602,0.264921568627451,0.4980833476245191,0.5350537634408602,0.5121797810279783,0.25254139135718084,0.264921568627451,0.2554561858186147,0.8117597436908524
heart_disease,Heart Disease,NBEM,NBEM-prop (implementation-level NBEM comparator),503966,0.5808602150537634,0.3127745098039216,0.546243063959133,0.5808602150537634,0.5520940137391751,0.30980966118504816,0.3127745098039216,0.29713475356122415,0.813731542523997
heart_disease,Heart Disease,NBEM,NBEM-prop (implementation-level NBEM comparator),519965,0.5644086021505377,0.3154754901960784,0.5457870790154321,0.5644086021505377,0.5433271823656565,0.3302903185565724,0.3154754901960784,0.30762294453775185,0.8247008116843675
heart_disease,Heart Disease,NBEM,NBEM-prop (implementation-level NBEM comparator),535886,0.5440860215053763,0.28570098039215686,0.5048276945709284,0.5440860215053763,0.5165243460698352,0.2633856643872124,0.28570098039215686,0.266427914090346,0.8075443728081474
heart_disease,Heart Disease,NBEM,NBEM-prop (implementation-level NBEM comparator),627018,0.5679569892473119,0.3082450980392157,0.5309254520710378,0.5679569892473119,0.544421258229907,0.29657146542827656,0.3082450980392157,0.29661093466933375,0.8139484051605297
heart_disease,Heart Disease,NBEM,NBEM-prop (implementation-level NBEM comparator),648362,0.548494623655914,0.27030882352941177,0.5218710312956792,0.548494623655914,0.5281844339937319,0.2704972949307315,0.27030882352941177,0.2658596630361336,0.8127129554929888
heart_disease,Heart Disease,NBEM,NBEM-prop (implementation-level NBEM comparator),663649,0.5546236559139784,0.28491176470588236,0.5164620281873102,0.5546236559139784,0.5287050274981964,0.2740729330009516,0.28491176470588236,0.2724999904506546,0.8147548309077045
heart_disease,Heart Disease,NBEM,NBEM-prop (implementation-level NBEM comparator),934243,0.5804301075268817,0.3430343137254902,0.5333844700302305,0.5804301075268817,0.5486281303177338,0.32004474421347484,0.3430343137254902,0.3202208280925448,0.8227084794769629
heart_failure_clinical_records,Heart Failure,Hybrid NBEM,Hybrid NBEM,13,0.8329885057471265,0.7926984126984127,0.8383121553448232,0.8329885057471265,0.8292263416733643,0.8252521042395184,0.7926984126984127,0.8005191300247333,0.8908835978835979
heart_failure_clinical_records,Heart Failure,Hybrid NBEM,Hybrid NBEM,21,0.8293103448275863,0.7711507936507938,0.8286757469028834,0.8293103448275863,0.8211350176185508,0.8223184484597528,0.7711507936507938,0.786224342267346,0.8948756613756614
heart_failure_clinical_records,Heart Failure,Hybrid NBEM,Hybrid NBEM,42,0.8327586206896551,0.7878174603174604,0.8322939133266207,0.8327586206896551,0.8284636581338154,0.8205502557447637,0.7878174603174604,0.798736370300797,0.9004761904761904
heart_failure_clinical_records,Heart Failure,Hybrid NBEM,Hybrid NBEM,87,0.8397701149425287,0.7912301587301587,0.8466145001661849,0.8397701149425287,0.8343522522940487,0.8419056740996101,0.7912301587301587,0.8046230526144743,0.8983835978835979
heart_failure_clinical_records,Heart Failure,Hybrid NBEM,Hybrid NBEM,123,0.8260919540229885,0.7748809523809523,0.8292387058635186,0.8260919540229885,0.819578968588426,0.8202275079992472,0.7748809523809523,0.7866432822861142,0.9001825396825396
heart_failure_clinical_records,Heart Failure,Hybrid NBEM,Hybrid NBEM,41762,0.8331034482758621,0.7771031746031746,0.839576521311254,0.8331034482758621,0.8226350247902856,0.8372587730305122,0.7771031746031746,0.7885059591315214,0.8924470899470899
heart_failure_clinical_records,Heart Failure,Hybrid NBEM,Hybrid NBEM,43529,0.8159770114942528,0.7639285714285714,0.816326383705694,0.8159770114942528,0.8088345194388598,0.8057308802308804,0.7639285714285714,0.7751002749595994,0.8809444444444445
heart_failure_clinical_records,Heart Failure,Hybrid NBEM,Hybrid NBEM,65932,0.8260919540229885,0.7832142857142858,0.8307111614382097,0.8260919540229885,0.8211751922773161,0.817865963249595,0.7832142857142858,0.7911273198633766,0.8885661375661374
heart_failure_clinical_records,Heart Failure,Hybrid NBEM,Hybrid NBEM,69887,0.8358620689655172,0.7876984126984128,0.8375233990052896,0.8358620689655172,0.8309735163349987,0.8294780594437345,0.7876984126984128,0.8009122639947416,0.8923597883597884
heart_failure_clinical_records,Heart Failure,Hybrid NBEM,Hybrid NBEM,156304,0.8229885057471265,0.7759920634920635,0.8232101641070907,0.8229885057471265,0.8170652473427481,0.8103065050891137,0.7759920634920635,0.7846213086723051,0.8912619047619048
heart_failure_clinical_records,Heart Failure,Hybrid NBEM,Hybrid NBEM,266458,0.8228735632183908,0.7640476190476191,0.8296361678745487,0.8228735632183908,0.8134323945411502,0.8273675237805673,0.7640476190476191,0.7785314774188091,0.8931560846560848
heart_failure_clinical_records,Heart Failure,Hybrid NBEM,Hybrid NBEM,273103,0.8291954022988506,0.7768650793650793,0.8337883309427537,0.8291954022988506,0.8221278469847754,0.8290546772068511,0.7768650793650793,0.7905104162682695,0.8961560846560847
heart_failure_clinical_records,Heart Failure,Hybrid NBEM,Hybrid NBEM,370882,0.8360919540229885,0.7841269841269841,0.83832119744601,0.8360919540229885,0.82916495103175,0.8305936696154088,0.7841269841269841,0.7965474375159279,0.8879074074074074
heart_failure_clinical_records,Heart Failure,Hybrid NBEM,Hybrid NBEM,503966,0.8226436781609194,0.7796031746031746,0.8287139990888116,0.8226436781609194,0.8185147419893244,0.8157772692283561,0.7796031746031746,0.7884215414429995,0.8899973544973545
heart_failure_clinical_records,Heart Failure,Hybrid NBEM,Hybrid NBEM,519965,0.8191954022988506,0.770515873015873,0.8242218028347003,0.8191954022988506,0.8139948225687095,0.8163551494272319,0.770515873015873,0.7825397315109315,0.8846137566137566
heart_failure_clinical_records,Heart Failure,Hybrid NBEM,Hybrid NBEM,535886,0.8428735632183908,0.7917460317460318,0.8450069074409404,0.8428735632183908,0.833543858339684,0.8400918972332017,0.7917460317460318,0.8021502620186831,0.8815899470899471
heart_failure_clinical_records,Heart Failure,Hybrid NBEM,Hybrid NBEM,627018,0.8358620689655172,0.7907539682539683,0.8348807928286938,0.8358620689655172,0.8311654124597767,0.823773135077483,0.7907539682539683,0.8016680384485337,0.875462962962963
heart_failure_clinical_records,Heart Failure,Hybrid NBEM,Hybrid NBEM,648362,0.8529885057471265,0.8122222222222222,0.8605498726865017,0.8529885057471265,0.848460236325901,0.8538520626335272,0.8122222222222222,0.8219948335123487,0.8995846560846561
heart_failure_clinical_records,Heart Failure,Hybrid NBEM,Hybrid NBEM,663649,0.8322988505747126,0.787420634920635,0.8403469206954964,0.8322988505747126,0.8236887341491803,0.8288743804504675,0.787420634920635,0.7919506921866704,0.8938703703703703
heart_failure_clinical_records,Heart Failure,Hybrid NBEM,Hybrid NBEM,934243,0.8364367816091954,0.7879365079365079,0.8394439329166703,0.8364367816091954,0.8304163656057545,0.831835371595097,0.7879365079365079,0.7995288787468982,0.882100529100529
heart_failure_clinical_records,Heart Failure,Logistic Regression,Logistic Regression,13,0.8362068965517242,0.7969047619047619,0.841499295446072,0.8362068965517242,0.8321623459781824,0.827927959721438,0.7969047619047619,0.8035003699905101,0.8778783068783069
heart_failure_clinical_records,Heart Failure,Logistic Regression,Logistic Regression,21,0.835977011494253,0.8006349206349206,0.8427465950093433,0.835977011494253,0.8339804462333588,0.8297944179218577,0.8006349206349206,0.8079924899449542,0.8759365079365079
heart_failure_clinical_records,Heart Failure,Logistic Regression,Logistic Regression,42,0.8393103448275863,0.7976984126984126,0.8402662800994884,0.8393103448275863,0.8338365358109412,0.8269908714473931,0.7976984126984126,0.8044173804956092,0.8776957671957671
heart_failure_clinical_records,Heart Failure,Logistic Regression,Logistic Regression,87,0.8364367816091954,0.8006349206349206,0.8408099558673614,0.8364367816091954,0.8337546866950613,0.8257216286764342,0.8006349206349206,0.8067986841975492,0.8685714285714287
heart_failure_clinical_records,Heart Failure,Logistic Regression,Logistic Regression,123,0.8194252873563219,0.7779365079365079,0.8201232898208752,0.8194252873563219,0.8146853582716844,0.8012092236520154,0.7779365079365079,0.7827581450260412,0.8750132275132275
heart_failure_clinical_records,Heart Failure,Logistic Regression,Logistic Regression,41762,0.8331034482758621,0.7927777777777777,0.8323946365561807,0.8331034482758621,0.8295796316326923,0.817809539494322,0.7927777777777777,0.8011520871912847,0.874873015873016
heart_failure_clinical_records,Heart Failure,Logistic Regression,Logistic Regression,43529,0.8393103448275863,0.8014682539682539,0.8416518081147016,0.8393103448275863,0.8344799031552078,0.8293999466716858,0.8014682539682539,0.8073997089556384,0.8712037037037037
heart_failure_clinical_records,Heart Failure,Logistic Regression,Logistic Regression,65932,0.8294252873563218,0.7882142857142858,0.8343367469918406,0.8294252873563218,0.8244569310040036,0.8218698781513426,0.7882142857142858,0.7950637711868715,0.8733492063492063
heart_failure_clinical_records,Heart Failure,Logistic Regression,Logistic Regression,69887,0.835977011494253,0.7946825396825397,0.8333570227873077,0.835977011494253,0.8322183602048219,0.8150124694146434,0.7946825396825397,0.8016953087951719,0.8712063492063493
heart_failure_clinical_records,Heart Failure,Logistic Regression,Logistic Regression,156304,0.8329885057471265,0.7911111111111111,0.8344475889798701,0.8329885057471265,0.8290904163574293,0.8211775221981172,0.7911111111111111,0.799748147619755,0.8632460317460318
heart_failure_clinical_records,Heart Failure,Logistic Regression,Logistic Regression,266458,0.8332183908045977,0.7952777777777778,0.8377765338110166,0.8332183908045977,0.8303781819410666,0.8248701298701299,0.7952777777777778,0.8033137279025937,0.877478835978836
heart_failure_clinical_records,Heart Failure,Logistic Regression,Logistic Regression,273103,0.8326436781609197,0.802063492063492,0.8437176354056092,0.8326436781609197,0.8289493792432163,0.8271159937413808,0.802063492063492,0.8024281226692235,0.8646349206349206
heart_failure_clinical_records,Heart Failure,Logistic Regression,Logistic Regression,370882,0.8427586206896551,0.8038492063492063,0.8478117042906359,0.8427586206896551,0.839431874426778,0.8356789660250759,0.8038492063492063,0.8120596130036155,0.8717407407407407
heart_failure_clinical_records,Heart Failure,Logistic Regression,Logistic Regression,503966,0.8360919540229885,0.7933730158730159,0.8355020366136519,0.8360919540229885,0.8316147629002136,0.8216918737885557,0.7933730158730159,0.8020145191700239,0.8732883597883598
heart_failure_clinical_records,Heart Failure,Logistic Regression,Logistic Regression,519965,0.835977011494253,0.7979761904761904,0.8375097142986949,0.835977011494253,0.8322843028245401,0.8242434123847167,0.7979761904761904,0.8052272902374271,0.8727962962962963
heart_failure_clinical_records,Heart Failure,Logistic Regression,Logistic Regression,535886,0.8324137931034483,0.7923015873015873,0.833503128486262,0.8324137931034483,0.8283984880239039,0.8200657977288411,0.7923015873015873,0.8002535372780052,0.8589100529100528
heart_failure_clinical_records,Heart Failure,Logistic Regression,Logistic Regression,627018,0.8291954022988506,0.7857539682539683,0.8288858015076157,0.8291954022988506,0.8251137306394651,0.8156549971767364,0.7857539682539683,0.7954803614564432,0.8727804232804234
heart_failure_clinical_records,Heart Failure,Logistic Regression,Logistic Regression,648362,0.8329885057471265,0.79234126984127,0.844442096758427,0.8329885057471265,0.8270687622393584,0.832605604488092,0.79234126984127,0.7971125854996949,0.8650608465608466
heart_failure_clinical_records,Heart Failure,Logistic Regression,Logistic Regression,663649,0.8425287356321839,0.8049206349206349,0.8497866056149415,0.8425287356321839,0.8385125054015423,0.8387454121964991,0.8049206349206349,0.8119927948146893,0.8734206349206349
heart_failure_clinical_records,Heart Failure,Logistic Regression,Logistic Regression,934243,0.8331034482758621,0.7923412698412698,0.8365850827529199,0.8331034482758621,0.8296736942813103,0.8241802051241411,0.7923412698412698,0.8013960137574522,0.8748095238095239
heart_failure_clinical_records,Heart Failure,NBEM,NBEM-prop (implementation-level NBEM comparator),13,0.7427586206896551,0.6395634920634921,0.7424582912654377,0.7427586206896551,0.7139222466873515,0.7341151943869335,0.6395634920634921,0.647875192272725,0.8393148148148148
heart_failure_clinical_records,Heart Failure,NBEM,NBEM-prop (implementation-level NBEM comparator),21,0.755632183908046,0.6530952380952381,0.7494554686156385,0.755632183908046,0.724942456212909,0.7394771810315288,0.6530952380952381,0.658733274457233,0.8388227513227513
heart_failure_clinical_records,Heart Failure,NBEM,NBEM-prop (implementation-level NBEM comparator),42,0.7524137931034482,0.655515873015873,0.7451643606768044,0.7524137931034482,0.7266026427358523,0.7374382067208154,0.655515873015873,0.6661945381487188,0.8349788359788359
heart_failure_clinical_records,Heart Failure,NBEM,NBEM-prop (implementation-level NBEM comparator),87,0.7493103448275862,0.6514285714285715,0.7518429308239652,0.7493103448275862,0.7209113147474817,0.7465173992673992,0.6514285714285715,0.6585415307082578,0.8382724867724868
heart_failure_clinical_records,Heart Failure,NBEM,NBEM-prop (implementation-level NBEM comparator),123,0.7557471264367817,0.6534126984126984,0.7592016777880346,0.7557471264367817,0.7271770183718681,0.758517059430103,0.6534126984126984,0.6636178894758565,0.8438518518518519
heart_failure_clinical_records,Heart Failure,NBEM,NBEM-prop (implementation-level NBEM comparator),41762,0.7525287356321839,0.6565476190476189,0.7583331027607889,0.7525287356321839,0.7252863982969138,0.7542927306188176,0.6565476190476189,0.6641873003736639,0.8331798941798942
heart_failure_clinical_records,Heart Failure,NBEM,NBEM-prop (implementation-level NBEM comparator),43529,0.7489655172413794,0.6497619047619048,0.7433543124652571,0.7489655172413794,0.7179331663505373,0.7325430314452054,0.6497619047619048,0.6526566218506211,0.8435502645502645
heart_failure_clinical_records,Heart Failure,NBEM,NBEM-prop (implementation-level NBEM comparator),65932,0.7559770114942529,0.655079365079365,0.753217412430056,0.7559770114942529,0.7231353593241953,0.7464033929033929,0.655079365079365,0.6575123949467079,0.8481190476190477
heart_failure_clinical_records,Heart Failure,NBEM,NBEM-prop (implementation-level NBEM comparator),69887,0.7560919540229885,0.6547619047619048,0.7568676916120693,0.7560919540229885,0.7267778372495275,0.752235148909062,0.6547619047619048,0.6628602006506072,0.8320079365079366
heart_failure_clinical_records,Heart Failure,NBEM,NBEM-prop (implementation-level NBEM comparator),156304,0.7491954022988506,0.6473809523809524,0.7488271576055684,0.7491954022988506,0.7180845939084766,0.7416479623436145,0.6473809523809524,0.6521879813403486,0.8302407407407408
heart_failure_clinical_records,Heart Failure,NBEM,NBEM-prop (implementation-level NBEM comparator),266458,0.7528735632183908,0.6542460317460318,0.7614746609286839,0.7528735632183908,0.7240635330368814,0.7633965571465572,0.6542460317460318,0.6628396948667532,0.8409285714285714
heart_failure_clinical_records,Heart Failure,NBEM,NBEM-prop (implementation-level NBEM comparator),273103,0.7491954022988506,0.6498015873015873,0.7490539084437136,0.7491954022988506,0.7132805756529896,0.7432608054530843,0.6498015873015873,0.6469852430968405,0.8239550264550266
heart_failure_clinical_records,Heart Failure,NBEM,NBEM-prop (implementation-level NBEM comparator),370882,0.749080459770115,0.6475,0.7523701029753004,0.749080459770115,0.7173046660785943,0.7483795097816837,0.6475,0.6519999665986956,0.8278227513227513
heart_failure_clinical_records,Heart Failure,NBEM,NBEM-prop (implementation-level NBEM comparator),503966,0.7424137931034483,0.6405555555555555,0.7396969698282542,0.7424137931034483,0.7121396061421316,0.7316612316829708,0.6405555555555555,0.6469138269091446,0.8443042328042327
heart_failure_clinical_records,Heart Failure,NBEM,NBEM-prop (implementation-level NBEM comparator),519965,0.7522988505747127,0.6538095238095238,0.7608582057788954,0.7522988505747127,0.7236049577461878,0.7600610223110223,0.6538095238095238,0.6616453243916083,0.8289285714285715
heart_failure_clinical_records,Heart Failure,NBEM,NBEM-prop (implementation-level NBEM comparator),535886,0.7491954022988506,0.6496031746031746,0.7566741016771001,0.7491954022988506,0.7195646216447259,0.754170478072652,0.6496031746031746,0.6564424788691772,0.8251455026455027
heart_failure_clinical_records,Heart Failure,NBEM,NBEM-prop (implementation-level NBEM comparator),627018,0.7488505747126437,0.6467063492063492,0.7435203116427505,0.7488505747126437,0.7135973992978074,0.7311575558097297,0.6467063492063492,0.6443243106329194,0.8352354497354497
heart_failure_clinical_records,Heart Failure,NBEM,NBEM-prop (implementation-level NBEM comparator),648362,0.7591954022988505,0.6642460317460317,0.755409167758593,0.7591954022988505,0.7299548460276116,0.7492013401252532,0.6642460317460317,0.6694071422424577,0.8341825396825397
heart_failure_clinical_records,Heart Failure,NBEM,NBEM-prop (implementation-level NBEM comparator),663649,0.7457471264367816,0.6458730158730159,0.7496509597256724,0.7457471264367816,0.7154151152979823,0.7442712657712658,0.6458730158730159,0.6510912188849284,0.8401746031746032
heart_failure_clinical_records,Heart Failure,NBEM,NBEM-prop (implementation-level NBEM comparator),934243,0.7428735632183907,0.6416666666666666,0.7334290422961087,0.7428735632183907,0.7114091673251615,0.7213604917626657,0.6416666666666666,0.6456646485901805,0.8336243386243385
hepatitis,Hepatitis,Hybrid NBEM,Hybrid NBEM,13,0.8525,0.7266025641025641,0.8626479770229769,0.8525,0.8413343304843306,0.8273409923409923,0.7266025641025641,0.7448746438746439,0.8890491452991454
hepatitis,Hepatitis,Hybrid NBEM,Hybrid NBEM,21,0.83125,0.6884615384615385,0.8189004120879121,0.83125,0.8119960428460429,0.7337912087912087,0.6884615384615385,0.6849667554667555,0.8738782051282051
hepatitis,Hepatitis,Hybrid NBEM,Hybrid NBEM,42,0.85125,0.7253205128205128,0.8362545787545788,0.85125,0.838228897028897,0.7733516483516484,0.7253205128205128,0.739006512006512,0.8563034188034189
hepatitis,Hepatitis,Hybrid NBEM,Hybrid NBEM,87,0.845,0.7125,0.8475641025641025,0.845,0.833562215320911,0.8066025641025641,0.7125,0.7293022774327123,0.8743055555555556
hepatitis,Hepatitis,Hybrid NBEM,Hybrid NBEM,123,0.8504166666666666,0.7166666666666667,0.846617673992674,0.8504166666666666,0.8365507973507974,0.795970695970696,0.7166666666666667,0.7300294335294335,0.8723290598290598
hepatitis,Hepatitis,Hybrid NBEM,Hybrid NBEM,41762,0.845,0.6971153846153846,0.8277926656676657,0.845,0.8247655881155881,0.7535589410589411,0.6971153846153846,0.7017812372812373,0.8867521367521368
hepatitis,Hepatitis,Hybrid NBEM,Hybrid NBEM,43529,0.845,0.714102564102564,0.8446878121878122,0.845,0.8320653846153846,0.789080919080919,0.714102564102564,0.7250769230769232,0.8682158119658119
hepatitis,Hepatitis,Hybrid NBEM,Hybrid NBEM,65932,0.8516666666666668,0.7009615384615384,0.8309649100899101,0.8516666666666668,0.8303908584169454,0.7591541791541792,0.7009615384615384,0.7077810691723736,0.8699786324786325
hepatitis,Hepatitis,Hybrid NBEM,Hybrid NBEM,69887,0.8583333333333334,0.7294871794871794,0.8429830586080586,0.8583333333333334,0.8419811408398366,0.787518315018315,0.7294871794871794,0.7404097255401603,0.8557692307692308
hepatitis,Hepatitis,Hybrid NBEM,Hybrid NBEM,156304,0.8329166666666667,0.6967948717948718,0.8357207792207791,0.8329166666666667,0.8137950937950938,0.7866847041847043,0.6967948717948718,0.699510212010212,0.8713675213675215
hepatitis,Hepatitis,Hybrid NBEM,Hybrid NBEM,266458,0.8391666666666667,0.7083333333333333,0.820697052947053,0.8391666666666667,0.8227601909362778,0.753375790875791,0.7083333333333333,0.7159570968484013,0.8667735042735043
hepatitis,Hepatitis,Hybrid NBEM,Hybrid NBEM,273103,0.8641666666666667,0.7426282051282052,0.8436382783882784,0.8641666666666667,0.8499788129744651,0.7631501831501832,0.7426282051282052,0.7462815204119552,0.8818376068376068
hepatitis,Hepatitis,Hybrid NBEM,Hybrid NBEM,370882,0.85125,0.7092948717948718,0.8502883991008992,0.85125,0.8310948266709136,0.80514319014319,0.7092948717948718,0.7167572596485641,0.8907051282051283
hepatitis,Hepatitis,Hybrid NBEM,Hybrid NBEM,503966,0.8395833333333333,0.7051282051282051,0.8294625582750583,0.8395833333333333,0.825533990727469,0.7695720945720945,0.7051282051282051,0.7192688149209888,0.8761217948717949
hepatitis,Hepatitis,Hybrid NBEM,Hybrid NBEM,519965,0.8395833333333333,0.7044871794871794,0.8409222027972028,0.8395833333333333,0.8256908194864717,0.8041633366633366,0.7044871794871794,0.7216971032188424,0.8519764957264957
hepatitis,Hepatitis,Hybrid NBEM,Hybrid NBEM,535886,0.85125,0.7092948717948718,0.8199015567765567,0.85125,0.8284130647130648,0.739102564102564,0.7092948717948718,0.7109041514041514,0.8592414529914529
hepatitis,Hepatitis,Hybrid NBEM,Hybrid NBEM,627018,0.8454166666666667,0.7131410256410257,0.8318766025641026,0.8454166666666667,0.8258468253968253,0.7672435897435897,0.7131410256410257,0.7152808302808303,0.8549679487179487
hepatitis,Hepatitis,Hybrid NBEM,Hybrid NBEM,648362,0.8400000000000001,0.7009615384615384,0.8255176854395604,0.8400000000000001,0.8228260241674035,0.7538118131868132,0.7009615384615384,0.7065559134352238,0.8565705128205128
hepatitis,Hepatitis,Hybrid NBEM,Hybrid NBEM,663649,0.8391666666666667,0.7009615384615384,0.8270787545787546,0.8391666666666667,0.8262061864061865,0.7611721611721611,0.7009615384615384,0.7165046805046805,0.8565705128205128
hepatitis,Hepatitis,Hybrid NBEM,Hybrid NBEM,934243,0.8383333333333333,0.7003205128205128,0.842927072927073,0.8383333333333333,0.8264357054378794,0.8028321678321678,0.7003205128205128,0.7195710923537011,0.8286324786324787
hepatitis,Hepatitis,Logistic Regression,Logistic Regression,13,0.865,0.7592948717948718,0.8714949633699633,0.865,0.85777150997151,0.8305677655677656,0.7592948717948718,0.7752079772079772,0.8756410256410257
hepatitis,Hepatitis,Logistic Regression,Logistic Regression,21,0.8641666666666667,0.7717948717948718,0.8801030219780219,0.8641666666666667,0.8573170644170645,0.8375457875457876,0.7717948717948718,0.7749257039257039,0.8841346153846155
hepatitis,Hepatitis,Logistic Regression,Logistic Regression,42,0.8645833333333333,0.7753205128205127,0.8655563186813187,0.8645833333333333,0.8589061766735681,0.8079853479853479,0.7753205128205127,0.7775728088336784,0.857905982905983
hepatitis,Hepatitis,Logistic Regression,Logistic Regression,87,0.8391666666666666,0.7089743589743589,0.8230966689560439,0.8391666666666666,0.8275855683269476,0.7431433150183151,0.7089743589743589,0.7194500933294037,0.8682692307692308
hepatitis,Hepatitis,Logistic Regression,Logistic Regression,123,0.8570833333333333,0.7583333333333333,0.8701181318681318,0.8570833333333333,0.8511832630332631,0.829496336996337,0.7583333333333333,0.7668137788137789,0.8436431623931624
hepatitis,Hepatitis,Logistic Regression,Logistic Regression,41762,0.8520833333333334,0.739102564102564,0.8374598734598735,0.8520833333333334,0.8378173913043477,0.7442732267732268,0.739102564102564,0.7299644582470669,0.8428418803418805
hepatitis,Hepatitis,Logistic Regression,Logistic Regression,43529,0.8520833333333334,0.7477564102564103,0.8652922077922078,0.8520833333333334,0.8451111721611723,0.8206285381285381,0.7477564102564103,0.7556282051282052,0.8388354700854702
hepatitis,Hepatitis,Logistic Regression,Logistic Regression,65932,0.8458333333333334,0.7429487179487179,0.8488175366300366,0.8458333333333334,0.8416196248196248,0.7863827838827839,0.7429487179487179,0.7533278943278943,0.8365918803418804
hepatitis,Hepatitis,Logistic Regression,Logistic Regression,69887,0.8641666666666665,0.7503205128205128,0.856933608058608,0.8641666666666665,0.8499950993450994,0.7996153846153846,0.7503205128205128,0.7521938616938617,0.8568376068376068
hepatitis,Hepatitis,Logistic Regression,Logistic Regression,156304,0.8591666666666666,0.7467948717948718,0.8557047535797537,0.8591666666666666,0.8427651718651719,0.7982384282384283,0.7467948717948718,0.7440368150368151,0.857905982905983
hepatitis,Hepatitis,Logistic Regression,Logistic Regression,266458,0.8454166666666667,0.7503205128205128,0.8491031884781884,0.8454166666666667,0.8396734848082674,0.795500333000333,0.7503205128205128,0.7568297853515246,0.848931623931624
hepatitis,Hepatitis,Logistic Regression,Logistic Regression,273103,0.8579166666666668,0.7516025641025641,0.8459840576090576,0.8579166666666668,0.8473399240855762,0.7607475857475857,0.7516025641025641,0.7485037426341774,0.8767628205128204
hepatitis,Hepatitis,Logistic Regression,Logistic Regression,370882,0.85125,0.7342948717948719,0.8464788752913753,0.85125,0.8367358523119393,0.7777622377622377,0.7342948717948719,0.732782900674205,0.8714209401709402
hepatitis,Hepatitis,Logistic Regression,Logistic Regression,503966,0.85125,0.7381410256410256,0.863626998001998,0.85125,0.8428736903997773,0.8298684648684649,0.7381410256410256,0.7538505182418226,0.8361645299145299
hepatitis,Hepatitis,Logistic Regression,Logistic Regression,519965,0.8520833333333334,0.7336538461538462,0.8513503163503163,0.8520833333333334,0.8437299879669444,0.8063336663336663,0.7336538461538462,0.7524737838650882,0.8510683760683762
hepatitis,Hepatitis,Logistic Regression,Logistic Regression,535886,0.8708333333333333,0.7717948717948718,0.8496188186813187,0.8708333333333333,0.856779365079365,0.7733058608058608,0.7717948717948718,0.7671459096459097,0.8606303418803419
hepatitis,Hepatitis,Logistic Regression,Logistic Regression,627018,0.8579166666666668,0.7506410256410256,0.8470455586080586,0.8579166666666668,0.8484568579568579,0.7837912087912088,0.7506410256410256,0.7592049247049247,0.822008547008547
hepatitis,Hepatitis,Logistic Regression,Logistic Regression,648362,0.8654166666666667,0.7634615384615384,0.8716483516483515,0.8654166666666667,0.8593940834527791,0.8294597069597069,0.7634615384615384,0.7755843287147635,0.8704059829059829
hepatitis,Hepatitis,Logistic Regression,Logistic Regression,663649,0.8579166666666668,0.7503205128205128,0.8567497086247087,0.8579166666666668,0.8491154262002087,0.8055919080919081,0.7503205128205128,0.7601045106262497,0.8222222222222223
hepatitis,Hepatitis,Logistic Regression,Logistic Regression,934243,0.8454166666666667,0.7256410256410256,0.8438163919413919,0.8454166666666667,0.8384980056980057,0.7878205128205129,0.7256410256410256,0.7428575498575498,0.8106303418803419
hepatitis,Hepatitis,NBEM,NBEM-prop (implementation-level NBEM comparator),13,0.8387499999999999,0.7730769230769231,0.8557469613719613,0.8387499999999999,0.8409972288580985,0.771452713952714,0.7730769230769231,0.761151430694909,0.8788461538461538
hepatitis,Hepatitis,NBEM,NBEM-prop (implementation-level NBEM comparator),21,0.8375,0.7676282051282051,0.867129884004884,0.8375,0.8380434433521391,0.8013125763125764,0.7676282051282051,0.7579392145696493,0.8676816239316241
hepatitis,Hepatitis,NBEM,NBEM-prop (implementation-level NBEM comparator),42,0.8379166666666666,0.783974358974359,0.8589345238095237,0.8379166666666666,0.8411346801346802,0.7734981684981685,0.783974358974359,0.7667437192437193,0.8648504273504274
hepatitis,Hepatitis,NBEM,NBEM-prop (implementation-level NBEM comparator),87,0.8333333333333334,0.7676282051282051,0.8447597402597402,0.8333333333333334,0.8347102494928581,0.7521237096237097,0.7676282051282051,0.7515522078565556,0.8580128205128205
hepatitis,Hepatitis,NBEM,NBEM-prop (implementation-level NBEM comparator),123,0.8370833333333334,0.7711538461538462,0.8544534632034632,0.8370833333333334,0.837237175063262,0.769401431901432,0.7711538461538462,0.7552855461768505,0.8544871794871796
hepatitis,Hepatitis,NBEM,NBEM-prop (implementation-level NBEM comparator),41762,0.8458333333333334,0.7855769230769231,0.8733818473193473,0.8458333333333334,0.8470102921233356,0.8003596403596405,0.7855769230769231,0.7689184487010574,0.880715811965812
hepatitis,Hepatitis,NBEM,NBEM-prop (implementation-level NBEM comparator),43529,0.8320833333333333,0.7647435897435898,0.8399761696636696,0.8320833333333333,0.8315742952699475,0.7334698634698634,0.7647435897435898,0.7415168020385412,0.8657051282051282
hepatitis,Hepatitis,NBEM,NBEM-prop (implementation-level NBEM comparator),65932,0.8316666666666667,0.7599358974358974,0.8514946858696859,0.8316666666666667,0.8345307254742037,0.7631007881007881,0.7599358974358974,0.7493812765334504,0.8572649572649572
hepatitis,Hepatitis,NBEM,NBEM-prop (implementation-level NBEM comparator),69887,0.8441666666666666,0.7673076923076924,0.8557301240426242,0.8441666666666666,0.8411089748415836,0.772927072927073,0.7673076923076924,0.7518425873643265,0.8567307692307693
hepatitis,Hepatitis,NBEM,NBEM-prop (implementation-level NBEM comparator),156304,0.8333333333333334,0.7682692307692307,0.8631673534798535,0.8333333333333334,0.8323938271873056,0.793901098901099,0.7682692307692307,0.752538384320993,0.8509615384615385
hepatitis,Hepatitis,NBEM,NBEM-prop (implementation-level NBEM comparator),266458,0.8329166666666667,0.7714743589743589,0.8546712662337663,0.8329166666666667,0.8361255419298897,0.7884698634698635,0.7714743589743589,0.7644880570315353,0.87232905982906
hepatitis,Hepatitis,NBEM,NBEM-prop (implementation-level NBEM comparator),273103,0.8391666666666667,0.7650641025641025,0.8396089743589744,0.8391666666666667,0.8343192546583851,0.7298076923076924,0.7650641025641025,0.7395603864734299,0.8640491452991453
hepatitis,Hepatitis,NBEM,NBEM-prop (implementation-level NBEM comparator),370882,0.845,0.776602564102564,0.8681737012987012,0.845,0.8431823418127766,0.7961322011322011,0.776602564102564,0.7603075354597093,0.8686965811965812
hepatitis,Hepatitis,NBEM,NBEM-prop (implementation-level NBEM comparator),503966,0.8466666666666667,0.7939102564102564,0.8805519688644688,0.8466666666666667,0.8481747733747735,0.8173168498168499,0.7939102564102564,0.7767846782846783,0.8630876068376068
hepatitis,Hepatitis,NBEM,NBEM-prop (implementation-level NBEM comparator),519965,0.8324999999999999,0.7592948717948718,0.846737221112221,0.8324999999999999,0.8330227283183806,0.7568190143190143,0.7592948717948718,0.7481045106262497,0.8396367521367522
hepatitis,Hepatitis,NBEM,NBEM-prop (implementation-level NBEM comparator),535886,0.8324999999999999,0.7730769230769231,0.8411419830169831,0.8324999999999999,0.8285190476190476,0.7331951381951383,0.7730769230769231,0.7389574419139636,0.860897435897436
hepatitis,Hepatitis,NBEM,NBEM-prop (implementation-level NBEM comparator),627018,0.8387499999999999,0.7717948717948718,0.8456971153846154,0.8387499999999999,0.8395498274672187,0.7583624708624709,0.7717948717948718,0.7600951319212189,0.8505876068376068
hepatitis,Hepatitis,NBEM,NBEM-prop (implementation-level NBEM comparator),648362,0.8391666666666667,0.7682692307692307,0.8517069597069596,0.8391666666666667,0.8375501537110234,0.7622802197802198,0.7682692307692307,0.7509856423769468,0.8633012820512821
hepatitis,Hepatitis,NBEM,NBEM-prop (implementation-level NBEM comparator),663649,0.8324999999999999,0.7682692307692307,0.8421365093240093,0.8324999999999999,0.8336638716356107,0.7462995337995337,0.7682692307692307,0.7503888358018793,0.8282585470085471
hepatitis,Hepatitis,NBEM,NBEM-prop (implementation-level NBEM comparator),934243,0.8324999999999999,0.7596153846153847,0.8512699592074592,0.8324999999999999,0.834657528703181,0.7697494172494173,0.7596153846153847,0.7501811377028769,0.8208867521367521
ilpd_indian_liver_patient_dataset,Indian Liver Patients,Hybrid NBEM,Hybrid NBEM,13,0.6947691408533021,0.5071202261392361,0.5725814706326153,0.6947691408533021,0.6097938204040599,0.4655879081121955,0.5071202261392361,0.45698873438100496,0.7327205882352941
ilpd_indian_liver_patient_dataset,Indian Liver Patients,Hybrid NBEM,Hybrid NBEM,21,0.6983050847457627,0.5269501093120175,0.618781845689424,0.6983050847457627,0.6310239566824474,0.5386109033216935,0.5269501093120175,0.4949234210369394,0.7222977300676369
ilpd_indian_liver_patient_dataset,Indian Liver Patients,Hybrid NBEM,Hybrid NBEM,42,0.7048801870251314,0.5563667845186855,0.6640085050240516,0.7048801870251314,0.659896984512068,0.6065139063259719,0.5563667845186855,0.5451672521760671,0.7428112403497985
ilpd_indian_liver_patient_dataset,Indian Liver Patients,Hybrid NBEM,Hybrid NBEM,87,0.698042080654588,0.5368543758967002,0.635951498061794,0.698042080654588,0.6421513943459878,0.5639954138165787,0.5368543758967002,0.5152480242866453,0.7299828772972604
ilpd_indian_liver_patient_dataset,Indian Liver Patients,Hybrid NBEM,Hybrid NBEM,123,0.6998831092928113,0.5258384146341463,0.6232673999226617,0.6998831092928113,0.6322198704624782,0.5456056244912086,0.5258384146341463,0.49479806427774753,0.7259697171551547
ilpd_indian_liver_patient_dataset,Indian Liver Patients,Hybrid NBEM,Hybrid NBEM,41762,0.7118351841028638,0.5535846655735466,0.6447587451633765,0.7118351841028638,0.6514839837530986,0.5745269445127186,0.5535846655735466,0.5267450233456749,0.7416220451595272
ilpd_indian_liver_patient_dataset,Indian Liver Patients,Hybrid NBEM,Hybrid NBEM,43529,0.6928988895382817,0.5172751417640227,0.588274931362286,0.6928988895382817,0.6213508468870391,0.4879815329574324,0.5172751417640227,0.47932560803501606,0.7367337483773998
ilpd_indian_liver_patient_dataset,Indian Liver Patients,Hybrid NBEM,Hybrid NBEM,65932,0.7066919929865576,0.5307066424130629,0.6328699828347603,0.7066919929865576,0.6364962031784314,0.5620329114028243,0.5307066424130629,0.49897290037833997,0.7288583726173397
ilpd_indian_liver_patient_dataset,Indian Liver Patients,Hybrid NBEM,Hybrid NBEM,69887,0.6964932787843366,0.5445721886315502,0.6248590782146902,0.6964932787843366,0.6434041979115388,0.5410057633094907,0.5445721886315502,0.5203582468287097,0.7356807662089226
ilpd_indian_liver_patient_dataset,Indian Liver Patients,Hybrid NBEM,Hybrid NBEM,156304,0.691291642314436,0.51062931270069,0.5876477687860038,0.691291642314436,0.6124461398978063,0.488743550149624,0.51062931270069,0.463770681628875,0.721977693516431
ilpd_indian_liver_patient_dataset,Indian Liver Patients,Hybrid NBEM,Hybrid NBEM,266458,0.6812974868497954,0.5180919928947189,0.6014028183997986,0.6812974868497954,0.6233811680606547,0.510699549730224,0.5180919928947189,0.4909092520147606,0.7180132113821138
ilpd_indian_liver_patient_dataset,Indian Liver Patients,Hybrid NBEM,Hybrid NBEM,273103,0.7085037989479837,0.5358823102411696,0.6077788172291252,0.7085037989479837,0.6376972884768268,0.516207619762431,0.5358823102411696,0.5004646843786092,0.7384626716540275
ilpd_indian_liver_patient_dataset,Indian Liver Patients,Hybrid NBEM,Hybrid NBEM,370882,0.6844535359438925,0.5150955199152831,0.5856446147976456,0.6844535359438925,0.6175784200805441,0.48623031608081846,0.5150955199152831,0.47938834060154534,0.7340611549497849
ilpd_indian_liver_patient_dataset,Indian Liver Patients,Hybrid NBEM,Hybrid NBEM,503966,0.687843366452367,0.5123787319805971,0.5909081960647263,0.687843366452367,0.6190595533309515,0.4945799629548051,0.5123787319805971,0.47771373829701014,0.718755337500854
ilpd_indian_liver_patient_dataset,Indian Liver Patients,Hybrid NBEM,Hybrid NBEM,519965,0.710052600818235,0.5309886759581881,0.6444023369287387,0.710052600818235,0.6376384848093214,0.5809000762452775,0.5309886759581881,0.49828756951222325,0.731468837535014
ilpd_indian_liver_patient_dataset,Indian Liver Patients,Hybrid NBEM,Hybrid NBEM,535886,0.687843366452367,0.5305236728837877,0.5989403129911368,0.687843366452367,0.6293487478296581,0.4984936275212005,0.5305236728837877,0.49825398937897614,0.7312254474960715
ilpd_indian_liver_patient_dataset,Indian Liver Patients,Hybrid NBEM,Hybrid NBEM,627018,0.7016072472238457,0.5257715891234542,0.6188528804354754,0.7016072472238457,0.6318251264369212,0.5390475782401521,0.5257715891234542,0.49325574692759816,0.7321268446402951
ilpd_indian_liver_patient_dataset,Indian Liver Patients,Hybrid NBEM,Hybrid NBEM,648362,0.6774108708357686,0.5063962475233996,0.5659815116311728,0.6774108708357686,0.6064389110200624,0.4520650454741618,0.5063962475233996,0.4624756545959895,0.7181532674045228
ilpd_indian_liver_patient_dataset,Indian Liver Patients,Hybrid NBEM,Hybrid NBEM,663649,0.6911747516072472,0.5392790957846553,0.6461114312848263,0.6911747516072472,0.6410302478025618,0.5819229031036091,0.5392790957846553,0.5189741335120936,0.7384522101523536
ilpd_indian_liver_patient_dataset,Indian Liver Patients,Hybrid NBEM,Hybrid NBEM,934243,0.7084453535943892,0.5407086920133908,0.6483834990733724,0.7084453535943892,0.6428230699062135,0.5849145160449125,0.5407086920133908,0.5107286592419853,0.739943080890893
ilpd_indian_liver_patient_dataset,Indian Liver Patients,Logistic Regression,Logistic Regression,13,0.7222676797194623,0.5705545022887204,0.6876147161291414,0.7222676797194623,0.6763032276987736,0.643339265294454,0.5705545022887204,0.5643405573391012,0.74136968811915
ilpd_indian_liver_patient_dataset,Indian Liver Patients,Logistic Regression,Logistic Regression,21,0.7188486265341905,0.5624280504884881,0.6832642099064563,0.7188486265341905,0.6698439993819261,0.6382358752974735,0.5624280504884881,0.5539078863435035,0.7547712987634079
ilpd_indian_liver_patient_dataset,Indian Liver Patients,Logistic Regression,Logistic Regression,42,0.7236703682057276,0.5744335844093735,0.6968152703165331,0.7236703682057276,0.6796038593580224,0.6573529876700703,0.5744335844093735,0.5696204018729202,0.7543714131994261
ilpd_indian_liver_patient_dataset,Indian Liver Patients,Logistic Regression,Logistic Regression,87,0.7203097603740503,0.5668876392020222,0.6858573442106166,0.7203097603740503,0.673278548825196,0.642211415174036,0.5668876392020222,0.5597071514945682,0.7542941261870602
ilpd_indian_liver_patient_dataset,Indian Liver Patients,Logistic Regression,Logistic Regression,123,0.7170952659263589,0.5654452329712373,0.6823121259085067,0.7170952659263589,0.6693117336361275,0.6343488506219612,0.5654452329712373,0.5547922097221158,0.7542166256746601
ilpd_indian_liver_patient_dataset,Indian Liver Patients,Logistic Regression,Logistic Regression,41762,0.7223553477498539,0.5677012878322061,0.6849584875693747,0.7223553477498539,0.6724164637454739,0.6417238934035152,0.5677012878322061,0.5580122194399887,0.7529379739700758
ilpd_indian_liver_patient_dataset,Indian Liver Patients,Logistic Regression,Logistic Regression,43529,0.718614845119813,0.5681831574093053,0.6883771387543061,0.718614845119813,0.6739979742890944,0.646809145527851,0.5681831574093053,0.5628061306970193,0.7520692423310787
ilpd_indian_liver_patient_dataset,Indian Liver Patients,Logistic Regression,Logistic Regression,65932,0.7289304500292226,0.5790402746464439,0.7038657440233103,0.7289304500292226,0.6841376412917735,0.6693929291665748,0.5790402746464439,0.5754538589711059,0.7446069891371183
ilpd_indian_liver_patient_dataset,Indian Liver Patients,Logistic Regression,Logistic Regression,69887,0.7254821741671538,0.5769688973150235,0.689863029557573,0.7254821741671538,0.6822455538387587,0.6465472162256292,0.5769688973150235,0.5742517062426267,0.7540404881464781
ilpd_indian_liver_patient_dataset,Indian Liver Patients,Logistic Regression,Logistic Regression,156304,0.7169199298655757,0.5697878236660519,0.6793214109359493,0.7169199298655757,0.675912455033032,0.6279119775482741,0.5697878236660519,0.5665173967830072,0.7505753825920612
ilpd_indian_liver_patient_dataset,Indian Liver Patients,Logistic Regression,Logistic Regression,266458,0.7169199298655757,0.5628721305595409,0.6773993164395492,0.7169199298655757,0.6698139786681431,0.6277181744492669,0.5628721305595409,0.5551421388228255,0.7496908519505363
ilpd_indian_liver_patient_dataset,Indian Liver Patients,Logistic Regression,Logistic Regression,273103,0.7290765634132087,0.587251912960306,0.709351171465082,0.7290765634132087,0.6879742556747402,0.6750565465531773,0.587251912960306,0.5828535844900549,0.7528122224499556
ilpd_indian_liver_patient_dataset,Indian Liver Patients,Logistic Regression,Logistic Regression,370882,0.7168907071887785,0.5655225199836031,0.6854246971355109,0.7168907071887785,0.6708639160045463,0.6425847879775077,0.5655225199836031,0.5583387797920815,0.7502209725353557
ilpd_indian_liver_patient_dataset,Indian Liver Patients,Logistic Regression,Logistic Regression,503966,0.7086206896551724,0.555904343444695,0.6709940270713576,0.7086206896551724,0.661982441346265,0.6199608407418078,0.555904343444695,0.5466485326250501,0.7414913831386213
ilpd_indian_liver_patient_dataset,Indian Liver Patients,Logistic Regression,Logistic Regression,519965,0.718614845119813,0.5699338576894173,0.6814198328509139,0.718614845119813,0.6755205483455139,0.63335840472296,0.5699338576894173,0.5655929620994227,0.7533444780351165
ilpd_indian_liver_patient_dataset,Indian Liver Patients,Logistic Regression,Logistic Regression,535886,0.7170952659263589,0.5683176624308259,0.6889075587200485,0.7170952659263589,0.6731125546665022,0.6482720889559348,0.5683176624308259,0.5622350750851794,0.7439026525244243
ilpd_indian_liver_patient_dataset,Indian Liver Patients,Logistic Regression,Logistic Regression,627018,0.723874926943308,0.5736504662840746,0.6973750843354893,0.723874926943308,0.6783788389754561,0.6582987790010926,0.5736504662840746,0.5674176472790322,0.7503445890551343
ilpd_indian_liver_patient_dataset,Indian Liver Patients,Logistic Regression,Logistic Regression,648362,0.7168907071887785,0.5666250341600054,0.6785908478157353,0.7168907071887785,0.6731853568580133,0.6288156868617467,0.5666250341600054,0.5617404528863523,0.7403989034638245
ilpd_indian_liver_patient_dataset,Indian Liver Patients,Logistic Regression,Logistic Regression,663649,0.7187317358270018,0.5713749829199972,0.6714452306637924,0.7187317358270018,0.6730402661482467,0.6139090892164771,0.5713749829199972,0.5608895261285184,0.7530026644804264
ilpd_indian_liver_patient_dataset,Indian Liver Patients,Logistic Regression,Logistic Regression,934243,0.7186440677966102,0.5668291401926624,0.7010030879158746,0.7186440677966102,0.6712706982441204,0.6680569702289938,0.5668291401926624,0.5579941290494095,0.7542766191842591
ilpd_indian_liver_patient_dataset,Indian Liver Patients,NBEM,NBEM-prop (implementation-level NBEM comparator),13,0.5590298071303331,0.6766255892600943,0.7934682366965573,0.5590298071303331,0.5594426965591082,0.673037704897405,0.6766255892600943,0.55770089233042,0.7285135700621712
ilpd_indian_liver_patient_dataset,Indian Liver Patients,NBEM,NBEM-prop (implementation-level NBEM comparator),21,0.5591466978375219,0.677080344332855,0.7939030304964327,0.5591466978375219,0.5601844119673117,0.6730914368468477,0.677080344332855,0.558172276815123,0.7310401294664207
ilpd_indian_liver_patient_dataset,Indian Liver Patients,NBEM,NBEM-prop (implementation-level NBEM comparator),42,0.5626534190531853,0.680496131379381,0.8005441355858516,0.5626534190531853,0.562390824773974,0.6789468206601769,0.680496131379381,0.5607640721519089,0.7313381755141081
ilpd_indian_liver_patient_dataset,Indian Liver Patients,NBEM,NBEM-prop (implementation-level NBEM comparator),87,0.5590590298071303,0.6783472535355606,0.7990304172122513,0.5590590298071303,0.5572053933265618,0.6773150709267526,0.6783472535355606,0.5566390881442469,0.7327094862335178
ilpd_indian_liver_patient_dataset,Indian Liver Patients,NBEM,NBEM-prop (implementation-level NBEM comparator),123,0.5571011104617183,0.6751545740247319,0.7902142017411802,0.5571011104617183,0.5575990815911225,0.6707114568590871,0.6751545740247319,0.5563838427132414,0.7336747198879552
ilpd_indian_liver_patient_dataset,Indian Liver Patients,NBEM,NBEM-prop (implementation-level NBEM comparator),41762,0.5573348918760959,0.6749513219922115,0.7944026006607051,0.5573348918760959,0.5575114532875569,0.6733083204460516,0.6749513219922115,0.5557528479002267,0.7292328516772563
ilpd_indian_liver_patient_dataset,Indian Liver Patients,NBEM,NBEM-prop (implementation-level NBEM comparator),43529,0.5574225599064875,0.6776309609209538,0.797039294525845,0.5574225599064875,0.5572991335705924,0.6752956163933628,0.6776309609209538,0.556485326894386,0.7289676846348295
ilpd_indian_liver_patient_dataset,Indian Liver Patients,NBEM,NBEM-prop (implementation-level NBEM comparator),65932,0.5573933372296902,0.6751351455216232,0.7942425476590159,0.5573933372296902,0.5563780312564837,0.6735473006910377,0.6751351455216232,0.5552286820661814,0.7301019035663046
ilpd_indian_liver_patient_dataset,Indian Liver Patients,NBEM,NBEM-prop (implementation-level NBEM comparator),69887,0.5607247223845704,0.6799442337910774,0.7993749132084739,0.5607247223845704,0.5582881451949417,0.6782547914543742,0.6799442337910774,0.5583943698491882,0.7294729324656692
ilpd_indian_liver_patient_dataset,Indian Liver Patients,NBEM,NBEM-prop (implementation-level NBEM comparator),156304,0.5642898889538281,0.6796359397417503,0.7976697813380762,0.5642898889538281,0.5664048261750732,0.6765720391924542,0.6796359397417503,0.5629407904848812,0.7324656691945071
ilpd_indian_liver_patient_dataset,Indian Liver Patients,NBEM,NBEM-prop (implementation-level NBEM comparator),266458,0.5625949736995909,0.6809604939536791,0.7993298276045607,0.5625949736995909,0.5640741901605942,0.6775831056085159,0.6809604939536791,0.5618235982804779,0.7335572948691672
ilpd_indian_liver_patient_dataset,Indian Liver Patients,NBEM,NBEM-prop (implementation-level NBEM comparator),273103,0.5608416130917593,0.6794023707043794,0.8002216306558703,0.5608416130917593,0.5592646336632663,0.6785092376812083,0.6794023707043794,0.5584205767983008,0.7280232672337228
ilpd_indian_liver_patient_dataset,Indian Liver Patients,NBEM,NBEM-prop (implementation-level NBEM comparator),370882,0.5588836937463472,0.6766836612693858,0.7955860956258011,0.5588836937463472,0.5578187755484632,0.6749905027666656,0.6766836612693858,0.5569049420637626,0.7341815689690511
ilpd_indian_liver_patient_dataset,Indian Liver Patients,NBEM,NBEM-prop (implementation-level NBEM comparator),503966,0.5592051431911164,0.6786762570882011,0.7962112492726285,0.5592051431911164,0.5602954869898296,0.6748305915799075,0.6786762570882011,0.5586645325793593,0.7290304536448726
ilpd_indian_liver_patient_dataset,Indian Liver Patients,NBEM,NBEM-prop (implementation-level NBEM comparator),519965,0.5591466978375219,0.6749523894923823,0.7901066015259028,0.5591466978375219,0.5606160002641973,0.6704814471779869,0.6749523894923823,0.5580784421860068,0.7367198708751793
ilpd_indian_liver_patient_dataset,Indian Liver Patients,NBEM,NBEM-prop (implementation-level NBEM comparator),535886,0.5574810052600818,0.6774663523946163,0.7958722410580278,0.5574810052600818,0.5541932608549012,0.675146379275877,0.6774663523946163,0.5545931805304342,0.7271405513424882
ilpd_indian_liver_patient_dataset,Indian Liver Patients,NBEM,NBEM-prop (implementation-level NBEM comparator),627018,0.5587960257159555,0.6785795415727266,0.79707009140067,0.5587960257159555,0.5575740976505142,0.6761154378283898,0.6785795415727266,0.5573923613010245,0.7339322009291521
ilpd_indian_liver_patient_dataset,Indian Liver Patients,NBEM,NBEM-prop (implementation-level NBEM comparator),648362,0.554208065458796,0.673566987770718,0.7907068550981788,0.554208065458796,0.5520092919461799,0.6709437659613608,0.673566987770718,0.5523536557344766,0.7286476480836237
ilpd_indian_liver_patient_dataset,Indian Liver Patients,NBEM,NBEM-prop (implementation-level NBEM comparator),663649,0.5610169491525424,0.679470050215208,0.7985062248949166,0.5610169491525424,0.5601777095560768,0.6772964941658267,0.679470050215208,0.5590090326881715,0.730088986814238
ilpd_indian_liver_patient_dataset,Indian Liver Patients,NBEM,NBEM-prop (implementation-level NBEM comparator),934243,0.5538281706604324,0.673296056227369,0.7942382874394132,0.5538281706604324,0.5515488866054713,0.6731317129428376,0.673296056227369,0.5517409089540013,0.7338998556739769
internet_advertisements,Internet Ads,Hybrid NBEM,Hybrid NBEM,13,0.969507533378086,0.927593791756604,0.9694301718232765,0.969507533378086,0.9692366635161148,0.9451048893373619,0.927593791756604,0.935619000488229,0.978182923904478
internet_advertisements,Internet Ads,Hybrid NBEM,Hybrid NBEM,21,0.9673687252927575,0.9198401685681981,0.9678184840634418,0.9673687252927575,0.9669282009074159,0.9453310526064638,0.9198401685681981,0.9304519830691591,0.9805278034741495
internet_advertisements,Internet Ads,Hybrid NBEM,Hybrid NBEM,42,0.9673715223390765,0.9271898447939151,0.9681931275299066,0.9673715223390765,0.9673444257664991,0.939936445450458,0.9271898447939151,0.9321995651401117,0.9800859115359577
internet_advertisements,Internet Ads,Hybrid NBEM,Hybrid NBEM,87,0.968284291787872,0.9313845205057045,0.9689610614459537,0.968284291787872,0.9683130705518505,0.9391288532433253,0.9313845205057045,0.9342924386386209,0.9805690033233974
internet_advertisements,Internet Ads,Hybrid NBEM,Hybrid NBEM,123,0.9682805623927798,0.9176431287902147,0.968168493263083,0.9682805623927798,0.9676356518174247,0.9490362622947341,0.9176431287902147,0.9314685080276359,0.9761405762839621
internet_advertisements,Internet Ads,Hybrid NBEM,Hybrid NBEM,41762,0.9704137763854703,0.9189084181313598,0.9700516830243486,0.9704137763854703,0.9697491948065909,0.9557319799307388,0.9189084181313598,0.935785877749933,0.9796278308836126
internet_advertisements,Internet Ads,Hybrid NBEM,Hybrid NBEM,43529,0.9685863727903333,0.9178928975228697,0.9686947788701294,0.9685863727903333,0.9680341784046707,0.9509541774366432,0.9178928975228697,0.9324918395199667,0.9784003152088259
internet_advertisements,Internet Ads,Hybrid NBEM,Hybrid NBEM,65932,0.9734728127097785,0.929971220063727,0.9732774515896627,0.9734728127097785,0.9729096945880246,0.9583246985512014,0.929971220063727,0.9426707369713636,0.9793684688388666
internet_advertisements,Internet Ads,Hybrid NBEM,Hybrid NBEM,69887,0.965837808607444,0.9189294891561313,0.9664666527766931,0.965837808607444,0.9655910174461176,0.9405857153105941,0.9189294891561313,0.9280093006982689,0.9769209750916504
internet_advertisements,Internet Ads,Hybrid NBEM,Hybrid NBEM,156304,0.960665137614679,0.9151505807379998,0.9621140173649113,0.960665137614679,0.9606416468241694,0.9262444582652328,0.9151505807379998,0.9183550549756758,0.9763471751122076
internet_advertisements,Internet Ads,Hybrid NBEM,Hybrid NBEM,266458,0.9728621242634444,0.9204476307945318,0.9726640609461557,0.9728621242634444,0.9721482568091467,0.9649971139317515,0.9204476307945318,0.9407694032870355,0.976879603933258
internet_advertisements,Internet Ads,Hybrid NBEM,Hybrid NBEM,273103,0.9743855821585738,0.9267679103710555,0.9744533746546601,0.9743855821585738,0.9738421973205703,0.9661431251426705,0.9267679103710555,0.9446147481139869,0.9805353410765066
internet_advertisements,Internet Ads,Hybrid NBEM,Hybrid NBEM,370882,0.9631013649586038,0.9211655874190564,0.9639536595917336,0.9631013649586038,0.9630612730388517,0.9282637259187576,0.9211655874190564,0.9232995481971329,0.9773722890327885
internet_advertisements,Internet Ads,Hybrid NBEM,Hybrid NBEM,503966,0.9737702319683746,0.929069791345462,0.9735299298897095,0.9737702319683746,0.9732526929104433,0.9602027000831816,0.929069791345462,0.943377206673613,0.9805218933086648
internet_advertisements,Internet Ads,Hybrid NBEM,Hybrid NBEM,519965,0.9731623405683598,0.9314682906773564,0.972815185496357,0.9731623405683598,0.972694025188727,0.9550831865006068,0.9314682906773564,0.9423411074093384,0.9798690341590435
internet_advertisements,Internet Ads,Hybrid NBEM,Hybrid NBEM,535886,0.9728583948683523,0.9259055401377326,0.9727653530617151,0.9728583948683523,0.9723338782876357,0.9601190822430905,0.9259055401377326,0.9414970045797071,0.9800886524822696
internet_advertisements,Internet Ads,Hybrid NBEM,Hybrid NBEM,627018,0.9722477064220183,0.9290929180799671,0.9724456302953659,0.9722477064220183,0.9718292154507548,0.955517465771161,0.9290929180799671,0.9406588185718547,0.9768784047692465
internet_advertisements,Internet Ads,Hybrid NBEM,Hybrid NBEM,648362,0.9743855821585738,0.9277258711069998,0.9742976366043503,0.9743855821585738,0.9738046262059044,0.9646209284999516,0.9277258711069998,0.9444643188904326,0.9790354438619934
internet_advertisements,Internet Ads,Hybrid NBEM,Hybrid NBEM,663649,0.9707242485268889,0.920067838421215,0.9702895358870143,0.9707242485268889,0.970097500193091,0.9558152629001123,0.920067838421215,0.9366447496415606,0.9797067187446465
internet_advertisements,Internet Ads,Hybrid NBEM,Hybrid NBEM,934243,0.9655413216976207,0.9234695241031966,0.9660918470629154,0.9655413216976207,0.9652912494756801,0.9347985979094942,0.9234695241031966,0.9274840671095228,0.9812152670709562
internet_advertisements,Internet Ads,Logistic Regression,Logistic Regression,13,0.9774352949951517,0.9312940692774181,0.9773405331125595,0.9774352949951517,0.9768288990808603,0.9736438805115537,0.9312940692774181,0.9506911272154316,0.9858478089560421
internet_advertisements,Internet Ads,Logistic Regression,Logistic Regression,21,0.9783499291414932,0.931825984171035,0.9783881193013902,0.9783499291414932,0.9777420628670279,0.9773325737496374,0.931825984171035,0.9525832630628829,0.9841247815808408
internet_advertisements,Internet Ads,Logistic Regression,Logistic Regression,42,0.9777364436488402,0.931374755884469,0.9776979751001029,0.9777364436488402,0.9771224134029157,0.9749029936406617,0.931374755884469,0.9512390559528381,0.9870179360674273
internet_advertisements,Internet Ads,Logistic Regression,Logistic Regression,87,0.979567576639069,0.9361496556686195,0.9796079820684304,0.979567576639069,0.9790713953348439,0.9782120741927262,0.9361496556686195,0.9555384683877005,0.9824864665775859
internet_advertisements,Internet Ads,Logistic Regression,Logistic Regression,123,0.9771276199000523,0.9283153458731628,0.9771717961960027,0.9771276199000523,0.9764808223169291,0.9756535500064694,0.9283153458731628,0.9498527802879704,0.9835592900949053
internet_advertisements,Internet Ads,Logistic Regression,Logistic Regression,41762,0.9777355113000672,0.931374755884469,0.9778564124802992,0.9777355113000672,0.9771866062336297,0.9755027186166366,0.931374755884469,0.9514927893762744,0.9842944632884503
internet_advertisements,Internet Ads,Logistic Regression,Logistic Regression,43529,0.9792617662415155,0.9359481961147086,0.9793865368383994,0.9792617662415155,0.9787149323159243,0.977330104041938,0.9359481961147086,0.9546930826739917,0.9853561517113784
internet_advertisements,Internet Ads,Logistic Regression,Logistic Regression,65932,0.980179197434176,0.9374622263336416,0.9803181041451652,0.980179197434176,0.9796301147834114,0.9797248784963543,0.9374622263336416,0.956620438702722,0.9847806386404907
internet_advertisements,Internet Ads,Logistic Regression,Logistic Regression,69887,0.9777317819049751,0.9322602528522973,0.9777081045834685,0.9777317819049751,0.9771968086026481,0.9740658757344303,0.9322602528522973,0.9514985598550219,0.9843333504642479
internet_advertisements,Internet Ads,Logistic Regression,Logistic Regression,156304,0.9783480644439472,0.9327356357282351,0.978430906510793,0.9783480644439472,0.9777335224427178,0.9765118721755245,0.9327356357282351,0.9525344924252043,0.9848122451776475
internet_advertisements,Internet Ads,Logistic Regression,Logistic Regression,266458,0.9777401730439322,0.9315196834207009,0.9777209311854653,0.9777401730439322,0.9771280085093226,0.9749147856822422,0.9315196834207009,0.9513024156376254,0.984567615719327
internet_advertisements,Internet Ads,Logistic Regression,Logistic Regression,273103,0.9780469157902587,0.93169698838524,0.9780397250066939,0.9780469157902587,0.977439816738727,0.9760956948087737,0.93169698838524,0.9519786296318721,0.9849695069722821
internet_advertisements,Internet Ads,Logistic Regression,Logistic Regression,370882,0.9780459834414857,0.9316728337958681,0.9779629577161506,0.9780459834414857,0.9773714040801158,0.9757353151083967,0.9316728337958681,0.9516921007000002,0.9858209134203584
internet_advertisements,Internet Ads,Logistic Regression,Logistic Regression,503966,0.9771257552025061,0.9292249974303628,0.9771018112199898,0.9771257552025061,0.976508899640591,0.974530303121079,0.9292249974303628,0.9499519853896652,0.985037259738925
internet_advertisements,Internet Ads,Logistic Regression,Logistic Regression,519965,0.9780422540463937,0.9325100215849522,0.9780581304758911,0.9780422540463937,0.9774100009128036,0.9752072599591705,0.9325100215849522,0.9518172008249287,0.984346198650084
internet_advertisements,Internet Ads,Logistic Regression,Logistic Regression,535886,0.9792608338927427,0.9341288930003083,0.9792707725684098,0.9792608338927427,0.9787230758214062,0.9787431861808982,0.9341288930003083,0.9547114571375668,0.9852130229211635
internet_advertisements,Internet Ads,Logistic Regression,Logistic Regression,627018,0.9777392406951592,0.931447219652585,0.9777812054539938,0.9777392406951592,0.9771331204250163,0.9751833479967578,0.931447219652585,0.9513154212320822,0.9846397368691541
internet_advertisements,Internet Ads,Logistic Regression,Logistic Regression,648362,0.9765206608488104,0.9271235481550004,0.9765619752973611,0.9765206608488104,0.9758511288719924,0.9743511041114571,0.9271235481550004,0.9485388105744587,0.9832302908829273
internet_advertisements,Internet Ads,Logistic Regression,Logistic Regression,663649,0.9786538748415007,0.9337984376606023,0.978621970887288,0.9786538748415007,0.9780365711410439,0.976368023003098,0.9337984376606023,0.9531663967818516,0.9843236714975845
internet_advertisements,Internet Ads,Logistic Regression,Logistic Regression,934243,0.9780422540463937,0.9316003700277522,0.9780970521086172,0.9780422540463937,0.9773603567773612,0.9761522528864468,0.9316003700277522,0.9516148012389738,0.9852483982594992
internet_advertisements,Internet Ads,NBEM,NBEM-prop (implementation-level NBEM comparator),13,0.9624916088610427,0.8852621029910577,0.9620252996357165,0.9624916088610427,0.9606544021230985,0.9543633565794668,0.8852621029910577,0.9146895554223935,0.969381060060986
internet_advertisements,Internet Ads,NBEM,NBEM-prop (implementation-level NBEM comparator),21,0.9627918251659582,0.8843606742727926,0.9624316747641195,0.9627918251659582,0.9610736764523878,0.9568898150119913,0.8843606742727926,0.9157041540335984,0.9694841881659644
internet_advertisements,Internet Ads,NBEM,NBEM-prop (implementation-level NBEM comparator),42,0.962182069068397,0.8840543735224587,0.96212156754743,0.962182069068397,0.9604544122522229,0.9556843970207819,0.8840543735224587,0.914422006695267,0.9703196628636037
internet_advertisements,Internet Ads,NBEM,NBEM-prop (implementation-level NBEM comparator),87,0.9615779070634742,0.8837722273614965,0.9610061488591288,0.9615779070634742,0.9599082319980565,0.9519545962579785,0.8837722273614965,0.9134524697803222,0.9706537156953438
internet_advertisements,Internet Ads,NBEM,NBEM-prop (implementation-level NBEM comparator),123,0.962182069068397,0.8840060643437146,0.9618255846032773,0.962182069068397,0.9604450944586118,0.9547185557092897,0.8840060643437146,0.9143702930365798,0.9686148799122897
internet_advertisements,Internet Ads,NBEM,NBEM-prop (implementation-level NBEM comparator),41762,0.962181136719624,0.8849398704902868,0.9617600619884005,0.962181136719624,0.9605618198454149,0.9537147846655835,0.8849398704902868,0.9148292319050413,0.9697738719292837
internet_advertisements,Internet Ads,NBEM,NBEM-prop (implementation-level NBEM comparator),43529,0.96279555456105,0.8863249049234249,0.9627918842990006,0.96279555456105,0.9609460552399705,0.9560709553003388,0.8863249049234249,0.9152692538641333,0.9695538253331962
internet_advertisements,Internet Ads,NBEM,NBEM-prop (implementation-level NBEM comparator),65932,0.9627974192585962,0.8863732141021687,0.962469684246779,0.9627974192585962,0.9611207877222027,0.9552177381613893,0.8863732141021687,0.915968413952853,0.968682118751499
internet_advertisements,Internet Ads,NBEM,NBEM-prop (implementation-level NBEM comparator),69887,0.9624813530245394,0.8841350601295097,0.9620095103622808,0.9624813530245394,0.9607675643765976,0.9553257919560497,0.8841350601295097,0.9150137172540805,0.969726419296262
internet_advertisements,Internet Ads,NBEM,NBEM-prop (implementation-level NBEM comparator),156304,0.9621830014171702,0.8849398704902868,0.9619555576919302,0.9621830014171702,0.9604596645282368,0.954277419771722,0.8849398704902868,0.9144444900747922,0.9699744749374721
internet_advertisements,Internet Ads,NBEM,NBEM-prop (implementation-level NBEM comparator),266458,0.9621830014171702,0.8850123342584026,0.9618885242887479,0.9621830014171702,0.960542767077289,0.9540841209814603,0.8850123342584026,0.9147827642169549,0.9699038099153734
internet_advertisements,Internet Ads,NBEM,NBEM-prop (implementation-level NBEM comparator),273103,0.9624897441634965,0.8852137938123137,0.9619767373956133,0.9624897441634965,0.9608434984984907,0.9544506244859283,0.8852137938123137,0.9154095423530499,0.9692493233288794
internet_advertisements,Internet Ads,NBEM,NBEM-prop (implementation-level NBEM comparator),370882,0.9627946222122772,0.8862524411553089,0.9624595988999938,0.9627946222122772,0.961199157566783,0.9553574668381211,0.8862524411553089,0.9162427002427374,0.9696465892349334
internet_advertisements,Internet Ads,NBEM,NBEM-prop (implementation-level NBEM comparator),503966,0.9624850824196315,0.8851413300441978,0.962189542481165,0.9624850824196315,0.9608604780863829,0.9551526166451328,0.8851413300441978,0.9154338074049306,0.9686151368760065
internet_advertisements,Internet Ads,NBEM,NBEM-prop (implementation-level NBEM comparator),519965,0.962182069068397,0.8840302189330866,0.9616642878482731,0.962182069068397,0.9605247046487125,0.9542573978589871,0.8840302189330866,0.9146822240020447,0.9687440470072293
internet_advertisements,Internet Ads,NBEM,NBEM-prop (implementation-level NBEM comparator),535886,0.9609625568732751,0.8824355021071024,0.9605094086872914,0.9609625568732751,0.9593402522071669,0.9510691939682985,0.8824355021071024,0.9123002801238667,0.9691699215404117
internet_advertisements,Internet Ads,NBEM,NBEM-prop (implementation-level NBEM comparator),627018,0.9627964869098232,0.8863007503340528,0.9625616072701799,0.9627964869098232,0.9612788462221429,0.9558041154506955,0.8863007503340528,0.9165837581695145,0.969368640148011
internet_advertisements,Internet Ads,NBEM,NBEM-prop (implementation-level NBEM comparator),648362,0.9615769747147013,0.8846577243293247,0.9610965458157523,0.9615769747147013,0.9599383311778498,0.9514073465037605,0.8846577243293247,0.9135680900352379,0.9685905540137731
internet_advertisements,Internet Ads,NBEM,NBEM-prop (implementation-level NBEM comparator),663649,0.9618790557171627,0.8838770685579197,0.9615558691463922,0.9618790557171627,0.9601978297237626,0.9538206252483048,0.8838770685579197,0.9139888532688957,0.9706781272484326
internet_advertisements,Internet Ads,NBEM,NBEM-prop (implementation-level NBEM comparator),934243,0.9627946222122772,0.8853669441874807,0.9624814640550043,0.9627946222122772,0.9610496991120587,0.9560846600368335,0.8853669441874807,0.9156509613884097,0.9690425531914894
mushroom,Mushroom,Hybrid NBEM,Hybrid NBEM,13,0.9997538460606281,0.9997445717417403,0.999754429363802,0.9997538460606281,0.9997538346715954,0.9997630331753555,0.9997445717417403,0.9997534985909953,1.0
mushroom,Mushroom,Hybrid NBEM,Hybrid NBEM,21,1.0,1.0,1.0,1.0,1.0,1.0,1.0,1.0,1.0
mushroom,Mushroom,Hybrid NBEM,Hybrid NBEM,42,0.9998768472906404,0.9998721227621484,0.9998771391217053,0.9998768472906404,0.9998768414919883,0.9998815165876778,0.9998721227621484,0.9998766675324241,1.0
mushroom,Mushroom,Hybrid NBEM,Hybrid NBEM,87,0.999261386702537,0.9992343676601075,0.9992648817482317,0.999261386702537,0.9992613175352545,0.9992899398339551,0.9992343676601075,0.9992603322468389,1.0
mushroom,Mushroom,Hybrid NBEM,Hybrid NBEM,123,0.9996308448306157,0.9996261331135781,0.9996323221278894,0.9996308448306157,0.9996308271451309,0.9996360423602064,0.9996261331135781,0.9996303293573128,0.9999987850143672
mushroom,Mushroom,Hybrid NBEM,Hybrid NBEM,41762,0.9998769987699877,0.9998812351543943,0.9998773117502168,0.9998769987699877,0.9998770039867594,0.9998727735368957,0.9998812351543943,0.9998768527003794,0.9999987881138204
mushroom,Mushroom,Hybrid NBEM,Hybrid NBEM,43529,1.0,1.0,1.0,1.0,1.0,1.0,1.0,1.0,1.0
mushroom,Mushroom,Hybrid NBEM,Hybrid NBEM,65932,0.9997538460606281,0.9997445717417403,0.999754429363802,0.9997538460606281,0.9997538346715954,0.9997630331753555,0.9997445717417403,0.9997534985909953,1.0
mushroom,Mushroom,Hybrid NBEM,Hybrid NBEM,69887,0.9996308448306157,0.9996349192883803,0.9996317634480288,0.9996308448306157,0.9996308498805639,0.9996267391041652,0.9996349192883803,0.9996303737664374,1.0
mushroom,Mushroom,Hybrid NBEM,Hybrid NBEM,156304,0.9995076921212561,0.9994979296582829,0.9995094611382218,0.9995076921212561,0.9995076678025343,0.9995178835051881,0.9994979296582829,0.9995069952184231,0.9999993940569102
mushroom,Mushroom,Hybrid NBEM,Hybrid NBEM,266458,0.9996305418719211,0.9996343537414966,0.9996308746827192,0.9996305418719211,0.9996305570179009,0.9996262153315479,0.9996343537414966,0.9996301329304677,0.9999987852283769
mushroom,Mushroom,Hybrid NBEM,Hybrid NBEM,273103,0.9998768472906404,0.9998812351543943,0.9998771614557154,0.9998768472906404,0.9998768527141975,0.9998724489795918,0.9998812351543943,0.9998766900074866,0.9999963550431016
mushroom,Mushroom,Hybrid NBEM,Hybrid NBEM,370882,0.9995079950799507,0.9995073682679723,0.9995097841726075,0.9995079950799507,0.9995079824044524,0.9995091404544059,0.9995073682679723,0.9995073447505849,0.9999993940569102
mushroom,Mushroom,Hybrid NBEM,Hybrid NBEM,503966,0.9996308448306157,0.9996258068961345,0.9996317411140188,0.9996308448306157,0.9996308386583548,0.999635806712251,0.9996258068961345,0.9996303512913748,1.0
mushroom,Mushroom,Hybrid NBEM,Hybrid NBEM,519965,0.9993849938499386,0.9993710310727616,0.9993864484542463,0.9993849938499386,0.999384965150516,0.9993987941022786,0.9993710310727616,0.9993841545423834,0.9999981821707304
mushroom,Mushroom,Hybrid NBEM,Hybrid NBEM,535886,0.9996305418719211,0.999625480678691,0.9996320206016236,0.9996305418719211,0.9996305233503652,0.9996360423602064,0.999625480678691,0.9996300014669594,0.999996962535918
mushroom,Mushroom,Hybrid NBEM,Hybrid NBEM,627018,0.9993843879325492,0.9993795344741223,0.9993864742596653,0.9993843879325492,0.9993843703700698,0.9993897722795207,0.9993795344741223,0.9993835899594231,0.9999993926141885
mushroom,Mushroom,Hybrid NBEM,Hybrid NBEM,648362,0.9998768472906404,0.9998809523809523,0.999877160656313,0.9998768472906404,0.9998768523393003,0.9998727735368957,0.9998809523809523,0.9998767109768225,1.0
mushroom,Mushroom,Hybrid NBEM,Hybrid NBEM,663649,0.9997539975399754,0.9997536841339862,0.9997546019923135,0.9997539975399754,0.9997539971663667,0.9997542901245733,0.9997536841339862,0.9997536837589506,0.9999987881138204
mushroom,Mushroom,Hybrid NBEM,Hybrid NBEM,934243,0.9997536945812808,0.9997533579165427,0.9997543005774204,0.9997536945812808,0.9997536942061857,0.9997539655672696,0.9997533579165427,0.9997533575399109,1.0
mushroom,Mushroom,Logistic Regression,Logistic Regression,13,0.9998768472906404,0.9998721227621484,0.9998771391217053,0.9998768472906404,0.9998768414919883,0.9998815165876778,0.9998721227621484,0.9998766675324241,1.0
mushroom,Mushroom,Logistic Regression,Logistic Regression,21,0.9998768472906404,0.9998721227621484,0.9998771391217053,0.9998768472906404,0.9998768414919883,0.9998815165876778,0.9998721227621484,0.9998766675324241,1.0
mushroom,Mushroom,Logistic Regression,Logistic Regression,42,0.9998768472906404,0.9998721227621484,0.9998771391217053,0.9998768472906404,0.9998768414919883,0.9998815165876778,0.9998721227621484,0.9998766675324241,1.0
mushroom,Mushroom,Logistic Regression,Logistic Regression,87,0.9998768472906404,0.9998721227621484,0.9998771391217053,0.9998768472906404,0.9998768414919883,0.9998815165876778,0.9998721227621484,0.9998766675324241,1.0
mushroom,Mushroom,Logistic Regression,Logistic Regression,123,0.9998768472906404,0.9998721227621484,0.9998771391217053,0.9998768472906404,0.9998768414919883,0.9998815165876778,0.9998721227621484,0.9998766675324241,1.0
mushroom,Mushroom,Logistic Regression,Logistic Regression,41762,1.0,1.0,1.0,1.0,1.0,1.0,1.0,1.0,1.0
mushroom,Mushroom,Logistic Regression,Logistic Regression,43529,0.9996305418719211,0.9996163682864451,0.9996331559624501,0.9996305418719211,0.9996304863062898,0.9996462264150944,0.9996163682864451,0.9996299306499761,1.0
mushroom,Mushroom,Logistic Regression,Logistic Regression,65932,1.0,1.0,1.0,1.0,1.0,1.0,1.0,1.0,1.0
mushroom,Mushroom,Logistic Regression,Logistic Regression,69887,0.9997536945812808,0.9997442455242966,0.9997542782434105,0.9997536945812808,0.9997536829839765,0.9997630331753555,0.9997442455242966,0.9997533350648483,1.0
mushroom,Mushroom,Logistic Regression,Logistic Regression,156304,0.9996305418719211,0.999617020721332,0.9996320010272454,0.9996305418719211,0.9996305136289532,0.9996445497630331,0.999617020721332,0.9996300254489668,1.0
mushroom,Mushroom,Logistic Regression,Logistic Regression,266458,1.0,1.0,1.0,1.0,1.0,1.0,1.0,1.0,1.0
mushroom,Mushroom,Logistic Regression,Logistic Regression,273103,0.9998768472906404,0.9998721227621484,0.9998771391217053,0.9998768472906404,0.9998768414919883,0.9998815165876778,0.9998721227621484,0.9998766675324241,1.0
mushroom,Mushroom,Logistic Regression,Logistic Regression,370882,1.0,1.0,1.0,1.0,1.0,1.0,1.0,1.0,1.0
mushroom,Mushroom,Logistic Regression,Logistic Regression,503966,0.9998768472906404,0.9998721227621484,0.9998771391217053,0.9998768472906404,0.9998768414919883,0.9998815165876778,0.9998721227621484,0.9998766675324241,1.0
mushroom,Mushroom,Logistic Regression,Logistic Regression,519965,1.0,1.0,1.0,1.0,1.0,1.0,1.0,1.0,1.0
mushroom,Mushroom,Logistic Regression,Logistic Regression,535886,1.0,1.0,1.0,1.0,1.0,1.0,1.0,1.0,1.0
mushroom,Mushroom,Logistic Regression,Logistic Regression,627018,1.0,1.0,1.0,1.0,1.0,1.0,1.0,1.0,1.0
mushroom,Mushroom,Logistic Regression,Logistic Regression,648362,1.0,1.0,1.0,1.0,1.0,1.0,1.0,1.0,1.0
mushroom,Mushroom,Logistic Regression,Logistic Regression,663649,1.0,1.0,1.0,1.0,1.0,1.0,1.0,1.0,1.0
mushroom,Mushroom,Logistic Regression,Logistic Regression,934243,0.9998769987699877,0.9998724489795918,0.9998772902420967,0.9998769987699877,0.9998769931796071,0.9998815165876778,0.9998724489795918,0.9998768310585712,1.0
mushroom,Mushroom,NBEM,NBEM-prop (implementation-level NBEM comparator),13,0.943131168996419,0.9411423488635359,0.9481118934684899,0.943131168996419,0.9428484837358695,0.9497644916708456,0.9411423488635359,0.9426626753158066,0.9963957404489954
mushroom,Mushroom,NBEM,NBEM-prop (implementation-level NBEM comparator),21,0.9433780803325276,0.9413919269039848,0.9483370501460321,0.9433780803325276,0.9430994523583683,0.9499897960130351,0.9413919269039848,0.9429153069510934,0.9962700381785915
mushroom,Mushroom,NBEM,NBEM-prop (implementation-level NBEM comparator),42,0.943007864807712,0.9410126446530279,0.9481115290446809,0.943007864807712,0.9427082209434529,0.9497658538471276,0.9410126446530279,0.9425189824993041,0.9963191099347339
mushroom,Mushroom,NBEM,NBEM-prop (implementation-level NBEM comparator),87,0.9435013845212344,0.9415201738032815,0.9484523956318522,0.9435013845212344,0.9432223324330489,0.9501008424860291,0.9415201738032815,0.943038495056163,0.9963034974763574
mushroom,Mushroom,NBEM,NBEM-prop (implementation-level NBEM comparator),123,0.9427626197444241,0.940809737919747,0.9476664308615268,0.9427626197444241,0.9424747157267055,0.9492813552938578,0.940809737919747,0.9422882147694752,0.9963376014788263
mushroom,Mushroom,NBEM,NBEM-prop (implementation-level NBEM comparator),41762,0.9430104399566164,0.941055988232327,0.9477632823771721,0.9430104399566164,0.9427410155327252,0.9493853781462175,0.941055988232327,0.9425584569648102,0.9962872136764297
mushroom,Mushroom,NBEM,NBEM-prop (implementation-level NBEM comparator),43529,0.9433779288531803,0.9413906654782125,0.9483684506524934,0.9433779288531803,0.9430944122144487,0.9500208582094135,0.9413906654782125,0.9429092283275645,0.9963925772356713
mushroom,Mushroom,NBEM,NBEM-prop (implementation-level NBEM comparator),65932,0.9426387096383279,0.9406786419514619,0.9474825953852847,0.9426387096383279,0.9423616462375477,0.9491065451014833,0.9406786419514619,0.9421765594575946,0.9963670326202803
mushroom,Mushroom,NBEM,NBEM-prop (implementation-level NBEM comparator),69887,0.9427612564302983,0.9407760936141472,0.94769813351731,0.9427612564302983,0.9424788505190742,0.9493451613999166,0.9407760936141472,0.9422922892302832,0.9963608983117597
mushroom,Mushroom,NBEM,NBEM-prop (implementation-level NBEM comparator),156304,0.9431305630790299,0.9411523530201092,0.948079583488233,0.9431305630790299,0.9428453014081001,0.9497208457682953,0.9411523530201092,0.9426591956592381,0.9961945919579971
mushroom,Mushroom,NBEM,NBEM-prop (implementation-level NBEM comparator),266458,0.943131623434461,0.9411425660835437,0.9481925686173712,0.943131623434461,0.9428379712118472,0.9498439231057582,0.9411425660835437,0.942650640596266,0.9963048814891915
mushroom,Mushroom,NBEM,NBEM-prop (implementation-level NBEM comparator),273103,0.9432541702264313,0.9412900819730969,0.9480873115042311,0.9432541702264313,0.9429804809799445,0.9497183069045683,0.9412900819730969,0.942797090253314,0.9962649576066539
mushroom,Mushroom,NBEM,NBEM-prop (implementation-level NBEM comparator),370882,0.9432518980362218,0.9412809695808511,0.9481927509490701,0.9432518980362218,0.9429694315805491,0.9498295205539516,0.9412809695808511,0.9427848611164806,0.9961101356824578
mushroom,Mushroom,NBEM,NBEM-prop (implementation-level NBEM comparator),503966,0.9432534128296949,0.9412803171459639,0.9481682985494306,0.9432534128296949,0.9429762785885707,0.9498080455056714,0.9412803171459639,0.9427923103411494,0.9962641320968275
mushroom,Mushroom,NBEM,NBEM-prop (implementation-level NBEM comparator),519965,0.9430098340392272,0.9410339795321206,0.9480180063168699,0.9430098340392272,0.9427225538875273,0.9496580635813743,0.9410339795321206,0.9425368968918437,0.9963193462827954
mushroom,Mushroom,NBEM,NBEM-prop (implementation-level NBEM comparator),535886,0.9438699337732294,0.9419143752202936,0.9486948995177397,0.9438699337732294,0.9436013238958989,0.9503228199013284,0.9419143752202936,0.9434208177060753,0.9963615784166457
mushroom,Mushroom,NBEM,NBEM-prop (implementation-level NBEM comparator),627018,0.9431313204757663,0.9411534620044444,0.9481522015374255,0.9431313204757663,0.9428404716245481,0.9497924587205816,0.9411534620044444,0.9426535438543455,0.9963148645252055
mushroom,Mushroom,NBEM,NBEM-prop (implementation-level NBEM comparator),648362,0.9428877416852985,0.9408944236064766,0.9479026749905074,0.9428877416852985,0.9426001906647569,0.9495578996880205,0.9408944236064766,0.9424133919348738,0.9962273630369515
mushroom,Mushroom,NBEM,NBEM-prop (implementation-level NBEM comparator),663649,0.9435000212071086,0.9415361150656689,0.9483225632636307,0.9435000212071086,0.9432303462984045,0.9499560763464228,0.9415361150656689,0.94304841690615,0.9962954166706739
mushroom,Mushroom,NBEM,NBEM-prop (implementation-level NBEM comparator),934243,0.9434998697277613,0.9415427480503716,0.9483298683898065,0.9434998697277613,0.9432256993281906,0.9499557028679068,0.9415427480503716,0.9430430079387477,0.9962976044159862
predict_students_dropout_and_academic_success,Students,Hybrid NBEM,Hybrid NBEM,13,0.757006935436095,0.6780510041121401,0.7481609095813144,0.757006935436095,0.7490637409396997,0.7004859938482497,0.6780510041121401,0.6847227709108645,0.888949397236343
predict_students_dropout_and_academic_success,Students,Hybrid NBEM,Hybrid NBEM,21,0.7606278663575171,0.6795959682641145,0.7492272677604292,0.7606278663575171,0.7520320146209907,0.6987662979283693,0.6795959682641145,0.6855718928757969,0.8930561614813588
predict_students_dropout_and_academic_success,Students,Hybrid NBEM,Hybrid NBEM,42,0.7624286283362103,0.681749752245594,0.7519350068922911,0.7624286283362103,0.7540290476040126,0.7025478982099518,0.681749752245594,0.6883758317779402,0.8932429077366797
predict_students_dropout_and_academic_success,Students,Hybrid NBEM,Hybrid NBEM,87,0.7563307559523201,0.675338514755025,0.7455900752733905,0.7563307559523201,0.747768766969501,0.6943775669633319,0.675338514755025,0.6808965942000258,0.8884873942431927
predict_students_dropout_and_academic_success,Students,Hybrid NBEM,Hybrid NBEM,123,0.7585998386157728,0.6760895995415098,0.746695399483899,0.7585998386157728,0.7496456823814862,0.6951326813359098,0.6760895995415098,0.6818135655947271,0.8887101831355324
predict_students_dropout_and_academic_success,Students,Hybrid NBEM,Hybrid NBEM,41762,0.7567852874784224,0.6761088312641357,0.7464263016174725,0.7567852874784224,0.748655353837432,0.69380744502245,0.6761088312641357,0.6812845719103657,0.8876575569453642
predict_students_dropout_and_academic_success,Students,Hybrid NBEM,Hybrid NBEM,43529,0.7656001348273291,0.6875839646887358,0.7559632492043373,0.7656001348273291,0.757445461196012,0.7078729025444678,0.6875839646887358,0.693630673470511,0.8958621503179719
predict_students_dropout_and_academic_success,Students,Hybrid NBEM,Hybrid NBEM,65932,0.7601692491547756,0.6813665986419204,0.749432047871459,0.7601692491547756,0.7523114232184704,0.6989155306945307,0.6813665986419204,0.6871174169072869,0.8909133089165484
predict_students_dropout_and_academic_success,Students,Hybrid NBEM,Hybrid NBEM,69887,0.7631129791732633,0.6841060906869009,0.7526911679795928,0.7631129791732633,0.7553798060051139,0.7023989295934666,0.6841060906869009,0.6902529789340383,0.8930368848236439
predict_students_dropout_and_academic_success,Students,Hybrid NBEM,Hybrid NBEM,156304,0.758370530014402,0.6751096987498568,0.7448570543507919,0.758370530014402,0.7483558088703905,0.6935714959007481,0.6751096987498568,0.6800601139743534,0.8926115377121608
predict_students_dropout_and_academic_success,Students,Hybrid NBEM,Hybrid NBEM,266458,0.7644663595599727,0.6851604930783877,0.7543991214741164,0.7644663595599727,0.7563274813074294,0.7064485664785415,0.6851604930783877,0.6917012398153285,0.8946965061999649
predict_students_dropout_and_academic_success,Students,Hybrid NBEM,Hybrid NBEM,273103,0.7622074910881178,0.6807734513152539,0.7503869171284728,0.7622074910881178,0.7528555869331239,0.7024435903302668,0.6807734513152539,0.6869741346166813,0.8922129671429924
predict_students_dropout_and_academic_success,Students,Hybrid NBEM,Hybrid NBEM,370882,0.7617560238194948,0.6811520560321594,0.7517046344105847,0.7617560238194948,0.7538835458672114,0.7004955226284955,0.6811520560321594,0.6870161420575638,0.8929143003027112
predict_students_dropout_and_academic_success,Students,Hybrid NBEM,Hybrid NBEM,503966,0.7592545682971921,0.680139822187398,0.7489024405229823,0.7592545682971921,0.7511027267483247,0.70051907278432,0.680139822187398,0.6865427082657264,0.8934001203879383
predict_students_dropout_and_academic_success,Students,Hybrid NBEM,Hybrid NBEM,519965,0.762649254874723,0.6849614264864965,0.7530721372889656,0.762649254874723,0.7553208579707016,0.7030837875722493,0.6849614264864965,0.6909613880096209,0.892367789166115
predict_students_dropout_and_academic_success,Students,Hybrid NBEM,Hybrid NBEM,535886,0.7583725728527215,0.6776602260971788,0.7477630525016149,0.7583725728527215,0.7501492237830938,0.6956824497630066,0.6776602260971788,0.6831811381545019,0.8901330969785078
predict_students_dropout_and_academic_success,Students,Hybrid NBEM,Hybrid NBEM,627018,0.7604006005944659,0.6798275800395424,0.7484194526395999,0.7604006005944659,0.7514105569461663,0.698845074849664,0.6798275800395424,0.6856067101981778,0.8945149825819836
predict_students_dropout_and_academic_success,Students,Hybrid NBEM,Hybrid NBEM,648362,0.7683033206336884,0.6891809218497812,0.7585568651589158,0.7683033206336884,0.7601305945327377,0.7103568675753114,0.6891809218497812,0.6957089989007571,0.8955037869105924
predict_students_dropout_and_academic_success,Students,Hybrid NBEM,Hybrid NBEM,663649,0.7597264639490108,0.6843281036062857,0.7515776552268708,0.7597264639490108,0.7531362790652909,0.7000438462018566,0.6843281036062857,0.6889842441785478,0.8883756364302358
predict_students_dropout_and_academic_success,Students,Hybrid NBEM,Hybrid NBEM,934243,0.7547429598684412,0.6718485781650941,0.7425653668375596,0.7547429598684412,0.7457067055437028,0.6906830891759947,0.6718485781650941,0.6777029740470397,0.8908960339657795
predict_students_dropout_and_academic_success,Students,Logistic Regression,Logistic Regression,13,0.7649137411519565,0.6690789372892584,0.7471555233739389,0.7649137411519565,0.7479665273163262,0.7054038802637919,0.6690789372892584,0.6759019279673789,0.8991002673189474
predict_students_dropout_and_academic_success,Students,Logistic Regression,Logistic Regression,21,0.765833529105339,0.66907644073841,0.7481713012184155,0.765833529105339,0.7489441392174886,0.7068423805304416,0.66907644073841,0.6767175896134547,0.9002925421189134
predict_students_dropout_and_academic_success,Students,Logistic Regression,Logistic Regression,42,0.7633336057117759,0.6661417647423069,0.7441655555474043,0.7633336057117759,0.7456778825368534,0.7020172033298302,0.6661417647423069,0.6728843282892363,0.900137882154065
predict_students_dropout_and_academic_success,Students,Logistic Regression,Logistic Regression,87,0.766950450956559,0.671768807926244,0.7498243191355957,0.766950450956559,0.7504271315646298,0.7086306844964174,0.671768807926244,0.6791735453865975,0.8988739571981442
predict_students_dropout_and_academic_success,Students,Logistic Regression,Logistic Regression,123,0.7640215315158881,0.6668959919132043,0.7451816140567435,0.7640215315158881,0.7465922693430829,0.7025816035562047,0.6668959919132043,0.6735804974469425,0.8995378677907884
predict_students_dropout_and_academic_success,Students,Logistic Regression,Logistic Regression,41762,0.7676245876020142,0.6723678864099065,0.7502009784662828,0.7676245876020142,0.7508097788258942,0.7107351074830289,0.6723678864099065,0.6800593708951975,0.8996876275157885
predict_students_dropout_and_academic_success,Students,Logistic Regression,Logistic Regression,43529,0.7651430497533273,0.6681206739846347,0.7471575834117359,0.7651430497533273,0.7480289489124026,0.7051925352543964,0.6681206739846347,0.6752612656294616,0.9002792193657954
predict_students_dropout_and_academic_success,Students,Logistic Regression,Logistic Regression,65932,0.7637957978815766,0.6659717960464266,0.7442687215471909,0.7637957978815766,0.7458452079515416,0.7018043339173621,0.6659717960464266,0.6722007934960753,0.8992809838478365
predict_students_dropout_and_academic_success,Students,Logistic Regression,Logistic Regression,69887,0.7680888226101346,0.6722778828182958,0.7505018527081179,0.7680888226101346,0.7509633230693304,0.7109951949456129,0.6722778828182958,0.6797797354881665,0.9001113107713147
predict_students_dropout_and_academic_success,Students,Logistic Regression,Logistic Regression,156304,0.7642482865693594,0.6671774204815247,0.7459952264745224,0.7642482865693594,0.7467418010936148,0.7045687453916584,0.6671774204815247,0.6741262636953418,0.8989771284940613
predict_students_dropout_and_academic_success,Students,Logistic Regression,Logistic Regression,266458,0.7653718476451181,0.6683102665785827,0.7470272364101808,0.7653718476451181,0.7481081486931409,0.704608710430767,0.6683102665785827,0.6751873415254969,0.8996646981463201
predict_students_dropout_and_academic_success,Students,Logistic Regression,Logistic Regression,273103,0.7653744011930176,0.6690112355055513,0.7472858813670438,0.7653744011930176,0.7483584173554634,0.7056769518067358,0.6690112355055513,0.6762904382672218,0.9000062594751116
predict_students_dropout_and_academic_success,Students,Logistic Regression,Logistic Regression,370882,0.7646905610655444,0.6677734311717248,0.7480324362919568,0.7646905610655444,0.7474822574983546,0.7077407288839176,0.6677734311717248,0.6750659207256666,0.898825855912313
predict_students_dropout_and_academic_success,Students,Logistic Regression,Logistic Regression,503966,0.7655945170219504,0.6692639352518039,0.7475944397223265,0.7655945170219504,0.7486429018698864,0.7060176459255113,0.6692639352518039,0.6765800216837495,0.899792446031676
predict_students_dropout_and_academic_success,Students,Logistic Regression,Logistic Regression,519965,0.7649214017956549,0.6685716568580637,0.7475232041968665,0.7649214017956549,0.7479463132585324,0.7055148840273322,0.6685716568580637,0.6754020175345972,0.9001568599808756
predict_students_dropout_and_academic_success,Students,Logistic Regression,Logistic Regression,535886,0.766280399987743,0.671225494321346,0.7499304688817807,0.766280399987743,0.7493455681482113,0.7116040995798325,0.671225494321346,0.6787890421786685,0.8993561662318053
predict_students_dropout_and_academic_success,Students,Logistic Regression,Logistic Regression,627018,0.7665035800741551,0.6707611495533088,0.748858546989193,0.7665035800741551,0.7500402292952518,0.7075789143332837,0.6707611495533088,0.6786260788114776,0.9003464782674678
predict_students_dropout_and_academic_success,Students,Logistic Regression,Logistic Regression,648362,0.7660556877725913,0.6688774610521566,0.7490892807457685,0.7660556877725913,0.7484166293074426,0.7080623152047081,0.6688774610521566,0.6753287364833833,0.8994626023388644
predict_students_dropout_and_academic_success,Students,Logistic Regression,Logistic Regression,663649,0.7649198696669152,0.6680021619519196,0.7464662606526336,0.7649198696669152,0.747009088446711,0.7050528123033674,0.6680021619519196,0.6741032915207574,0.8999956875108805
predict_students_dropout_and_academic_success,Students,Logistic Regression,Logistic Regression,934243,0.7673952790006435,0.670530803043296,0.7489633476372028,0.7673952790006435,0.7500062710447524,0.7080330779132187,0.670530803043296,0.6780317752905052,0.9001217561253471
predict_students_dropout_and_academic_success,Students,NBEM,NBEM-prop (implementation-level NBEM comparator),13,0.6690734706801631,0.5753715524649581,0.6560002735501764,0.6690734706801631,0.6529274520712856,0.6062887491704587,0.5753715524649581,0.5808497964334195,0.8247780014250343
predict_students_dropout_and_academic_success,Students,NBEM,NBEM-prop (implementation-level NBEM comparator),21,0.6681781967866154,0.5740496711434437,0.6557120481244977,0.6681781967866154,0.6526897880334765,0.6065443465973255,0.5740496711434437,0.5806805628891691,0.8234671444025914
predict_students_dropout_and_academic_success,Students,NBEM,NBEM-prop (implementation-level NBEM comparator),42,0.6684039304209268,0.5741208411771478,0.6549454725721026,0.6684039304209268,0.6527361107733093,0.6060865940352121,0.5741208411771478,0.5809781780653754,0.8246700533601219
predict_students_dropout_and_academic_success,Students,NBEM,NBEM-prop (implementation-level NBEM comparator),87,0.6661328049191547,0.5696457249808875,0.6518070955715626,0.6661328049191547,0.6496905281097906,0.6010407506023938,0.5696457249808875,0.575827843702974,0.822963517756946
predict_students_dropout_and_academic_success,Students,NBEM,NBEM-prop (implementation-level NBEM comparator),123,0.6690841955813407,0.5760233322508631,0.6569429217049575,0.6690841955813407,0.6544840463166661,0.6077079359256906,0.5760233322508631,0.5832874645672476,0.8243642300676246
predict_students_dropout_and_academic_success,Students,NBEM,NBEM-prop (implementation-level NBEM comparator),41762,0.6706530954107637,0.5759329937180792,0.6568799474919023,0.6706530954107637,0.6546324230657291,0.6085790025822193,0.5759329937180792,0.5829372551319602,0.8244054007440763
predict_students_dropout_and_academic_success,Students,NBEM,NBEM-prop (implementation-level NBEM comparator),43529,0.6683921841005894,0.5728993401148578,0.6550851545761214,0.6683921841005894,0.6524265162474125,0.605680755014317,0.5728993401148578,0.5797323871086235,0.8244629289285268
predict_students_dropout_and_academic_success,Students,NBEM,NBEM-prop (implementation-level NBEM comparator),65932,0.6677216224221934,0.5727880161317888,0.6542797892745467,0.6677216224221934,0.6519606567492826,0.6053280699975931,0.5727880161317888,0.5797867636964755,0.8245187463999517
predict_students_dropout_and_academic_success,Students,NBEM,NBEM-prop (implementation-level NBEM comparator),69887,0.6720238399231893,0.5775759071549057,0.6581662157397596,0.6720238399231893,0.6555544665541984,0.6103842714245381,0.5775759071549057,0.5839619344692081,0.8251502383280208
predict_students_dropout_and_academic_success,Students,NBEM,NBEM-prop (implementation-level NBEM comparator),156304,0.6688564191087096,0.5750397115373309,0.6561877781113499,0.6688564191087096,0.6533625687115878,0.608052494806954,0.5750397115373309,0.5820649980546536,0.8253205020528303
predict_students_dropout_and_academic_success,Students,NBEM,NBEM-prop (implementation-level NBEM comparator),266458,0.6686393675372562,0.5769700846837382,0.6568358091975929,0.6686393675372562,0.6541931331201295,0.6076846041349522,0.5769700846837382,0.5837618245859735,0.8256154752055194
predict_students_dropout_and_academic_success,Students,NBEM,NBEM-prop (implementation-level NBEM comparator),273103,0.6688523334320705,0.5742222799189282,0.6552953150818821,0.6688523334320705,0.6527702088629237,0.605840382087925,0.5742222799189282,0.5804638009748386,0.8246075338486778
predict_students_dropout_and_academic_success,Students,NBEM,NBEM-prop (implementation-level NBEM comparator),370882,0.6674918031112428,0.5737767513826736,0.6538875741252694,0.6674918031112428,0.651569909739012,0.6052746428742799,0.5737767513826736,0.580147705931535,0.824744021084804
predict_students_dropout_and_academic_success,Students,NBEM,NBEM-prop (implementation-level NBEM comparator),503966,0.6706576917969828,0.5772468828377793,0.6585104628995291,0.6706576917969828,0.6554281255936825,0.6114431393444292,0.5772468828377793,0.5849499025300229,0.8242871547300528
predict_students_dropout_and_academic_success,Students,NBEM,NBEM-prop (implementation-level NBEM comparator),519965,0.6672604516715525,0.5722630092422862,0.6533307249242124,0.6672604516715525,0.6509729051033883,0.6036918058204684,0.5722630092422862,0.5783398721299144,0.8243556493114644
predict_students_dropout_and_academic_success,Students,NBEM,NBEM-prop (implementation-level NBEM comparator),535886,0.6706597346353023,0.5761177265634256,0.6587950289637443,0.6706597346353023,0.6549586672105432,0.6102260527611278,0.5761177265634256,0.5832080703996672,0.8253146451280161
predict_students_dropout_and_academic_success,Students,NBEM,NBEM-prop (implementation-level NBEM comparator),627018,0.6701980531750815,0.5764722184799425,0.6576114206247456,0.6701980531750815,0.6548209128416307,0.6096334618580687,0.5764722184799425,0.5837316534344892,0.8241907655961149
predict_students_dropout_and_academic_success,Students,NBEM,NBEM-prop (implementation-level NBEM comparator),648362,0.66885488697997,0.5755177839737057,0.6570336145049721,0.66885488697997,0.6539481989920943,0.6081679278988552,0.5755177839737057,0.5827125598556402,0.8240296364838263
predict_students_dropout_and_academic_success,Students,NBEM,NBEM-prop (implementation-level NBEM comparator),663649,0.6686158748965813,0.5755274302550476,0.6566004590905564,0.6686158748965813,0.6538027946542786,0.6060991291501615,0.5755274302550476,0.5819017563066042,0.8252006224237103
predict_students_dropout_and_academic_success,Students,NBEM,NBEM-prop (implementation-level NBEM comparator),934243,0.6697460751968786,0.5759202074969277,0.6572674016280164,0.6697460751968786,0.6538931425417972,0.6083570521052664,0.5759202074969277,0.5822698139352465,0.8251263409539782
productivity_prediction_of_garment_employees,Productivity Prediction,Hybrid NBEM,Hybrid NBEM,13,0.7401960784313726,0.5710156531614692,0.7240040058429795,0.7401960784313726,0.7171861718079109,0.6645409242172055,0.5710156531614692,0.5820468846102317,0.8777565655498186
productivity_prediction_of_garment_employees,Productivity Prediction,Hybrid NBEM,Hybrid NBEM,21,0.732626050420168,0.5489672971632376,0.7161362231393975,0.732626050420168,0.7030769457484175,0.6726865331714298,0.5489672971632376,0.5560465497457696,0.8637281983003021
productivity_prediction_of_garment_employees,Productivity Prediction,Hybrid NBEM,Hybrid NBEM,42,0.7234663865546218,0.545736392546666,0.6979110064542631,0.7234663865546218,0.6965403959021933,0.6206021264333857,0.545736392546666,0.5490661838327201,0.8723227400118706
productivity_prediction_of_garment_employees,Productivity Prediction,Hybrid NBEM,Hybrid NBEM,87,0.7159733893557423,0.5373874544400643,0.688435786922247,0.7159733893557423,0.6912656249459307,0.6002379641861011,0.5373874544400643,0.5420848340076924,0.8630284674415634
productivity_prediction_of_garment_employees,Productivity Prediction,Hybrid NBEM,Hybrid NBEM,123,0.7326610644257703,0.5605456578923853,0.7094627993146978,0.7326610644257703,0.7083595224455139,0.6347560266062796,0.5605456578923853,0.5661347820813906,0.8659510855567418
productivity_prediction_of_garment_employees,Productivity Prediction,Hybrid NBEM,Hybrid NBEM,41762,0.7468487394957983,0.5748327454251232,0.7266538877827293,0.7468487394957983,0.7241198494185728,0.6567080341051763,0.5748327454251232,0.5839901303973944,0.8710406827847862
productivity_prediction_of_garment_employees,Productivity Prediction,Hybrid NBEM,Hybrid NBEM,43529,0.7218557422969187,0.551650876433395,0.7010110828935457,0.7218557422969187,0.6969586142176251,0.6393440355953386,0.551650876433395,0.5607150360498669,0.8663579777655391
productivity_prediction_of_garment_employees,Productivity Prediction,Hybrid NBEM,Hybrid NBEM,65932,0.7193137254901961,0.5408417675484783,0.7082119471273105,0.7193137254901961,0.6929945096968931,0.6613937832404617,0.5408417675484783,0.546297325436601,0.8618923719781497
productivity_prediction_of_garment_employees,Productivity Prediction,Hybrid NBEM,Hybrid NBEM,69887,0.7151260504201681,0.537316046437836,0.6899220822584412,0.7151260504201681,0.6903982125633927,0.5982357244836248,0.537316046437836,0.5405117461142861,0.861922448093311
productivity_prediction_of_garment_employees,Productivity Prediction,Hybrid NBEM,Hybrid NBEM,156304,0.726890756302521,0.5375256845244418,0.7082491645622674,0.726890756302521,0.6968255415696156,0.6566954461364692,0.5375256845244418,0.5454053542513889,0.8583914928366074
productivity_prediction_of_garment_employees,Productivity Prediction,Hybrid NBEM,Hybrid NBEM,266458,0.7301890756302521,0.547517907006308,0.7051576949979483,0.7301890756302521,0.7027337695610509,0.6253515487259204,0.547517907006308,0.551036881325448,0.8735486435428805
productivity_prediction_of_garment_employees,Productivity Prediction,Hybrid NBEM,Hybrid NBEM,273103,0.740140056022409,0.572782843364865,0.7292250167896054,0.740140056022409,0.7206800483509934,0.6609134381535775,0.572782843364865,0.580228179716998,0.8772739364900601
productivity_prediction_of_garment_employees,Productivity Prediction,Hybrid NBEM,Hybrid NBEM,370882,0.7351820728291317,0.5672167073161274,0.7185001767880148,0.7351820728291317,0.7154906465768118,0.6484214690099696,0.5672167073161274,0.5786049064310308,0.8758885831945726
productivity_prediction_of_garment_employees,Productivity Prediction,Hybrid NBEM,Hybrid NBEM,503966,0.7410084033613445,0.5610635625382933,0.717677599449824,0.7410084033613445,0.7155297694146436,0.6458276282187038,0.5610635625382933,0.5699405776528277,0.8667797279237964
productivity_prediction_of_garment_employees,Productivity Prediction,Hybrid NBEM,Hybrid NBEM,519965,0.7360644257703081,0.5468170317362528,0.7117428718911258,0.7360644257703081,0.704375739753081,0.6404014021170804,0.5468170317362528,0.5502093556976184,0.8670185748481174
productivity_prediction_of_garment_employees,Productivity Prediction,Hybrid NBEM,Hybrid NBEM,535886,0.7292577030812325,0.554752210261738,0.7035818441579214,0.7292577030812325,0.7030161693601065,0.6318357317078888,0.554752210261738,0.5599024152353443,0.8633667815931799
productivity_prediction_of_garment_employees,Productivity Prediction,Hybrid NBEM,Hybrid NBEM,627018,0.735952380952381,0.5629287683533748,0.7122909422650918,0.735952380952381,0.7122283918077448,0.640438991699223,0.5629287683533748,0.5721905875175678,0.8761641212889527
productivity_prediction_of_garment_employees,Productivity Prediction,Hybrid NBEM,Hybrid NBEM,648362,0.7326820728291317,0.5442704998214526,0.7060081514290855,0.7326820728291317,0.7024910554637757,0.6300351883867978,0.5442704998214526,0.5491279048568941,0.8723379647013058
productivity_prediction_of_garment_employees,Productivity Prediction,Hybrid NBEM,Hybrid NBEM,663649,0.7334453781512604,0.551160408065959,0.7220817991632625,0.7334453781512604,0.706478250488198,0.6771278640455775,0.551160408065959,0.5579128866367216,0.8656638074555365
productivity_prediction_of_garment_employees,Productivity Prediction,Hybrid NBEM,Hybrid NBEM,934243,0.7159873949579831,0.537752384931341,0.691156947869729,0.7159873949579831,0.6904709961312429,0.612190532290149,0.537752384931341,0.5436887818295401,0.8646388938448635
productivity_prediction_of_garment_employees,Productivity Prediction,Logistic Regression,Logistic Regression,13,0.6482703081232493,0.4635187924935232,0.6106086817931224,0.6482703081232493,0.61427567966096,0.5230500887798547,0.4635187924935232,0.4694557378583809,0.7531293307132184
productivity_prediction_of_garment_employees,Productivity Prediction,Logistic Regression,Logistic Regression,21,0.6599999999999999,0.4714495646579325,0.6256919864857922,0.6599999999999999,0.6253204383577013,0.544792261149207,0.4714495646579325,0.47754088841302933,0.7681876506848818
productivity_prediction_of_garment_employees,Productivity Prediction,Logistic Regression,Logistic Regression,42,0.6490686274509805,0.45989549160220244,0.6046473488285657,0.6490686274509805,0.6111341867131437,0.5072523398207808,0.45989549160220244,0.4604135642254622,0.761337709034946
productivity_prediction_of_garment_employees,Productivity Prediction,Logistic Regression,Logistic Regression,87,0.659110644257703,0.4770969380890673,0.6252353628784981,0.659110644257703,0.6261726797609125,0.5410245823331705,0.4770969380890673,0.4823475636853913,0.7663959043670416
productivity_prediction_of_garment_employees,Productivity Prediction,Logistic Regression,Logistic Regression,123,0.650812324929972,0.45739219294314565,0.6214986855326963,0.650812324929972,0.6128575830799188,0.5567224929851852,0.45739219294314565,0.46289395102844466,0.762851581700711
productivity_prediction_of_garment_employees,Productivity Prediction,Logistic Regression,Logistic Regression,41762,0.6541666666666667,0.4668195657942965,0.611574002962654,0.6541666666666667,0.6177318341660417,0.5218778972282354,0.4668195657942965,0.47172574363121916,0.765818109121802
productivity_prediction_of_garment_employees,Productivity Prediction,Logistic Regression,Logistic Regression,43529,0.6541666666666666,0.46632795010384076,0.6114952883895779,0.6541666666666666,0.6184662567534958,0.5168816625922754,0.46632795010384076,0.4688467673680726,0.7648586467390872
productivity_prediction_of_garment_employees,Productivity Prediction,Logistic Regression,Logistic Regression,65932,0.6575070028011204,0.4680416013763155,0.6267814822470357,0.6575070028011204,0.622210494389414,0.5550627668652253,0.4680416013763155,0.4740830241263237,0.7655531493175802
productivity_prediction_of_garment_employees,Productivity Prediction,Logistic Regression,Logistic Regression,69887,0.6550350140056023,0.4698345443871541,0.6167862956297417,0.6550350140056023,0.6201570517914725,0.5296899378837212,0.4698345443871541,0.47651506983094843,0.7618956046381815
productivity_prediction_of_garment_employees,Productivity Prediction,Logistic Regression,Logistic Regression,156304,0.6582563025210084,0.4697474355096559,0.6299728580076571,0.6582563025210084,0.6244484750869649,0.5551500123914969,0.4697474355096559,0.4759866887547637,0.7725292160204742
productivity_prediction_of_garment_employees,Productivity Prediction,Logistic Regression,Logistic Regression,266458,0.6557843137254902,0.4691672399066765,0.6211842345583356,0.6557843137254902,0.6200915279612225,0.5383151821868695,0.4691672399066765,0.47365200288178844,0.759667682746749
productivity_prediction_of_garment_employees,Productivity Prediction,Logistic Regression,Logistic Regression,273103,0.6574719887955183,0.4699695230204758,0.6241406835386722,0.6574719887955183,0.6223698690530984,0.5493353323072785,0.4699695230204758,0.4767615886035094,0.7679973191846353
productivity_prediction_of_garment_employees,Productivity Prediction,Logistic Regression,Logistic Regression,370882,0.6541806722689076,0.46505133532888293,0.6168283464828542,0.6541806722689076,0.6177890481851278,0.5349979095461646,0.46505133532888293,0.4689771905196764,0.765669112100636
productivity_prediction_of_garment_employees,Productivity Prediction,Logistic Regression,Logistic Regression,503966,0.6516176470588235,0.46040965922904614,0.6099115248097658,0.6516176470588235,0.6162928197772277,0.5118378668907759,0.46040965922904614,0.46457650165500264,0.7767121314571458
productivity_prediction_of_garment_employees,Productivity Prediction,Logistic Regression,Logistic Regression,519965,0.6516526610644258,0.46743269993684244,0.6148938371845013,0.6516526610644258,0.6155458133528324,0.5339203001169184,0.46743269993684244,0.47271625319100685,0.7618272168167748
productivity_prediction_of_garment_employees,Productivity Prediction,Logistic Regression,Logistic Regression,535886,0.650749299719888,0.46337937209312513,0.6151137416408239,0.650749299719888,0.6158801427952811,0.5321589242613612,0.46337937209312513,0.468503643452427,0.7646363451371213
productivity_prediction_of_garment_employees,Productivity Prediction,Logistic Regression,Logistic Regression,627018,0.6641456582633054,0.47826173734210187,0.6238432738732309,0.6641456582633054,0.628900300043449,0.5328526789196629,0.47826173734210187,0.4802401796622363,0.7680803789448646
productivity_prediction_of_garment_employees,Productivity Prediction,Logistic Regression,Logistic Regression,648362,0.6541456582633053,0.46468237192553674,0.6178851580740028,0.6541456582633053,0.6175250347877455,0.5350933906898813,0.46468237192553674,0.46761693419197314,0.7680464299994274
productivity_prediction_of_garment_employees,Productivity Prediction,Logistic Regression,Logistic Regression,663649,0.6499019607843137,0.4558269341202233,0.6037158516338149,0.6499019607843137,0.612361444034015,0.5033947814531247,0.4558269341202233,0.45758956496472497,0.7670090108641326
productivity_prediction_of_garment_employees,Productivity Prediction,Logistic Regression,Logistic Regression,934243,0.6499929971988795,0.4630865577240888,0.6146492675978924,0.6499929971988795,0.6139593659783495,0.5364771936781255,0.4630865577240888,0.46847585338506714,0.7640533696459963
productivity_prediction_of_garment_employees,Productivity Prediction,NBEM,NBEM-prop (implementation-level NBEM comparator),13,0.6223739495798319,0.3995417856561187,0.5940888031853042,0.6223739495798319,0.5208459439804465,0.568460094319805,0.3995417856561187,0.3729200404357227,0.6380728605825123
productivity_prediction_of_garment_employees,Productivity Prediction,NBEM,NBEM-prop (implementation-level NBEM comparator),21,0.6223249299719888,0.4026054980798145,0.6042641166651476,0.6223249299719888,0.5198576491118864,0.5788842555249196,0.4026054980798145,0.375089141708811,0.6572490096324444
productivity_prediction_of_garment_employees,Productivity Prediction,NBEM,NBEM-prop (implementation-level NBEM comparator),42,0.6224019607843136,0.3995958396600484,0.5686038183528137,0.6224019607843136,0.5219963843219109,0.5234500829610849,0.3995958396600484,0.3722909662377109,0.6406815091481912
productivity_prediction_of_garment_employees,Productivity Prediction,NBEM,NBEM-prop (implementation-level NBEM comparator),87,0.6190476190476191,0.39361077222510527,0.5703262969552909,0.6190476190476191,0.5175791661721617,0.5095419341190246,0.39361077222510527,0.361878623357091,0.6449188472314908
productivity_prediction_of_garment_employees,Productivity Prediction,NBEM,NBEM-prop (implementation-level NBEM comparator),123,0.6190336134453782,0.38778432873089047,0.5384482046279836,0.6190336134453782,0.5168677801867737,0.4623325932069096,0.38778432873089047,0.35363586076210224,0.6472607862454924
productivity_prediction_of_garment_employees,Productivity Prediction,NBEM,NBEM-prop (implementation-level NBEM comparator),41762,0.6173879551820728,0.3964347270146773,0.5904025430118267,0.6173879551820728,0.5200736220330782,0.5527869429157185,0.3964347270146773,0.37072465245345415,0.6477197209210339
productivity_prediction_of_garment_employees,Productivity Prediction,NBEM,NBEM-prop (implementation-level NBEM comparator),43529,0.6173529411764707,0.3940438120595536,0.5668374520007287,0.6173529411764707,0.5137338730181689,0.5178828290201014,0.3940438120595536,0.36172851890851165,0.6423956986604262
productivity_prediction_of_garment_employees,Productivity Prediction,NBEM,NBEM-prop (implementation-level NBEM comparator),65932,0.6207072829131652,0.396538139512456,0.5985229914303466,0.6207072829131652,0.5196510093482353,0.5702793729039579,0.396538139512456,0.3683003045617126,0.6455183681638572
productivity_prediction_of_garment_employees,Productivity Prediction,NBEM,NBEM-prop (implementation-level NBEM comparator),69887,0.6181862745098039,0.393358372119764,0.5827986890405119,0.6181862745098039,0.5144459472290599,0.5188074719912,0.393358372119764,0.35963825017857404,0.6389226660708395
productivity_prediction_of_garment_employees,Productivity Prediction,NBEM,NBEM-prop (implementation-level NBEM comparator),156304,0.6165266106442577,0.3915370621584374,0.606726194929947,0.6165266106442577,0.5118215411803486,0.5900236252516188,0.3915370621584374,0.3621220138508199,0.6470580126994848
productivity_prediction_of_garment_employees,Productivity Prediction,NBEM,NBEM-prop (implementation-level NBEM comparator),266458,0.6207142857142858,0.39653471103139704,0.5615676594798801,0.6207142857142858,0.5192246721830384,0.5015112900333687,0.39653471103139704,0.3662983841085801,0.6450310146775948
productivity_prediction_of_garment_employees,Productivity Prediction,NBEM,NBEM-prop (implementation-level NBEM comparator),273103,0.6207422969187675,0.3950945980896271,0.5767032543824974,0.6207422969187675,0.5189260123606718,0.5508841581205608,0.3950945980896271,0.36723798834009524,0.6442878390386004
productivity_prediction_of_garment_employees,Productivity Prediction,NBEM,NBEM-prop (implementation-level NBEM comparator),370882,0.6207422969187675,0.39270023189244396,0.5975670447087806,0.6207422969187675,0.5186034739169061,0.5619666353345415,0.39270023189244396,0.36426416062423145,0.6483857911087938
productivity_prediction_of_garment_employees,Productivity Prediction,NBEM,NBEM-prop (implementation-level NBEM comparator),503966,0.6223669467787115,0.39864561341570454,0.5854322282833533,0.6223669467787115,0.5225622305035471,0.5646420876270091,0.39864561341570454,0.3737975833244141,0.6542434570449488
productivity_prediction_of_garment_employees,Productivity Prediction,NBEM,NBEM-prop (implementation-level NBEM comparator),519965,0.6165406162464986,0.3903137131823958,0.5677553839955661,0.6165406162464986,0.512368344519256,0.5439076166190481,0.3903137131823958,0.3589831223277083,0.6420011449745291
productivity_prediction_of_garment_employees,Productivity Prediction,NBEM,NBEM-prop (implementation-level NBEM comparator),535886,0.6181652661064426,0.38709201243998265,0.5707605405691195,0.6181652661064426,0.5148682483119942,0.5329061853320946,0.38709201243998265,0.35579490228709354,0.6438076758379264
productivity_prediction_of_garment_employees,Productivity Prediction,NBEM,NBEM-prop (implementation-level NBEM comparator),627018,0.614873949579832,0.38939443768358434,0.5459580636141188,0.614873949579832,0.5113324641611813,0.4927106540194476,0.38939443768358434,0.35323801766531654,0.6459899820099776
productivity_prediction_of_garment_employees,Productivity Prediction,NBEM,NBEM-prop (implementation-level NBEM comparator),648362,0.6215196078431372,0.39538537071262836,0.5914833078491201,0.6215196078431372,0.520745895176615,0.5602874193779092,0.39538537071262836,0.3685431760293917,0.6490615720103892
productivity_prediction_of_garment_employees,Productivity Prediction,NBEM,NBEM-prop (implementation-level NBEM comparator),663649,0.6182142857142857,0.3894474075894954,0.5830335790977335,0.6182142857142857,0.516527174299032,0.5283421745284758,0.3894474075894954,0.3578962490610699,0.6456375698482837
productivity_prediction_of_garment_employees,Productivity Prediction,NBEM,NBEM-prop (implementation-level NBEM comparator),934243,0.6182072829131653,0.38981563673982894,0.565992892330872,0.6182072829131653,0.5158563864777519,0.5054290700361952,0.38981563673982894,0.35798278969406017,0.6519482076773887
