condition,analysis,dataset,display_name,file,target,target_transform,model,seed,fold,cv_protocol,n_splits_or_total_folds,stratified,grouped,n_rows,n_features,n_classes,n_boolean,n_categorical,n_numerical,accuracy,balanced_accuracy,precision_weighted,recall_weighted,f1_weighted,precision_macro,recall_macro,f1_macro,roc_auc_weighted,train_time_s,inference_time_s,peak_memory_mb,status
without_duration,bank_duration_sensitivity:without_duration,bank_marketing,Bank,C:\inetpub\wwwroot\up\uni\mlm\NBEM_Major_Revision_STAGE1_READY_TO_RUN\NBEM_Major_Revision_STAGE1_READY_TO_RUN\datasets\processed\bank_marketing\bank_marketing.csv,y,none,WNB,13,1,StratifiedKFold_10,10,True,False,45211,15,2,3,6,6,0.883016364440513,0.5,0.7797178998697409,0.883016364440513,0.828158389479969,0.4415081822202565,0.5,0.46893716970052846,0.7548254341127218,0.16972086764872074,0.006503097712993622,6.895374298095703,OK
without_duration,bank_duration_sensitivity:without_duration,bank_marketing,Bank,C:\inetpub\wwwroot\up\uni\mlm\NBEM_Major_Revision_STAGE1_READY_TO_RUN\NBEM_Major_Revision_STAGE1_READY_TO_RUN\datasets\processed\bank_marketing\bank_marketing.csv,y,none,NBEM,13,1,StratifiedKFold_10,10,True,False,45211,15,2,3,6,6,0.8852277753206546,0.5463500161198922,0.8527056777149195,0.8852277753206546,0.8490140060710085,0.72140434192673,0.5463500161198922,0.5566025918967096,0.7410643484320624,0.03493322245776653,0.018254723399877548,3.3640804290771484,OK
without_duration,bank_duration_sensitivity:without_duration,bank_marketing,Bank,C:\inetpub\wwwroot\up\uni\mlm\NBEM_Major_Revision_STAGE1_READY_TO_RUN\NBEM_Major_Revision_STAGE1_READY_TO_RUN\datasets\processed\bank_marketing\bank_marketing.csv,y,none,Adaptive Weighted NBEM,13,1,StratifiedKFold_10,10,True,False,45211,15,2,3,6,6,0.8856700574966829,0.5375808894298482,0.8544182855328366,0.8856700574966829,0.8459357729896219,0.7349302744039586,0.5375808894298482,0.5420956813064882,0.745703847517655,0.03302125073969364,0.023339220322668552,3.3640356063842773,OK
without_duration,bank_duration_sensitivity:without_duration,bank_marketing,Bank,C:\inetpub\wwwroot\up\uni\mlm\NBEM_Major_Revision_STAGE1_READY_TO_RUN\NBEM_Major_Revision_STAGE1_READY_TO_RUN\datasets\processed\bank_marketing\bank_marketing.csv,y,none,Hybrid NBEM,13,1,StratifiedKFold_10,10,True,False,45211,15,2,3,6,6,0.8914197257850509,0.590034213938665,0.868350757001717,0.8914197257850509,0.8658723577812473,0.7570542279411765,0.590034213938665,0.6193651634492826,0.7942808231986316,38.4680598936975,0.13199871126562357,61.1295862197876,OK
without_duration,bank_duration_sensitivity:without_duration,bank_marketing,Bank,C:\inetpub\wwwroot\up\uni\mlm\NBEM_Major_Revision_STAGE1_READY_TO_RUN\NBEM_Major_Revision_STAGE1_READY_TO_RUN\datasets\processed\bank_marketing\bank_marketing.csv,y,none,WNB,13,2,StratifiedKFold_10,10,True,False,45211,15,2,3,6,6,0.8832116788321168,0.5,0.7800628696254462,0.8832116788321168,0.8284388615402025,0.4416058394160584,0.5,0.4689922480620155,0.7486292299402744,0.12317912001162767,0.00540486816316843,6.890237808227539,OK
without_duration,bank_duration_sensitivity:without_duration,bank_marketing,Bank,C:\inetpub\wwwroot\up\uni\mlm\NBEM_Major_Revision_STAGE1_READY_TO_RUN\NBEM_Major_Revision_STAGE1_READY_TO_RUN\datasets\processed\bank_marketing\bank_marketing.csv,y,none,NBEM,13,2,StratifiedKFold_10,10,True,False,45211,15,2,3,6,6,0.8882990488829905,0.5595808289506636,0.8612751026304543,0.8882990488829905,0.8551725015430924,0.7479119382660009,0.5595808289506636,0.577246384030388,0.7293279337325168,0.029496743343770504,0.01532311737537384,3.364347457885742,OK
without_duration,bank_duration_sensitivity:without_duration,bank_marketing,Bank,C:\inetpub\wwwroot\up\uni\mlm\NBEM_Major_Revision_STAGE1_READY_TO_RUN\NBEM_Major_Revision_STAGE1_READY_TO_RUN\datasets\processed\bank_marketing\bank_marketing.csv,y,none,Adaptive Weighted NBEM,13,2,StratifiedKFold_10,10,True,False,45211,15,2,3,6,6,0.8880778588807786,0.5520598547458051,0.8612616316150573,0.8880778588807786,0.8524973735786445,0.753217181061889,0.5520598547458051,0.5657848582951688,0.7360105563524046,0.028445929288864136,0.022400320507586002,3.3637313842773438,OK
without_duration,bank_duration_sensitivity:without_duration,bank_marketing,Bank,C:\inetpub\wwwroot\up\uni\mlm\NBEM_Major_Revision_STAGE1_READY_TO_RUN\NBEM_Major_Revision_STAGE1_READY_TO_RUN\datasets\processed\bank_marketing\bank_marketing.csv,y,none,Hybrid NBEM,13,2,StratifiedKFold_10,10,True,False,45211,15,2,3,6,6,0.8925016589250165,0.5981170172802405,0.8704219491936381,0.8925016589250165,0.8687526121742062,0.7592210855029022,0.5981170172802405,0.6295361965010723,0.7692344178069198,30.493361491709948,0.140860166400671,61.12504959106445,OK
without_duration,bank_duration_sensitivity:without_duration,bank_marketing,Bank,C:\inetpub\wwwroot\up\uni\mlm\NBEM_Major_Revision_STAGE1_READY_TO_RUN\NBEM_Major_Revision_STAGE1_READY_TO_RUN\datasets\processed\bank_marketing\bank_marketing.csv,y,none,WNB,13,3,StratifiedKFold_10,10,True,False,45211,15,2,3,6,6,0.8829904888299049,0.5,0.7796722033640744,0.8829904888299049,0.8281212337387478,0.44149524441495247,0.5,0.46892987196053093,0.745855368582155,0.1432133950293064,0.005646212957799435,6.896500587463379,OK
without_duration,bank_duration_sensitivity:without_duration,bank_marketing,Bank,C:\inetpub\wwwroot\up\uni\mlm\NBEM_Major_Revision_STAGE1_READY_TO_RUN\NBEM_Major_Revision_STAGE1_READY_TO_RUN\datasets\processed\bank_marketing\bank_marketing.csv,y,none,NBEM,13,3,StratifiedKFold_10,10,True,False,45211,15,2,3,6,6,0.8818845388188454,0.5477495633990097,0.8447546717700104,0.8818845388188454,0.8479671854036976,0.6864040195654344,0.5477495633990097,0.5586671980227703,0.7354297441764437,0.030369007028639317,0.01637991424649954,3.364485740661621,OK
without_duration,bank_duration_sensitivity:without_duration,bank_marketing,Bank,C:\inetpub\wwwroot\up\uni\mlm\NBEM_Major_Revision_STAGE1_READY_TO_RUN\NBEM_Major_Revision_STAGE1_READY_TO_RUN\datasets\processed\bank_marketing\bank_marketing.csv,y,none,Adaptive Weighted NBEM,13,3,StratifiedKFold_10,10,True,False,45211,15,2,3,6,6,0.8836540588365406,0.5438319929083119,0.8480649358014068,0.8836540588365406,0.8473892238810401,0.7034110237466322,0.5438319929083119,0.5525884646066317,0.7426900114027678,0.029204566031694412,0.022680110298097134,3.364241600036621,OK
without_duration,bank_duration_sensitivity:without_duration,bank_marketing,Bank,C:\inetpub\wwwroot\up\uni\mlm\NBEM_Major_Revision_STAGE1_READY_TO_RUN\NBEM_Major_Revision_STAGE1_READY_TO_RUN\datasets\processed\bank_marketing\bank_marketing.csv,y,none,Hybrid NBEM,13,3,StratifiedKFold_10,10,True,False,45211,15,2,3,6,6,0.8933864189338642,0.6001786181057768,0.8722522541201145,0.8933864189338642,0.8696958981619831,0.7664898079495726,0.6001786181057768,0.6325852813035326,0.7782639949085317,52.590655085630715,0.14415742084383965,61.127281188964844,OK
without_duration,bank_duration_sensitivity:without_duration,bank_marketing,Bank,C:\inetpub\wwwroot\up\uni\mlm\NBEM_Major_Revision_STAGE1_READY_TO_RUN\NBEM_Major_Revision_STAGE1_READY_TO_RUN\datasets\processed\bank_marketing\bank_marketing.csv,y,none,WNB,13,4,StratifiedKFold_10,10,True,False,45211,15,2,3,6,6,0.8829904888299049,0.5,0.7796722033640744,0.8829904888299049,0.8281212337387478,0.44149524441495247,0.5,0.46892987196053093,0.7482881642301616,0.14812830928713083,0.007882828824222088,6.893996238708496,OK
without_duration,bank_duration_sensitivity:without_duration,bank_marketing,Bank,C:\inetpub\wwwroot\up\uni\mlm\NBEM_Major_Revision_STAGE1_READY_TO_RUN\NBEM_Major_Revision_STAGE1_READY_TO_RUN\datasets\processed\bank_marketing\bank_marketing.csv,y,none,NBEM,13,4,StratifiedKFold_10,10,True,False,45211,15,2,3,6,6,0.8874142888741429,0.5476011095915839,0.8600396341600894,0.8874142888741429,0.850424861265848,0.7520687579929286,0.5476011095915839,0.5586381008842431,0.7380536119497975,0.04236069694161415,0.020595991984009743,3.364593505859375,OK
without_duration,bank_duration_sensitivity:without_duration,bank_marketing,Bank,C:\inetpub\wwwroot\up\uni\mlm\NBEM_Major_Revision_STAGE1_READY_TO_RUN\NBEM_Major_Revision_STAGE1_READY_TO_RUN\datasets\processed\bank_marketing\bank_marketing.csv,y,none,Adaptive Weighted NBEM,13,4,StratifiedKFold_10,10,True,False,45211,15,2,3,6,6,0.8865295288652952,0.5380808876732671,0.8582386282328696,0.8865295288652952,0.8464597677871657,0.7510489248520267,0.5380808876732671,0.5428239196174445,0.7444643540388907,0.044489240273833275,0.05120634566992521,3.3640756607055664,OK
without_duration,bank_duration_sensitivity:without_duration,bank_marketing,Bank,C:\inetpub\wwwroot\up\uni\mlm\NBEM_Major_Revision_STAGE1_READY_TO_RUN\NBEM_Major_Revision_STAGE1_READY_TO_RUN\datasets\processed\bank_marketing\bank_marketing.csv,y,none,Hybrid NBEM,13,4,StratifiedKFold_10,10,True,False,45211,15,2,3,6,6,0.8911745189117452,0.5800677441840202,0.8680026313277686,0.8911745189117452,0.8629110315984126,0.7629708948051099,0.5800677441840202,0.606689941111317,0.7696399415087263,29.952163100242615,0.12924736831337214,61.126407623291016,OK
without_duration,bank_duration_sensitivity:without_duration,bank_marketing,Bank,C:\inetpub\wwwroot\up\uni\mlm\NBEM_Major_Revision_STAGE1_READY_TO_RUN\NBEM_Major_Revision_STAGE1_READY_TO_RUN\datasets\processed\bank_marketing\bank_marketing.csv,y,none,WNB,13,5,StratifiedKFold_10,10,True,False,45211,15,2,3,6,6,0.8829904888299049,0.5,0.7796722033640744,0.8829904888299049,0.8281212337387478,0.44149524441495247,0.5,0.46892987196053093,0.7442368195748775,0.18494445644319057,0.011960506439208984,6.893342971801758,OK
without_duration,bank_duration_sensitivity:without_duration,bank_marketing,Bank,C:\inetpub\wwwroot\up\uni\mlm\NBEM_Major_Revision_STAGE1_READY_TO_RUN\NBEM_Major_Revision_STAGE1_READY_TO_RUN\datasets\processed\bank_marketing\bank_marketing.csv,y,none,NBEM,13,5,StratifiedKFold_10,10,True,False,45211,15,2,3,6,6,0.8834328688343287,0.537147309742358,0.8464189885005647,0.8834328688343287,0.8448255685902618,0.7010912474622152,0.537147309742358,0.5416575850410477,0.7250995374491895,0.06785622518509626,0.0501239188015461,3.3642330169677734,OK
without_duration,bank_duration_sensitivity:without_duration,bank_marketing,Bank,C:\inetpub\wwwroot\up\uni\mlm\NBEM_Major_Revision_STAGE1_READY_TO_RUN\NBEM_Major_Revision_STAGE1_READY_TO_RUN\datasets\processed\bank_marketing\bank_marketing.csv,y,none,Adaptive Weighted NBEM,13,5,StratifiedKFold_10,10,True,False,45211,15,2,3,6,6,0.8832116788321168,0.5304626265764043,0.8446277674390835,0.8832116788321168,0.8421345023627725,0.6981189021385632,0.5304626265764043,0.530182173166853,0.7271134897394033,0.030306641943752766,0.02239006757736206,3.3641319274902344,OK
without_duration,bank_duration_sensitivity:without_duration,bank_marketing,Bank,C:\inetpub\wwwroot\up\uni\mlm\NBEM_Major_Revision_STAGE1_READY_TO_RUN\NBEM_Major_Revision_STAGE1_READY_TO_RUN\datasets\processed\bank_marketing\bank_marketing.csv,y,none,Hybrid NBEM,13,5,StratifiedKFold_10,10,True,False,45211,15,2,3,6,6,0.8900685689006856,0.5761617753465342,0.8655315295474788,0.8900685689006856,0.8611531796856916,0.7551785850277968,0.5761617753465342,0.6010648865648487,0.7716510525777452,27.33176437113434,0.14294855576008558,61.12642288208008,OK
without_duration,bank_duration_sensitivity:without_duration,bank_marketing,Bank,C:\inetpub\wwwroot\up\uni\mlm\NBEM_Major_Revision_STAGE1_READY_TO_RUN\NBEM_Major_Revision_STAGE1_READY_TO_RUN\datasets\processed\bank_marketing\bank_marketing.csv,y,none,WNB,13,6,StratifiedKFold_10,10,True,False,45211,15,2,3,6,6,0.8829904888299049,0.5,0.7796722033640744,0.8829904888299049,0.8281212337387478,0.44149524441495247,0.5,0.46892987196053093,0.7239673108030806,0.2600786490365863,0.012074984610080719,6.893155097961426,OK
without_duration,bank_duration_sensitivity:without_duration,bank_marketing,Bank,C:\inetpub\wwwroot\up\uni\mlm\NBEM_Major_Revision_STAGE1_READY_TO_RUN\NBEM_Major_Revision_STAGE1_READY_TO_RUN\datasets\processed\bank_marketing\bank_marketing.csv,y,none,NBEM,13,6,StratifiedKFold_10,10,True,False,45211,15,2,3,6,6,0.8838752488387525,0.543957243409314,0.848676746409574,0.8838752488387525,0.847531871727433,0.7059455825779055,0.543957243409314,0.5527845299557725,0.7074200385648424,0.05004831124097109,0.02002146001905203,3.364542007446289,OK
without_duration,bank_duration_sensitivity:without_duration,bank_marketing,Bank,C:\inetpub\wwwroot\up\uni\mlm\NBEM_Major_Revision_STAGE1_READY_TO_RUN\NBEM_Major_Revision_STAGE1_READY_TO_RUN\datasets\processed\bank_marketing\bank_marketing.csv,y,none,Adaptive Weighted NBEM,13,6,StratifiedKFold_10,10,True,False,45211,15,2,3,6,6,0.8823269188232692,0.5340612699879911,0.8424962495009738,0.8823269188232692,0.8431961603557688,0.6864627564431587,0.5340612699879911,0.5366128649418467,0.7111481943092234,0.04611843079328537,0.030194297432899475,3.3640289306640625,OK
without_duration,bank_duration_sensitivity:without_duration,bank_marketing,Bank,C:\inetpub\wwwroot\up\uni\mlm\NBEM_Major_Revision_STAGE1_READY_TO_RUN\NBEM_Major_Revision_STAGE1_READY_TO_RUN\datasets\processed\bank_marketing\bank_marketing.csv,y,none,Hybrid NBEM,13,6,StratifiedKFold_10,10,True,False,45211,15,2,3,6,6,0.8909533289095333,0.6029005080103497,0.868163576464001,0.8909533289095333,0.8689112267987411,0.7467467876657266,0.6029005080103497,0.6340441510766691,0.7592027154498031,45.87314216978848,0.2174449972808361,61.12803840637207,OK
without_duration,bank_duration_sensitivity:without_duration,bank_marketing,Bank,C:\inetpub\wwwroot\up\uni\mlm\NBEM_Major_Revision_STAGE1_READY_TO_RUN\NBEM_Major_Revision_STAGE1_READY_TO_RUN\datasets\processed\bank_marketing\bank_marketing.csv,y,none,WNB,13,7,StratifiedKFold_10,10,True,False,45211,15,2,3,6,6,0.8829904888299049,0.5,0.7796722033640744,0.8829904888299049,0.8281212337387478,0.44149524441495247,0.5,0.46892987196053093,0.7490590822476713,0.18662917893379927,0.008897763676941395,6.892870903015137,OK
without_duration,bank_duration_sensitivity:without_duration,bank_marketing,Bank,C:\inetpub\wwwroot\up\uni\mlm\NBEM_Major_Revision_STAGE1_READY_TO_RUN\NBEM_Major_Revision_STAGE1_READY_TO_RUN\datasets\processed\bank_marketing\bank_marketing.csv,y,none,NBEM,13,7,StratifiedKFold_10,10,True,False,45211,15,2,3,6,6,0.8838752488387525,0.5496967469911468,0.8495007225923887,0.8838752488387525,0.8495530780077319,0.7053857293827548,0.5496967469911468,0.5617620911122743,0.7381606312814666,0.037821256555616856,0.020071011036634445,3.3643360137939453,OK
without_duration,bank_duration_sensitivity:without_duration,bank_marketing,Bank,C:\inetpub\wwwroot\up\uni\mlm\NBEM_Major_Revision_STAGE1_READY_TO_RUN\NBEM_Major_Revision_STAGE1_READY_TO_RUN\datasets\processed\bank_marketing\bank_marketing.csv,y,none,Adaptive Weighted NBEM,13,7,StratifiedKFold_10,10,True,False,45211,15,2,3,6,6,0.882769298827693,0.5367715582393521,0.8443811393935795,0.882769298827693,0.8444087778439316,0.6926252077493613,0.5367715582393521,0.5411154349974338,0.7446414568266969,0.06583746150135994,0.05145666189491749,3.3647966384887695,OK
without_duration,bank_duration_sensitivity:without_duration,bank_marketing,Bank,C:\inetpub\wwwroot\up\uni\mlm\NBEM_Major_Revision_STAGE1_READY_TO_RUN\NBEM_Major_Revision_STAGE1_READY_TO_RUN\datasets\processed\bank_marketing\bank_marketing.csv,y,none,Hybrid NBEM,13,7,StratifiedKFold_10,10,True,False,45211,15,2,3,6,6,0.8918380889183809,0.5927424319338109,0.8692252699938637,0.8918380889183809,0.8668306434559613,0.7589320419155501,0.5927424319338109,0.6228847740577659,0.7738165366650125,38.53528306726366,0.13036610279232264,61.12740993499756,OK
without_duration,bank_duration_sensitivity:without_duration,bank_marketing,Bank,C:\inetpub\wwwroot\up\uni\mlm\NBEM_Major_Revision_STAGE1_READY_TO_RUN\NBEM_Major_Revision_STAGE1_READY_TO_RUN\datasets\processed\bank_marketing\bank_marketing.csv,y,none,WNB,13,8,StratifiedKFold_10,10,True,False,45211,15,2,3,6,6,0.8829904888299049,0.5,0.7796722033640744,0.8829904888299049,0.8281212337387478,0.44149524441495247,0.5,0.46892987196053093,0.7568736243754048,0.11333476938307285,0.0055313073098659515,6.890941619873047,OK
without_duration,bank_duration_sensitivity:without_duration,bank_marketing,Bank,C:\inetpub\wwwroot\up\uni\mlm\NBEM_Major_Revision_STAGE1_READY_TO_RUN\NBEM_Major_Revision_STAGE1_READY_TO_RUN\datasets\processed\bank_marketing\bank_marketing.csv,y,none,NBEM,13,8,StratifiedKFold_10,10,True,False,45211,15,2,3,6,6,0.8858659588586596,0.5508240015001648,0.8547830588542049,0.8858659588586596,0.8508656265806535,0.7272474158264486,0.5508240015001648,0.5636472600433653,0.7423836330506003,0.030836320482194424,0.016399134881794453,3.364382743835449,OK
without_duration,bank_duration_sensitivity:without_duration,bank_marketing,Bank,C:\inetpub\wwwroot\up\uni\mlm\NBEM_Major_Revision_STAGE1_READY_TO_RUN\NBEM_Major_Revision_STAGE1_READY_TO_RUN\datasets\processed\bank_marketing\bank_marketing.csv,y,none,Adaptive Weighted NBEM,13,8,StratifiedKFold_10,10,True,False,45211,15,2,3,6,6,0.8840964388409643,0.5358832030791261,0.8484549874655308,0.8840964388409643,0.8446141631219123,0.7107023690357024,0.5358832030791261,0.5394196970168289,0.7453688094525535,0.029964912682771683,0.022940251044929028,3.3639259338378906,OK
without_duration,bank_duration_sensitivity:without_duration,bank_marketing,Bank,C:\inetpub\wwwroot\up\uni\mlm\NBEM_Major_Revision_STAGE1_READY_TO_RUN\NBEM_Major_Revision_STAGE1_READY_TO_RUN\datasets\processed\bank_marketing\bank_marketing.csv,y,none,Hybrid NBEM,13,8,StratifiedKFold_10,10,True,False,45211,15,2,3,6,6,0.8922804689228047,0.5888932875202201,0.8701669433388186,0.8922804689228047,0.8660417418992178,0.765835691162601,0.5888932875202201,0.6184539716466793,0.7809740463914596,40.50610284879804,0.14822356589138508,61.12492370605469,OK
without_duration,bank_duration_sensitivity:without_duration,bank_marketing,Bank,C:\inetpub\wwwroot\up\uni\mlm\NBEM_Major_Revision_STAGE1_READY_TO_RUN\NBEM_Major_Revision_STAGE1_READY_TO_RUN\datasets\processed\bank_marketing\bank_marketing.csv,y,none,WNB,13,9,StratifiedKFold_10,10,True,False,45211,15,2,3,6,6,0.8829904888299049,0.5,0.7796722033640744,0.8829904888299049,0.8281212337387478,0.44149524441495247,0.5,0.46892987196053093,0.763751273814169,0.23079463001340628,0.006775199435651302,6.89272403717041,OK
without_duration,bank_duration_sensitivity:without_duration,bank_marketing,Bank,C:\inetpub\wwwroot\up\uni\mlm\NBEM_Major_Revision_STAGE1_READY_TO_RUN\NBEM_Major_Revision_STAGE1_READY_TO_RUN\datasets\processed\bank_marketing\bank_marketing.csv,y,none,NBEM,13,9,StratifiedKFold_10,10,True,False,45211,15,2,3,6,6,0.8847600088476001,0.5460981035795598,0.8513706841726262,0.8847600088476001,0.8486935336571289,0.7159757996885108,0.5460981035795598,0.5561918859180143,0.7429031029923742,0.035557303577661514,0.01863916777074337,3.364490509033203,OK
without_duration,bank_duration_sensitivity:without_duration,bank_marketing,Bank,C:\inetpub\wwwroot\up\uni\mlm\NBEM_Major_Revision_STAGE1_READY_TO_RUN\NBEM_Major_Revision_STAGE1_READY_TO_RUN\datasets\processed\bank_marketing\bank_marketing.csv,y,none,Adaptive Weighted NBEM,13,9,StratifiedKFold_10,10,True,False,45211,15,2,3,6,6,0.8825481088254811,0.5292669459902792,0.8420246012553793,0.8825481088254811,0.8414021162544847,0.6878126158539921,0.5292669459902792,0.5282404189503955,0.7461719279769369,0.03445181157439947,0.025484849698841572,3.364175796508789,OK
without_duration,bank_duration_sensitivity:without_duration,bank_marketing,Bank,C:\inetpub\wwwroot\up\uni\mlm\NBEM_Major_Revision_STAGE1_READY_TO_RUN\NBEM_Major_Revision_STAGE1_READY_TO_RUN\datasets\processed\bank_marketing\bank_marketing.csv,y,none,Hybrid NBEM,13,9,StratifiedKFold_10,10,True,False,45211,15,2,3,6,6,0.893828798938288,0.5963294736921858,0.8732084972465435,0.893828798938288,0.8689574941785636,0.7734765073603549,0.5963294736921858,0.6283727780251396,0.7861677987354673,49.382374400272965,0.14678146969527006,61.12696170806885,OK
without_duration,bank_duration_sensitivity:without_duration,bank_marketing,Bank,C:\inetpub\wwwroot\up\uni\mlm\NBEM_Major_Revision_STAGE1_READY_TO_RUN\NBEM_Major_Revision_STAGE1_READY_TO_RUN\datasets\processed\bank_marketing\bank_marketing.csv,y,none,WNB,13,10,StratifiedKFold_10,10,True,False,45211,15,2,3,6,6,0.8829904888299049,0.5,0.7796722033640744,0.8829904888299049,0.8281212337387478,0.44149524441495247,0.5,0.46892987196053093,0.7331818646745286,0.12612738460302353,0.00570857897400856,6.893294334411621,OK
without_duration,bank_duration_sensitivity:without_duration,bank_marketing,Bank,C:\inetpub\wwwroot\up\uni\mlm\NBEM_Major_Revision_STAGE1_READY_TO_RUN\NBEM_Major_Revision_STAGE1_READY_TO_RUN\datasets\processed\bank_marketing\bank_marketing.csv,y,none,NBEM,13,10,StratifiedKFold_10,10,True,False,45211,15,2,3,6,6,0.8852023888520238,0.5414290300828499,0.8525343456979693,0.8852023888520238,0.8471811576818709,0.7242696819309722,0.5414290300828499,0.5486153446609179,0.7222829401714582,0.031433919444680214,0.016678927466273308,3.364434242248535,OK
without_duration,bank_duration_sensitivity:without_duration,bank_marketing,Bank,C:\inetpub\wwwroot\up\uni\mlm\NBEM_Major_Revision_STAGE1_READY_TO_RUN\NBEM_Major_Revision_STAGE1_READY_TO_RUN\datasets\processed\bank_marketing\bank_marketing.csv,y,none,Adaptive Weighted NBEM,13,10,StratifiedKFold_10,10,True,False,45211,15,2,3,6,6,0.884981198849812,0.5298247724181823,0.852325008065557,0.884981198849812,0.842547954962815,0.7315040799823569,0.5298247724181823,0.5285600840639463,0.7265258304889551,0.030899113975465298,0.02254683617502451,3.3640804290771484,OK
without_duration,bank_duration_sensitivity:without_duration,bank_marketing,Bank,C:\inetpub\wwwroot\up\uni\mlm\NBEM_Major_Revision_STAGE1_READY_TO_RUN\NBEM_Major_Revision_STAGE1_READY_TO_RUN\datasets\processed\bank_marketing\bank_marketing.csv,y,none,Hybrid NBEM,13,10,StratifiedKFold_10,10,True,False,45211,15,2,3,6,6,0.8931652289316523,0.6066128002697266,0.8719857889134821,0.8931652289316523,0.8711718710359677,0.760520134228188,0.6066128002697266,0.639673395678047,0.768435737259017,48.48793227598071,0.11543383728712797,61.128562927246094,OK
without_duration,bank_duration_sensitivity:without_duration,bank_marketing,Bank,C:\inetpub\wwwroot\up\uni\mlm\NBEM_Major_Revision_STAGE1_READY_TO_RUN\NBEM_Major_Revision_STAGE1_READY_TO_RUN\datasets\processed\bank_marketing\bank_marketing.csv,y,none,WNB,21,1,StratifiedKFold_10,10,True,False,45211,15,2,3,6,6,0.883016364440513,0.5,0.7797178998697409,0.883016364440513,0.828158389479969,0.4415081822202565,0.5,0.46893716970052846,0.7387143001197276,0.2362652812153101,0.010391117073595524,6.89415168762207,OK
without_duration,bank_duration_sensitivity:without_duration,bank_marketing,Bank,C:\inetpub\wwwroot\up\uni\mlm\NBEM_Major_Revision_STAGE1_READY_TO_RUN\NBEM_Major_Revision_STAGE1_READY_TO_RUN\datasets\processed\bank_marketing\bank_marketing.csv,y,none,NBEM,21,1,StratifiedKFold_10,10,True,False,45211,15,2,3,6,6,0.8825740822644847,0.5415675447155395,0.8448464852921116,0.8825740822644847,0.8461205603717096,0.6910954312776404,0.5415675447155395,0.5490029136974206,0.7243010807665777,0.03550860844552517,0.01877671293914318,3.3642349243164062,OK
without_duration,bank_duration_sensitivity:without_duration,bank_marketing,Bank,C:\inetpub\wwwroot\up\uni\mlm\NBEM_Major_Revision_STAGE1_READY_TO_RUN\NBEM_Major_Revision_STAGE1_READY_TO_RUN\datasets\processed\bank_marketing\bank_marketing.csv,y,none,Adaptive Weighted NBEM,21,1,StratifiedKFold_10,10,True,False,45211,15,2,3,6,6,0.883016364440513,0.5336183784761329,0.8444559331556235,0.883016364440513,0.8433248981921819,0.695045045045045,0.5336183784761329,0.5357382335742426,0.7283128272207934,0.03538942988961935,0.026011538691818714,3.3639373779296875,OK
without_duration,bank_duration_sensitivity:without_duration,bank_marketing,Bank,C:\inetpub\wwwroot\up\uni\mlm\NBEM_Major_Revision_STAGE1_READY_TO_RUN\NBEM_Major_Revision_STAGE1_READY_TO_RUN\datasets\processed\bank_marketing\bank_marketing.csv,y,none,Hybrid NBEM,21,1,StratifiedKFold_10,10,True,False,45211,15,2,3,6,6,0.8909774436090225,0.5971634197274341,0.8677951804719556,0.8909774436090225,0.8674957589063438,0.7493536472760849,0.5971634197274341,0.6275531163987353,0.7688814593781083,34.627470806241035,0.13701699860394,61.124135971069336,OK
without_duration,bank_duration_sensitivity:without_duration,bank_marketing,Bank,C:\inetpub\wwwroot\up\uni\mlm\NBEM_Major_Revision_STAGE1_READY_TO_RUN\NBEM_Major_Revision_STAGE1_READY_TO_RUN\datasets\processed\bank_marketing\bank_marketing.csv,y,none,WNB,21,2,StratifiedKFold_10,10,True,False,45211,15,2,3,6,6,0.8832116788321168,0.5,0.7800628696254462,0.8832116788321168,0.8284388615402025,0.4416058394160584,0.5,0.4689922480620155,0.7550488449483566,0.11078077275305986,0.00544587429612875,6.8929443359375,OK
without_duration,bank_duration_sensitivity:without_duration,bank_marketing,Bank,C:\inetpub\wwwroot\up\uni\mlm\NBEM_Major_Revision_STAGE1_READY_TO_RUN\NBEM_Major_Revision_STAGE1_READY_TO_RUN\datasets\processed\bank_marketing\bank_marketing.csv,y,none,NBEM,21,2,StratifiedKFold_10,10,True,False,45211,15,2,3,6,6,0.8891838088918381,0.5609034560480841,0.8637909698100745,0.8891838088918381,0.8560482708481422,0.7577835150892183,0.5609034560480841,0.5793864893507774,0.7433050451927237,0.02942156419157982,0.015954460948705673,3.3640899658203125,OK
without_duration,bank_duration_sensitivity:without_duration,bank_marketing,Bank,C:\inetpub\wwwroot\up\uni\mlm\NBEM_Major_Revision_STAGE1_READY_TO_RUN\NBEM_Major_Revision_STAGE1_READY_TO_RUN\datasets\processed\bank_marketing\bank_marketing.csv,y,none,Adaptive Weighted NBEM,21,2,StratifiedKFold_10,10,True,False,45211,15,2,3,6,6,0.8885202388852024,0.5473797896318557,0.863937319201529,0.8885202388852024,0.8510172679612926,0.7680141021926012,0.5473797896318557,0.5583420556834834,0.7474078690739097,0.02833059523254633,0.022345642559230328,3.3640403747558594,OK
without_duration,bank_duration_sensitivity:without_duration,bank_marketing,Bank,C:\inetpub\wwwroot\up\uni\mlm\NBEM_Major_Revision_STAGE1_READY_TO_RUN\NBEM_Major_Revision_STAGE1_READY_TO_RUN\datasets\processed\bank_marketing\bank_marketing.csv,y,none,Hybrid NBEM,21,2,StratifiedKFold_10,10,True,False,45211,15,2,3,6,6,0.8951559389515594,0.6078371525169046,0.8754002458382021,0.8951559389515594,0.8728088594649307,0.7735349532224532,0.6078371525169046,0.6423546022590723,0.7765089854214572,46.362897995859385,0.13848429545760155,61.12720489501953,OK
without_duration,bank_duration_sensitivity:without_duration,bank_marketing,Bank,C:\inetpub\wwwroot\up\uni\mlm\NBEM_Major_Revision_STAGE1_READY_TO_RUN\NBEM_Major_Revision_STAGE1_READY_TO_RUN\datasets\processed\bank_marketing\bank_marketing.csv,y,none,WNB,21,3,StratifiedKFold_10,10,True,False,45211,15,2,3,6,6,0.8829904888299049,0.5,0.7796722033640744,0.8829904888299049,0.8281212337387478,0.44149524441495247,0.5,0.46892987196053093,0.749628983865652,0.13513193745166063,0.006606043316423893,6.890547752380371,OK
without_duration,bank_duration_sensitivity:without_duration,bank_marketing,Bank,C:\inetpub\wwwroot\up\uni\mlm\NBEM_Major_Revision_STAGE1_READY_TO_RUN\NBEM_Major_Revision_STAGE1_READY_TO_RUN\datasets\processed\bank_marketing\bank_marketing.csv,y,none,NBEM,21,3,StratifiedKFold_10,10,True,False,45211,15,2,3,6,6,0.8858659588586596,0.5491841433339268,0.8547443193547759,0.8858659588586596,0.8502905694346324,0.7282487353149296,0.5491841433339268,0.5610943873327413,0.73361609798046,0.03441849257797003,0.018624217249453068,3.364439010620117,OK
without_duration,bank_duration_sensitivity:without_duration,bank_marketing,Bank,C:\inetpub\wwwroot\up\uni\mlm\NBEM_Major_Revision_STAGE1_READY_TO_RUN\NBEM_Major_Revision_STAGE1_READY_TO_RUN\datasets\processed\bank_marketing\bank_marketing.csv,y,none,Adaptive Weighted NBEM,21,3,StratifiedKFold_10,10,True,False,45211,15,2,3,6,6,0.8847600088476001,0.5403585999977271,0.8510055063986182,0.8847600088476001,0.8465922604089685,0.718475073313783,0.5403585999977271,0.5468759047559504,0.738926813930318,0.0350989606231451,0.02603631466627121,3.3641834259033203,OK
without_duration,bank_duration_sensitivity:without_duration,bank_marketing,Bank,C:\inetpub\wwwroot\up\uni\mlm\NBEM_Major_Revision_STAGE1_READY_TO_RUN\NBEM_Major_Revision_STAGE1_READY_TO_RUN\datasets\processed\bank_marketing\bank_marketing.csv,y,none,Hybrid NBEM,21,3,StratifiedKFold_10,10,True,False,45211,15,2,3,6,6,0.8918380889183809,0.5870029283519781,0.8692599520665389,0.8918380889183809,0.8652636248165585,0.76331403347856,0.5870029283519781,0.6158669603596181,0.7853888305912391,41.21046903077513,0.14757043682038784,61.12439155578613,OK
without_duration,bank_duration_sensitivity:without_duration,bank_marketing,Bank,C:\inetpub\wwwroot\up\uni\mlm\NBEM_Major_Revision_STAGE1_READY_TO_RUN\NBEM_Major_Revision_STAGE1_READY_TO_RUN\datasets\processed\bank_marketing\bank_marketing.csv,y,none,WNB,21,4,StratifiedKFold_10,10,True,False,45211,15,2,3,6,6,0.8829904888299049,0.5,0.7796722033640744,0.8829904888299049,0.8281212337387478,0.44149524441495247,0.5,0.46892987196053093,0.7533353569142065,0.19007508642971516,0.006426636129617691,6.892294883728027,OK
without_duration,bank_duration_sensitivity:without_duration,bank_marketing,Bank,C:\inetpub\wwwroot\up\uni\mlm\NBEM_Major_Revision_STAGE1_READY_TO_RUN\NBEM_Major_Revision_STAGE1_READY_TO_RUN\datasets\processed\bank_marketing\bank_marketing.csv,y,none,NBEM,21,4,StratifiedKFold_10,10,True,False,45211,15,2,3,6,6,0.8838752488387525,0.5455971015755519,0.8489039921720887,0.8838752488387525,0.8481188982133676,0.7057533280625654,0.5455971015755519,0.5553901932116937,0.7317977164158185,0.036622642539441586,0.018514863215386868,3.3641300201416016,OK
without_duration,bank_duration_sensitivity:without_duration,bank_marketing,Bank,C:\inetpub\wwwroot\up\uni\mlm\NBEM_Major_Revision_STAGE1_READY_TO_RUN\NBEM_Major_Revision_STAGE1_READY_TO_RUN\datasets\processed\bank_marketing\bank_marketing.csv,y,none,Adaptive Weighted NBEM,21,4,StratifiedKFold_10,10,True,False,45211,15,2,3,6,6,0.8829904888299049,0.535256950574116,0.844734618130548,0.8829904888299049,0.8439235825676558,0.6952085682074408,0.535256950574116,0.5385314914024897,0.7340867936250572,0.03488025441765785,0.026509608142077923,3.363771438598633,OK
without_duration,bank_duration_sensitivity:without_duration,bank_marketing,Bank,C:\inetpub\wwwroot\up\uni\mlm\NBEM_Major_Revision_STAGE1_READY_TO_RUN\NBEM_Major_Revision_STAGE1_READY_TO_RUN\datasets\processed\bank_marketing\bank_marketing.csv,y,none,Hybrid NBEM,21,4,StratifiedKFold_10,10,True,False,45211,15,2,3,6,6,0.8942711789427118,0.6031394073591417,0.8739268363827309,0.8942711789427118,0.8709851313533986,0.7715250074798046,0.6031394073591417,0.6365677394877259,0.7843214784957439,41.76671672984958,0.13998662121593952,61.12729549407959,OK
without_duration,bank_duration_sensitivity:without_duration,bank_marketing,Bank,C:\inetpub\wwwroot\up\uni\mlm\NBEM_Major_Revision_STAGE1_READY_TO_RUN\NBEM_Major_Revision_STAGE1_READY_TO_RUN\datasets\processed\bank_marketing\bank_marketing.csv,y,none,WNB,21,5,StratifiedKFold_10,10,True,False,45211,15,2,3,6,6,0.8829904888299049,0.5,0.7796722033640744,0.8829904888299049,0.8281212337387478,0.44149524441495247,0.5,0.46892987196053093,0.7576627735622474,0.15383432526141405,0.006590238772332668,6.893179893493652,OK
without_duration,bank_duration_sensitivity:without_duration,bank_marketing,Bank,C:\inetpub\wwwroot\up\uni\mlm\NBEM_Major_Revision_STAGE1_READY_TO_RUN\NBEM_Major_Revision_STAGE1_READY_TO_RUN\datasets\processed\bank_marketing\bank_marketing.csv,y,none,NBEM,21,5,StratifiedKFold_10,10,True,False,45211,15,2,3,6,6,0.8840964388409643,0.5375230612453641,0.8485959890402484,0.8840964388409643,0.8452429284445913,0.7101522304142577,0.5375230612453641,0.5422030489341407,0.7410880361857931,0.035770030692219734,0.01896338351070881,3.364645004272461,OK
without_duration,bank_duration_sensitivity:without_duration,bank_marketing,Bank,C:\inetpub\wwwroot\up\uni\mlm\NBEM_Major_Revision_STAGE1_READY_TO_RUN\NBEM_Major_Revision_STAGE1_READY_TO_RUN\datasets\processed\bank_marketing\bank_marketing.csv,y,none,Adaptive Weighted NBEM,21,5,StratifiedKFold_10,10,True,False,45211,15,2,3,6,6,0.8836540588365406,0.5315330566615272,0.84642915150386,0.8836540588365406,0.8427324777326104,0.7050806272789987,0.5315330566615272,0.5319617861472816,0.7486802527550376,0.034169457852840424,0.027182812802493572,3.3640804290771484,OK
without_duration,bank_duration_sensitivity:without_duration,bank_marketing,Bank,C:\inetpub\wwwroot\up\uni\mlm\NBEM_Major_Revision_STAGE1_READY_TO_RUN\NBEM_Major_Revision_STAGE1_READY_TO_RUN\datasets\processed\bank_marketing\bank_marketing.csv,y,none,Hybrid NBEM,21,5,StratifiedKFold_10,10,True,False,45211,15,2,3,6,6,0.8902897589028976,0.588585962094321,0.8661431634695953,0.8902897589028976,0.8648130301616271,0.7486998207932954,0.588585962094321,0.6169874356924716,0.7858098048649284,46.79580254573375,0.1468532346189022,61.12662124633789,OK
without_duration,bank_duration_sensitivity:without_duration,bank_marketing,Bank,C:\inetpub\wwwroot\up\uni\mlm\NBEM_Major_Revision_STAGE1_READY_TO_RUN\NBEM_Major_Revision_STAGE1_READY_TO_RUN\datasets\processed\bank_marketing\bank_marketing.csv,y,none,WNB,21,6,StratifiedKFold_10,10,True,False,45211,15,2,3,6,6,0.8829904888299049,0.5,0.7796722033640744,0.8829904888299049,0.8281212337387478,0.44149524441495247,0.5,0.46892987196053093,0.7457045470904001,0.2367812916636467,0.006547950208187103,6.893228530883789,OK
without_duration,bank_duration_sensitivity:without_duration,bank_marketing,Bank,C:\inetpub\wwwroot\up\uni\mlm\NBEM_Major_Revision_STAGE1_READY_TO_RUN\NBEM_Major_Revision_STAGE1_READY_TO_RUN\datasets\processed\bank_marketing\bank_marketing.csv,y,none,NBEM,21,6,StratifiedKFold_10,10,True,False,45211,15,2,3,6,6,0.8852023888520238,0.545528675498445,0.8526379679438496,0.8852023888520238,0.8486862872304599,0.7218136180540495,0.545528675498445,0.5552866122525566,0.7294991684692638,0.03644067235291004,0.01997276395559311,3.364439010620117,OK
without_duration,bank_duration_sensitivity:without_duration,bank_marketing,Bank,C:\inetpub\wwwroot\up\uni\mlm\NBEM_Major_Revision_STAGE1_READY_TO_RUN\NBEM_Major_Revision_STAGE1_READY_TO_RUN\datasets\processed\bank_marketing\bank_marketing.csv,y,none,Adaptive Weighted NBEM,21,6,StratifiedKFold_10,10,True,False,45211,15,2,3,6,6,0.8838752488387525,0.5308383780794103,0.847235290738842,0.8838752488387525,0.8425399140401658,0.7090172352922297,0.5308383780794103,0.5306787715401543,0.7322537324175763,0.03356246370822191,0.025767629966139793,3.3639259338378906,OK
without_duration,bank_duration_sensitivity:without_duration,bank_marketing,Bank,C:\inetpub\wwwroot\up\uni\mlm\NBEM_Major_Revision_STAGE1_READY_TO_RUN\NBEM_Major_Revision_STAGE1_READY_TO_RUN\datasets\processed\bank_marketing\bank_marketing.csv,y,none,Hybrid NBEM,21,6,StratifiedKFold_10,10,True,False,45211,15,2,3,6,6,0.8918380889183809,0.6042214390974766,0.8696674898323544,0.8918380889183809,0.8697737634326538,0.7522717946719423,0.6042214390974766,0.6361078332886994,0.7685077148626175,59.44889019429684,0.1395953418686986,61.12774467468262,OK
without_duration,bank_duration_sensitivity:without_duration,bank_marketing,Bank,C:\inetpub\wwwroot\up\uni\mlm\NBEM_Major_Revision_STAGE1_READY_TO_RUN\NBEM_Major_Revision_STAGE1_READY_TO_RUN\datasets\processed\bank_marketing\bank_marketing.csv,y,none,WNB,21,7,StratifiedKFold_10,10,True,False,45211,15,2,3,6,6,0.8829904888299049,0.5,0.7796722033640744,0.8829904888299049,0.8281212337387478,0.44149524441495247,0.5,0.46892987196053093,0.7283534460224798,0.1370178535580635,0.006319419480860233,6.893120765686035,OK
without_duration,bank_duration_sensitivity:without_duration,bank_marketing,Bank,C:\inetpub\wwwroot\up\uni\mlm\NBEM_Major_Revision_STAGE1_READY_TO_RUN\NBEM_Major_Revision_STAGE1_READY_TO_RUN\datasets\processed\bank_marketing\bank_marketing.csv,y,none,NBEM,21,7,StratifiedKFold_10,10,True,False,45211,15,2,3,6,6,0.884981198849812,0.542943637748086,0.8518386901540194,0.884981198849812,0.8476470645961826,0.7202188419733659,0.542943637748086,0.5511147092743506,0.7206179845513333,0.033641486428678036,0.01644954178482294,3.3643360137939453,OK
without_duration,bank_duration_sensitivity:without_duration,bank_marketing,Bank,C:\inetpub\wwwroot\up\uni\mlm\NBEM_Major_Revision_STAGE1_READY_TO_RUN\NBEM_Major_Revision_STAGE1_READY_TO_RUN\datasets\processed\bank_marketing\bank_marketing.csv,y,none,Adaptive Weighted NBEM,21,7,StratifiedKFold_10,10,True,False,45211,15,2,3,6,6,0.8856447688564477,0.5375798856692591,0.854388543345259,0.8856447688564477,0.8459024230936101,0.7349180036705938,0.5375798856692591,0.5420884200545217,0.7290691969951245,0.028512566350400448,0.02321320679038763,3.3640289306640625,OK
without_duration,bank_duration_sensitivity:without_duration,bank_marketing,Bank,C:\inetpub\wwwroot\up\uni\mlm\NBEM_Major_Revision_STAGE1_READY_TO_RUN\NBEM_Major_Revision_STAGE1_READY_TO_RUN\datasets\processed\bank_marketing\bank_marketing.csv,y,none,Hybrid NBEM,21,7,StratifiedKFold_10,10,True,False,45211,15,2,3,6,6,0.8882990488829905,0.5759797004216373,0.861646572558204,0.8882990488829905,0.8601399936086401,0.7385832052078903,0.5759797004216373,0.6001005045017714,0.7629408154683657,34.64373324997723,0.14624538365751505,61.12625503540039,OK
without_duration,bank_duration_sensitivity:without_duration,bank_marketing,Bank,C:\inetpub\wwwroot\up\uni\mlm\NBEM_Major_Revision_STAGE1_READY_TO_RUN\NBEM_Major_Revision_STAGE1_READY_TO_RUN\datasets\processed\bank_marketing\bank_marketing.csv,y,none,WNB,21,8,StratifiedKFold_10,10,True,False,45211,15,2,3,6,6,0.8829904888299049,0.5,0.7796722033640744,0.8829904888299049,0.8281212337387478,0.44149524441495247,0.5,0.46892987196053093,0.7312817980005379,0.13078429270535707,0.011829795315861702,6.893228530883789,OK
without_duration,bank_duration_sensitivity:without_duration,bank_marketing,Bank,C:\inetpub\wwwroot\up\uni\mlm\NBEM_Major_Revision_STAGE1_READY_TO_RUN\NBEM_Major_Revision_STAGE1_READY_TO_RUN\datasets\processed\bank_marketing\bank_marketing.csv,y,none,NBEM,21,8,StratifiedKFold_10,10,True,False,45211,15,2,3,6,6,0.8818845388188454,0.5436499179834149,0.8437567012572192,0.8818845388188454,0.8465413650405804,0.6850587427525175,0.5436499179834149,0.552326435246996,0.7178951475730287,0.06780581921339035,0.04035261180251837,3.364542007446289,OK
without_duration,bank_duration_sensitivity:without_duration,bank_marketing,Bank,C:\inetpub\wwwroot\up\uni\mlm\NBEM_Major_Revision_STAGE1_READY_TO_RUN\NBEM_Major_Revision_STAGE1_READY_TO_RUN\datasets\processed\bank_marketing\bank_marketing.csv,y,none,Adaptive Weighted NBEM,21,8,StratifiedKFold_10,10,True,False,45211,15,2,3,6,6,0.8798938287989383,0.532683514476969,0.8359146394482586,0.8798938287989383,0.8416891213220417,0.659232582926908,0.532683514476969,0.5347218313162585,0.7182015259251963,0.08967774175107479,0.026628785766661167,3.3640289306640625,OK
without_duration,bank_duration_sensitivity:without_duration,bank_marketing,Bank,C:\inetpub\wwwroot\up\uni\mlm\NBEM_Major_Revision_STAGE1_READY_TO_RUN\NBEM_Major_Revision_STAGE1_READY_TO_RUN\datasets\processed\bank_marketing\bank_marketing.csv,y,none,Hybrid NBEM,21,8,StratifiedKFold_10,10,True,False,45211,15,2,3,6,6,0.8882990488829905,0.5800793458372321,0.8618997292205803,0.8882990488829905,0.8613245137502161,0.736665696356298,0.5800793458372321,0.6053989927507714,0.7549257304779692,32.16078722290695,0.1490185121074319,61.127519607543945,OK
without_duration,bank_duration_sensitivity:without_duration,bank_marketing,Bank,C:\inetpub\wwwroot\up\uni\mlm\NBEM_Major_Revision_STAGE1_READY_TO_RUN\NBEM_Major_Revision_STAGE1_READY_TO_RUN\datasets\processed\bank_marketing\bank_marketing.csv,y,none,WNB,21,9,StratifiedKFold_10,10,True,False,45211,15,2,3,6,6,0.8829904888299049,0.5,0.7796722033640744,0.8829904888299049,0.8281212337387478,0.44149524441495247,0.5,0.46892987196053093,0.7661807547041152,0.21411185897886753,0.006613733246922493,6.8912248611450195,OK
without_duration,bank_duration_sensitivity:without_duration,bank_marketing,Bank,C:\inetpub\wwwroot\up\uni\mlm\NBEM_Major_Revision_STAGE1_READY_TO_RUN\NBEM_Major_Revision_STAGE1_READY_TO_RUN\datasets\processed\bank_marketing\bank_marketing.csv,y,none,NBEM,21,9,StratifiedKFold_10,10,True,False,45211,15,2,3,6,6,0.8885202388852024,0.5539668656784268,0.8630180287025457,0.8885202388852024,0.8532030004585431,0.7603271521181969,0.5539668656784268,0.568776031455006,0.7475527614775865,0.036280060186982155,0.02142169512808323,3.3642330169677734,OK
without_duration,bank_duration_sensitivity:without_duration,bank_marketing,Bank,C:\inetpub\wwwroot\up\uni\mlm\NBEM_Major_Revision_STAGE1_READY_TO_RUN\NBEM_Major_Revision_STAGE1_READY_TO_RUN\datasets\processed\bank_marketing\bank_marketing.csv,y,none,Adaptive Weighted NBEM,21,9,StratifiedKFold_10,10,True,False,45211,15,2,3,6,6,0.8869719088697191,0.5407911759246281,0.8596032839257647,0.8869719088697191,0.8476907895567403,0.7549923035936298,0.5407911759246281,0.5474026743672352,0.7530135886139008,0.06943757366389036,0.054914955981075764,3.364389419555664,OK
without_duration,bank_duration_sensitivity:without_duration,bank_marketing,Bank,C:\inetpub\wwwroot\up\uni\mlm\NBEM_Major_Revision_STAGE1_READY_TO_RUN\NBEM_Major_Revision_STAGE1_READY_TO_RUN\datasets\processed\bank_marketing\bank_marketing.csv,y,none,Hybrid NBEM,21,9,StratifiedKFold_10,10,True,False,45211,15,2,3,6,6,0.8909533289095333,0.5873218554310891,0.867404623373132,0.8909533289095333,0.8648468208919295,0.7550779466891677,0.5873218554310891,0.6157921727790883,0.781799894685401,36.443177768960595,0.1329944245517254,61.12413215637207,OK
without_duration,bank_duration_sensitivity:without_duration,bank_marketing,Bank,C:\inetpub\wwwroot\up\uni\mlm\NBEM_Major_Revision_STAGE1_READY_TO_RUN\NBEM_Major_Revision_STAGE1_READY_TO_RUN\datasets\processed\bank_marketing\bank_marketing.csv,y,none,WNB,21,10,StratifiedKFold_10,10,True,False,45211,15,2,3,6,6,0.8829904888299049,0.5,0.7796722033640744,0.8829904888299049,0.8281212337387478,0.44149524441495247,0.5,0.46892987196053093,0.7462365657591175,0.15136362612247467,0.006925561465322971,6.89293098449707,OK
without_duration,bank_duration_sensitivity:without_duration,bank_marketing,Bank,C:\inetpub\wwwroot\up\uni\mlm\NBEM_Major_Revision_STAGE1_READY_TO_RUN\NBEM_Major_Revision_STAGE1_READY_TO_RUN\datasets\processed\bank_marketing\bank_marketing.csv,y,none,NBEM,21,10,StratifiedKFold_10,10,True,False,45211,15,2,3,6,6,0.8845388188453882,0.5435130658292009,0.8505123403473709,0.8845388188453882,0.8476625353746077,0.7141307488674707,0.5435130658292009,0.5520547352373085,0.7372542817203406,0.0369460042566061,0.019821123220026493,3.3642797470092773,OK
without_duration,bank_duration_sensitivity:without_duration,bank_marketing,Bank,C:\inetpub\wwwroot\up\uni\mlm\NBEM_Major_Revision_STAGE1_READY_TO_RUN\NBEM_Major_Revision_STAGE1_READY_TO_RUN\datasets\processed\bank_marketing\bank_marketing.csv,y,none,Adaptive Weighted NBEM,21,10,StratifiedKFold_10,10,True,False,45211,15,2,3,6,6,0.8821057288210573,0.5290164449882753,0.8404825684639105,0.8821057288210573,0.8411334458585958,0.6813865372091646,0.5290164449882753,0.5279170752206191,0.7441863878986708,0.033848232589662075,0.025915000587701797,3.3641271591186523,OK
without_duration,bank_duration_sensitivity:without_duration,bank_marketing,Bank,C:\inetpub\wwwroot\up\uni\mlm\NBEM_Major_Revision_STAGE1_READY_TO_RUN\NBEM_Major_Revision_STAGE1_READY_TO_RUN\datasets\processed\bank_marketing\bank_marketing.csv,y,none,Hybrid NBEM,21,10,StratifiedKFold_10,10,True,False,45211,15,2,3,6,6,0.8947135589471356,0.6066696246936216,0.8747325208487484,0.8947135589471356,0.8721386083968247,0.7723740372175133,0.6066696246936216,0.6408455499479292,0.7711377386152267,43.41337688732892,0.15145290177315474,61.127506256103516,OK
without_duration,bank_duration_sensitivity:without_duration,bank_marketing,Bank,C:\inetpub\wwwroot\up\uni\mlm\NBEM_Major_Revision_STAGE1_READY_TO_RUN\NBEM_Major_Revision_STAGE1_READY_TO_RUN\datasets\processed\bank_marketing\bank_marketing.csv,y,none,WNB,42,1,StratifiedKFold_10,10,True,False,45211,15,2,3,6,6,0.883016364440513,0.5,0.7797178998697409,0.883016364440513,0.828158389479969,0.4415081822202565,0.5,0.46893716970052846,0.7483824481121736,0.14323090948164463,0.006698736920952797,6.894469261169434,OK
without_duration,bank_duration_sensitivity:without_duration,bank_marketing,Bank,C:\inetpub\wwwroot\up\uni\mlm\NBEM_Major_Revision_STAGE1_READY_TO_RUN\NBEM_Major_Revision_STAGE1_READY_TO_RUN\datasets\processed\bank_marketing\bank_marketing.csv,y,none,NBEM,42,1,StratifiedKFold_10,10,True,False,45211,15,2,3,6,6,0.8810260946483857,0.5415109712317917,0.8413179460761142,0.8810260946483857,0.8454253511023204,0.6759945967319461,0.5415109712317917,0.5489806981129697,0.7335975954139026,0.035996852442622185,0.018678465858101845,3.3641834259033203,OK
without_duration,bank_duration_sensitivity:without_duration,bank_marketing,Bank,C:\inetpub\wwwroot\up\uni\mlm\NBEM_Major_Revision_STAGE1_READY_TO_RUN\NBEM_Major_Revision_STAGE1_READY_TO_RUN\datasets\processed\bank_marketing\bank_marketing.csv,y,none,Adaptive Weighted NBEM,42,1,StratifiedKFold_10,10,True,False,45211,15,2,3,6,6,0.8805838124723574,0.5297810866559011,0.8363536943554658,0.8805838124723574,0.8408726618339717,0.6630356749471938,0.5297810866559011,0.5296522414462614,0.7386466013065398,0.03438431955873966,0.02633831650018692,3.3638858795166016,OK
without_duration,bank_duration_sensitivity:without_duration,bank_marketing,Bank,C:\inetpub\wwwroot\up\uni\mlm\NBEM_Major_Revision_STAGE1_READY_TO_RUN\NBEM_Major_Revision_STAGE1_READY_TO_RUN\datasets\processed\bank_marketing\bank_marketing.csv,y,none,Hybrid NBEM,42,1,StratifiedKFold_10,10,True,False,45211,15,2,3,6,6,0.8883237505528527,0.585001304267345,0.8623205057008105,0.8883237505528527,0.8627287823344181,0.7347351796845585,0.585001304267345,0.6115645616300065,0.776086412090724,34.18600253481418,0.13901397585868835,61.12398719787598,OK
without_duration,bank_duration_sensitivity:without_duration,bank_marketing,Bank,C:\inetpub\wwwroot\up\uni\mlm\NBEM_Major_Revision_STAGE1_READY_TO_RUN\NBEM_Major_Revision_STAGE1_READY_TO_RUN\datasets\processed\bank_marketing\bank_marketing.csv,y,none,WNB,42,2,StratifiedKFold_10,10,True,False,45211,15,2,3,6,6,0.8832116788321168,0.5,0.7800628696254462,0.8832116788321168,0.8284388615402025,0.4416058394160584,0.5,0.4689922480620155,0.7233370993936359,0.17390319984406233,0.0068956585600972176,6.89317512512207,OK
without_duration,bank_duration_sensitivity:without_duration,bank_marketing,Bank,C:\inetpub\wwwroot\up\uni\mlm\NBEM_Major_Revision_STAGE1_READY_TO_RUN\NBEM_Major_Revision_STAGE1_READY_TO_RUN\datasets\processed\bank_marketing\bank_marketing.csv,y,none,NBEM,42,2,StratifiedKFold_10,10,True,False,45211,15,2,3,6,6,0.8860871488608715,0.5566851364888555,0.8553430958557037,0.8860871488608715,0.8531306885628506,0.7244731404958678,0.5566851364888555,0.5725554184580774,0.7103975517762146,0.03711686935275793,0.019475548528134823,3.364501953125,OK
without_duration,bank_duration_sensitivity:without_duration,bank_marketing,Bank,C:\inetpub\wwwroot\up\uni\mlm\NBEM_Major_Revision_STAGE1_READY_TO_RUN\NBEM_Major_Revision_STAGE1_READY_TO_RUN\datasets\processed\bank_marketing\bank_marketing.csv,y,none,Adaptive Weighted NBEM,42,2,StratifiedKFold_10,10,True,False,45211,15,2,3,6,6,0.884981198849812,0.5445545329326321,0.851521805881859,0.884981198849812,0.8484162732428758,0.716711577237723,0.5445545329326321,0.5537710006195411,0.7112774059148965,0.03072782326489687,0.024498961865901947,3.3637828826904297,OK
without_duration,bank_duration_sensitivity:without_duration,bank_marketing,Bank,C:\inetpub\wwwroot\up\uni\mlm\NBEM_Major_Revision_STAGE1_READY_TO_RUN\NBEM_Major_Revision_STAGE1_READY_TO_RUN\datasets\processed\bank_marketing\bank_marketing.csv,y,none,Hybrid NBEM,42,2,StratifiedKFold_10,10,True,False,45211,15,2,3,6,6,0.891616898916169,0.5951508890558477,0.8687133340615676,0.891616898916169,0.8674584520343446,0.7540300216031951,0.5951508890558477,0.6255248727120283,0.7551909022607746,47.27864605281502,0.14090416301041842,61.12759876251221,OK
without_duration,bank_duration_sensitivity:without_duration,bank_marketing,Bank,C:\inetpub\wwwroot\up\uni\mlm\NBEM_Major_Revision_STAGE1_READY_TO_RUN\NBEM_Major_Revision_STAGE1_READY_TO_RUN\datasets\processed\bank_marketing\bank_marketing.csv,y,none,WNB,42,3,StratifiedKFold_10,10,True,False,45211,15,2,3,6,6,0.8829904888299049,0.5,0.7796722033640744,0.8829904888299049,0.8281212337387478,0.44149524441495247,0.5,0.46892987196053093,0.7576137624966379,0.17988986056298018,0.008351423777639866,6.893174171447754,OK
without_duration,bank_duration_sensitivity:without_duration,bank_marketing,Bank,C:\inetpub\wwwroot\up\uni\mlm\NBEM_Major_Revision_STAGE1_READY_TO_RUN\NBEM_Major_Revision_STAGE1_READY_TO_RUN\datasets\processed\bank_marketing\bank_marketing.csv,y,none,NBEM,42,3,StratifiedKFold_10,10,True,False,45211,15,2,3,6,6,0.8832116788321168,0.5427615628231889,0.846729059090733,0.8832116788321168,0.8468089547703216,0.6984434814329727,0.5427615628231889,0.5508872800614097,0.7479500589079862,0.04643453098833561,0.02241185400635004,3.3643360137939453,OK
without_duration,bank_duration_sensitivity:without_duration,bank_marketing,Bank,C:\inetpub\wwwroot\up\uni\mlm\NBEM_Major_Revision_STAGE1_READY_TO_RUN\NBEM_Major_Revision_STAGE1_READY_TO_RUN\datasets\processed\bank_marketing\bank_marketing.csv,y,none,Adaptive Weighted NBEM,42,3,StratifiedKFold_10,10,True,False,45211,15,2,3,6,6,0.8829904888299049,0.5295174469922833,0.8436498160056148,0.8829904888299049,0.8416709886148356,0.6945942908518768,0.5295174469922833,0.5285650165255908,0.7540818877831277,0.03457440622150898,0.026897897012531757,3.3641834259033203,OK
without_duration,bank_duration_sensitivity:without_duration,bank_marketing,Bank,C:\inetpub\wwwroot\up\uni\mlm\NBEM_Major_Revision_STAGE1_READY_TO_RUN\NBEM_Major_Revision_STAGE1_READY_TO_RUN\datasets\processed\bank_marketing\bank_marketing.csv,y,none,Hybrid NBEM,42,3,StratifiedKFold_10,10,True,False,45211,15,2,3,6,6,0.88940499889405,0.5962842509215027,0.8651575633229411,0.88940499889405,0.866325080979924,0.7386984226862701,0.5962842509215027,0.6255848528575801,0.7816805633952215,37.8650350831449,0.14861057419329882,61.12601184844971,OK
without_duration,bank_duration_sensitivity:without_duration,bank_marketing,Bank,C:\inetpub\wwwroot\up\uni\mlm\NBEM_Major_Revision_STAGE1_READY_TO_RUN\NBEM_Major_Revision_STAGE1_READY_TO_RUN\datasets\processed\bank_marketing\bank_marketing.csv,y,none,WNB,42,4,StratifiedKFold_10,10,True,False,45211,15,2,3,6,6,0.8829904888299049,0.5,0.7796722033640744,0.8829904888299049,0.8281212337387478,0.44149524441495247,0.5,0.46892987196053093,0.7602589394289525,0.1519800191745162,0.006935811601579189,6.890037536621094,OK
without_duration,bank_duration_sensitivity:without_duration,bank_marketing,Bank,C:\inetpub\wwwroot\up\uni\mlm\NBEM_Major_Revision_STAGE1_READY_TO_RUN\NBEM_Major_Revision_STAGE1_READY_TO_RUN\datasets\processed\bank_marketing\bank_marketing.csv,y,none,NBEM,42,4,StratifiedKFold_10,10,True,False,45211,15,2,3,6,6,0.8860871488608715,0.5476695356686908,0.8554251893597815,0.8860871488608715,0.8498524815485294,0.7322437905752398,0.5476695356686908,0.5587140757419395,0.7434206787866848,0.03836674243211746,0.02077967207878828,3.364439010620117,OK
without_duration,bank_duration_sensitivity:without_duration,bank_marketing,Bank,C:\inetpub\wwwroot\up\uni\mlm\NBEM_Major_Revision_STAGE1_READY_TO_RUN\NBEM_Major_Revision_STAGE1_READY_TO_RUN\datasets\processed\bank_marketing\bank_marketing.csv,y,none,Adaptive Weighted NBEM,42,4,StratifiedKFold_10,10,True,False,45211,15,2,3,6,6,0.8836540588365406,0.5282533403290512,0.8461074271057367,0.8836540588365406,0.8414076528017028,0.7059953735671869,0.5282533403290512,0.5261074284511784,0.7477824268574957,0.03689645417034626,0.028194330632686615,3.3638229370117188,OK
without_duration,bank_duration_sensitivity:without_duration,bank_marketing,Bank,C:\inetpub\wwwroot\up\uni\mlm\NBEM_Major_Revision_STAGE1_READY_TO_RUN\NBEM_Major_Revision_STAGE1_READY_TO_RUN\datasets\processed\bank_marketing\bank_marketing.csv,y,none,Hybrid NBEM,42,4,StratifiedKFold_10,10,True,False,45211,15,2,3,6,6,0.8942711789427118,0.589200612946119,0.8747745957495191,0.8942711789427118,0.8672744950936054,0.7854668343764681,0.589200612946119,0.6199477327405489,0.7871437582158646,32.30040178820491,0.16013025026768446,61.124189376831055,OK
without_duration,bank_duration_sensitivity:without_duration,bank_marketing,Bank,C:\inetpub\wwwroot\up\uni\mlm\NBEM_Major_Revision_STAGE1_READY_TO_RUN\NBEM_Major_Revision_STAGE1_READY_TO_RUN\datasets\processed\bank_marketing\bank_marketing.csv,y,none,WNB,42,5,StratifiedKFold_10,10,True,False,45211,15,2,3,6,6,0.8829904888299049,0.5,0.7796722033640744,0.8829904888299049,0.8281212337387478,0.44149524441495247,0.5,0.46892987196053093,0.7320325907012513,0.14246586244553328,0.005649629980325699,6.891879081726074,OK
without_duration,bank_duration_sensitivity:without_duration,bank_marketing,Bank,C:\inetpub\wwwroot\up\uni\mlm\NBEM_Major_Revision_STAGE1_READY_TO_RUN\NBEM_Major_Revision_STAGE1_READY_TO_RUN\datasets\processed\bank_marketing\bank_marketing.csv,y,none,NBEM,42,5,StratifiedKFold_10,10,True,False,45211,15,2,3,6,6,0.8832116788321168,0.537841988324475,0.8458662788497526,0.8832116788321168,0.8449959145313128,0.6982325800610225,0.537841988324475,0.542847074865368,0.728350368032852,0.030403180047869682,0.016743000596761703,3.364382743835449,OK
without_duration,bank_duration_sensitivity:without_duration,bank_marketing,Bank,C:\inetpub\wwwroot\up\uni\mlm\NBEM_Major_Revision_STAGE1_READY_TO_RUN\NBEM_Major_Revision_STAGE1_READY_TO_RUN\datasets\processed\bank_marketing\bank_marketing.csv,y,none,Adaptive Weighted NBEM,42,5,StratifiedKFold_10,10,True,False,45211,15,2,3,6,6,0.8812209688122097,0.5276955139011482,0.8373184565316534,0.8812209688122097,0.8402700770213907,0.6687659066119566,0.5276955139011482,0.525828972206299,0.7323981611616428,0.030405743047595024,0.048255945555865765,3.3641319274902344,OK
without_duration,bank_duration_sensitivity:without_duration,bank_marketing,Bank,C:\inetpub\wwwroot\up\uni\mlm\NBEM_Major_Revision_STAGE1_READY_TO_RUN\NBEM_Major_Revision_STAGE1_READY_TO_RUN\datasets\processed\bank_marketing\bank_marketing.csv,y,none,Hybrid NBEM,42,5,StratifiedKFold_10,10,True,False,45211,15,2,3,6,6,0.8927228489272285,0.5981630084365328,0.870982868832116,0.8927228489272285,0.8687789457957392,0.7625022476946883,0.5981630084365328,0.629822932699637,0.7640806187043274,44.011669610626996,0.1339935539290309,61.12709999084473,OK
without_duration,bank_duration_sensitivity:without_duration,bank_marketing,Bank,C:\inetpub\wwwroot\up\uni\mlm\NBEM_Major_Revision_STAGE1_READY_TO_RUN\NBEM_Major_Revision_STAGE1_READY_TO_RUN\datasets\processed\bank_marketing\bank_marketing.csv,y,none,WNB,42,6,StratifiedKFold_10,10,True,False,45211,15,2,3,6,6,0.8829904888299049,0.5,0.7796722033640744,0.8829904888299049,0.8281212337387478,0.44149524441495247,0.5,0.46892987196053093,0.7526162911835012,0.15896666329354048,0.005830747075378895,6.8931121826171875,OK
without_duration,bank_duration_sensitivity:without_duration,bank_marketing,Bank,C:\inetpub\wwwroot\up\uni\mlm\NBEM_Major_Revision_STAGE1_READY_TO_RUN\NBEM_Major_Revision_STAGE1_READY_TO_RUN\datasets\processed\bank_marketing\bank_marketing.csv,y,none,NBEM,42,6,StratifiedKFold_10,10,True,False,45211,15,2,3,6,6,0.8891838088918381,0.5576223335139088,0.8646894506583102,0.8891838088918381,0.8547828662872514,0.7648965535257135,0.5576223335139088,0.5744758916056426,0.7340200249269806,0.03028015699237585,0.01675410568714142,3.3642330169677734,OK
without_duration,bank_duration_sensitivity:without_duration,bank_marketing,Bank,C:\inetpub\wwwroot\up\uni\mlm\NBEM_Major_Revision_STAGE1_READY_TO_RUN\NBEM_Major_Revision_STAGE1_READY_TO_RUN\datasets\processed\bank_marketing\bank_marketing.csv,y,none,Adaptive Weighted NBEM,42,6,StratifiedKFold_10,10,True,False,45211,15,2,3,6,6,0.887193098871931,0.5409164264256301,0.8605896350345064,0.887193098871931,0.8478318713596315,0.7591273054430949,0.5409164264256301,0.5475941381545798,0.740079402661656,0.02936005312949419,0.02389281988143921,3.3641319274902344,OK
without_duration,bank_duration_sensitivity:without_duration,bank_marketing,Bank,C:\inetpub\wwwroot\up\uni\mlm\NBEM_Major_Revision_STAGE1_READY_TO_RUN\NBEM_Major_Revision_STAGE1_READY_TO_RUN\datasets\processed\bank_marketing\bank_marketing.csv,y,none,Hybrid NBEM,42,6,StratifiedKFold_10,10,True,False,45211,15,2,3,6,6,0.8889626188896262,0.5763554519246432,0.8630511388087284,0.8889626188896262,0.8606104530062549,0.7443587373270493,0.5763554519246432,0.6008656105350535,0.7702105534320056,28.96385663188994,0.14928292483091354,61.129953384399414,OK
without_duration,bank_duration_sensitivity:without_duration,bank_marketing,Bank,C:\inetpub\wwwroot\up\uni\mlm\NBEM_Major_Revision_STAGE1_READY_TO_RUN\NBEM_Major_Revision_STAGE1_READY_TO_RUN\datasets\processed\bank_marketing\bank_marketing.csv,y,none,WNB,42,7,StratifiedKFold_10,10,True,False,45211,15,2,3,6,6,0.8829904888299049,0.5,0.7796722033640744,0.8829904888299049,0.8281212337387478,0.44149524441495247,0.5,0.46892987196053093,0.739558038572419,0.1215648790821433,0.006048599258065224,6.893065452575684,OK
without_duration,bank_duration_sensitivity:without_duration,bank_marketing,Bank,C:\inetpub\wwwroot\up\uni\mlm\NBEM_Major_Revision_STAGE1_READY_TO_RUN\NBEM_Major_Revision_STAGE1_READY_TO_RUN\datasets\processed\bank_marketing\bank_marketing.csv,y,none,NBEM,42,7,StratifiedKFold_10,10,True,False,45211,15,2,3,6,6,0.8821057288210573,0.5413153812350598,0.8436885475375286,0.8821057288210573,0.845804519519476,0.6864324024017607,0.5413153812350598,0.5486151866320623,0.7158864041883389,0.03080727532505989,0.016997160390019417,3.364485740661621,OK
without_duration,bank_duration_sensitivity:without_duration,bank_marketing,Bank,C:\inetpub\wwwroot\up\uni\mlm\NBEM_Major_Revision_STAGE1_READY_TO_RUN\NBEM_Major_Revision_STAGE1_READY_TO_RUN\datasets\processed\bank_marketing\bank_marketing.csv,y,none,Adaptive Weighted NBEM,42,7,StratifiedKFold_10,10,True,False,45211,15,2,3,6,6,0.882769298827693,0.5334918419068762,0.8436972271140601,0.882769298827693,0.8431540037692694,0.6920082312123663,0.5334918419068762,0.5355581141115996,0.7200109102893879,0.02941771876066923,0.022457986138761044,3.3640804290771484,OK
without_duration,bank_duration_sensitivity:without_duration,bank_marketing,Bank,C:\inetpub\wwwroot\up\uni\mlm\NBEM_Major_Revision_STAGE1_READY_TO_RUN\NBEM_Major_Revision_STAGE1_READY_TO_RUN\datasets\processed\bank_marketing\bank_marketing.csv,y,none,Hybrid NBEM,42,7,StratifiedKFold_10,10,True,False,45211,15,2,3,6,6,0.8880778588807786,0.5766743790037542,0.8612408845773099,0.8880778588807786,0.8602229481510533,0.7363263119793095,0.5766743790037542,0.6009176904708406,0.7768367547950342,44.19554103817791,0.13939970172941685,61.128957748413086,OK
without_duration,bank_duration_sensitivity:without_duration,bank_marketing,Bank,C:\inetpub\wwwroot\up\uni\mlm\NBEM_Major_Revision_STAGE1_READY_TO_RUN\NBEM_Major_Revision_STAGE1_READY_TO_RUN\datasets\processed\bank_marketing\bank_marketing.csv,y,none,WNB,42,8,StratifiedKFold_10,10,True,False,45211,15,2,3,6,6,0.8829904888299049,0.5,0.7796722033640744,0.8829904888299049,0.8281212337387478,0.44149524441495247,0.5,0.46892987196053093,0.7396319103234824,0.18352799117565155,0.013977132737636566,6.8936052322387695,OK
without_duration,bank_duration_sensitivity:without_duration,bank_marketing,Bank,C:\inetpub\wwwroot\up\uni\mlm\NBEM_Major_Revision_STAGE1_READY_TO_RUN\NBEM_Major_Revision_STAGE1_READY_TO_RUN\datasets\processed\bank_marketing\bank_marketing.csv,y,none,NBEM,42,8,StratifiedKFold_10,10,True,False,45211,15,2,3,6,6,0.8847600088476001,0.5362589545821321,0.8509093316335414,0.8847600088476001,0.8450292553596733,0.7209482504891013,0.5362589545821321,0.5399569730344167,0.7191197139079671,0.06722402665764093,0.03486786689609289,3.3643360137939453,OK
without_duration,bank_duration_sensitivity:without_duration,bank_marketing,Bank,C:\inetpub\wwwroot\up\uni\mlm\NBEM_Major_Revision_STAGE1_READY_TO_RUN\NBEM_Major_Revision_STAGE1_READY_TO_RUN\datasets\processed\bank_marketing\bank_marketing.csv,y,none,Adaptive Weighted NBEM,42,8,StratifiedKFold_10,10,True,False,45211,15,2,3,6,6,0.8847600088476001,0.5321593091665372,0.8510172024204902,0.8847600088476001,0.8434115663479477,0.7242803925971916,0.5321593091665372,0.5328049364644418,0.722030545021991,0.03428137395530939,0.02659973967820406,3.364389419555664,OK
without_duration,bank_duration_sensitivity:without_duration,bank_marketing,Bank,C:\inetpub\wwwroot\up\uni\mlm\NBEM_Major_Revision_STAGE1_READY_TO_RUN\NBEM_Major_Revision_STAGE1_READY_TO_RUN\datasets\processed\bank_marketing\bank_marketing.csv,y,none,Hybrid NBEM,42,8,StratifiedKFold_10,10,True,False,45211,15,2,3,6,6,0.8889626188896262,0.5812750264233572,0.8632518719694747,0.8889626188896262,0.8620322010412628,0.7416175596955884,0.5812750264233572,0.6072233567546987,0.7654955468593141,35.5603591222316,0.15563993528485298,61.12712860107422,OK
without_duration,bank_duration_sensitivity:without_duration,bank_marketing,Bank,C:\inetpub\wwwroot\up\uni\mlm\NBEM_Major_Revision_STAGE1_READY_TO_RUN\NBEM_Major_Revision_STAGE1_READY_TO_RUN\datasets\processed\bank_marketing\bank_marketing.csv,y,none,WNB,42,9,StratifiedKFold_10,10,True,False,45211,15,2,3,6,6,0.8829904888299049,0.5,0.7796722033640744,0.8829904888299049,0.8281212337387478,0.44149524441495247,0.5,0.46892987196053093,0.7593802917744753,0.1652702782303095,0.006905911490321159,6.893098831176758,OK
without_duration,bank_duration_sensitivity:without_duration,bank_marketing,Bank,C:\inetpub\wwwroot\up\uni\mlm\NBEM_Major_Revision_STAGE1_READY_TO_RUN\NBEM_Major_Revision_STAGE1_READY_TO_RUN\datasets\processed\bank_marketing\bank_marketing.csv,y,none,NBEM,42,9,StratifiedKFold_10,10,True,False,45211,15,2,3,6,6,0.8889626188896262,0.5591369411791447,0.8637255492364554,0.8889626188896262,0.8551888778889861,0.7596827251782046,0.5591369411791447,0.5767163419718033,0.7485467153588841,0.03525957278907299,0.018826691433787346,3.364593505859375,OK
without_duration,bank_duration_sensitivity:without_duration,bank_marketing,Bank,C:\inetpub\wwwroot\up\uni\mlm\NBEM_Major_Revision_STAGE1_READY_TO_RUN\NBEM_Major_Revision_STAGE1_READY_TO_RUN\datasets\processed\bank_marketing\bank_marketing.csv,y,none,Adaptive Weighted NBEM,42,9,StratifiedKFold_10,10,True,False,45211,15,2,3,6,6,0.88940499889405,0.5511881513499589,0.8672014935163992,0.88940499889405,0.8526279702591812,0.7802210193955796,0.5511881513499589,0.5644857753212844,0.7550838917911437,0.034530836157500744,0.02688166592270136,3.3641271591186523,OK
without_duration,bank_duration_sensitivity:without_duration,bank_marketing,Bank,C:\inetpub\wwwroot\up\uni\mlm\NBEM_Major_Revision_STAGE1_READY_TO_RUN\NBEM_Major_Revision_STAGE1_READY_TO_RUN\datasets\processed\bank_marketing\bank_marketing.csv,y,none,Hybrid NBEM,42,9,StratifiedKFold_10,10,True,False,45211,15,2,3,6,6,0.893828798938288,0.6004291191077807,0.8731035801238102,0.893828798938288,0.870026587264701,0.7699837054764875,0.6004291191077807,0.6331672222485175,0.7885932545620542,45.58312979154289,0.13336092792451382,61.12853717803955,OK
without_duration,bank_duration_sensitivity:without_duration,bank_marketing,Bank,C:\inetpub\wwwroot\up\uni\mlm\NBEM_Major_Revision_STAGE1_READY_TO_RUN\NBEM_Major_Revision_STAGE1_READY_TO_RUN\datasets\processed\bank_marketing\bank_marketing.csv,y,none,WNB,42,10,StratifiedKFold_10,10,True,False,45211,15,2,3,6,6,0.8829904888299049,0.5,0.7796722033640744,0.8829904888299049,0.8281212337387478,0.44149524441495247,0.5,0.46892987196053093,0.7589354038890634,0.1665884954854846,0.0069528985768556595,6.8896942138671875,OK
without_duration,bank_duration_sensitivity:without_duration,bank_marketing,Bank,C:\inetpub\wwwroot\up\uni\mlm\NBEM_Major_Revision_STAGE1_READY_TO_RUN\NBEM_Major_Revision_STAGE1_READY_TO_RUN\datasets\processed\bank_marketing\bank_marketing.csv,y,none,NBEM,42,10,StratifiedKFold_10,10,True,False,45211,15,2,3,6,6,0.8852023888520238,0.5488083918309208,0.8528155756480088,0.8852023888520238,0.8498546822337861,0.720244022308169,0.5488083918309208,0.5604714481464171,0.7453460796829955,0.03620957862585783,0.020342686213552952,3.364439010620117,OK
without_duration,bank_duration_sensitivity:without_duration,bank_marketing,Bank,C:\inetpub\wwwroot\up\uni\mlm\NBEM_Major_Revision_STAGE1_READY_TO_RUN\NBEM_Major_Revision_STAGE1_READY_TO_RUN\datasets\processed\bank_marketing\bank_marketing.csv,y,none,Adaptive Weighted NBEM,42,10,StratifiedKFold_10,10,True,False,45211,15,2,3,6,6,0.8860871488608715,0.5419300320868581,0.855723063237758,0.8860871488608715,0.8477472679397812,0.7375760649087222,0.5419300320868581,0.549385453041498,0.7519121418640684,0.03526042867451906,0.026350276544690132,3.3639259338378906,OK
without_duration,bank_duration_sensitivity:without_duration,bank_marketing,Bank,C:\inetpub\wwwroot\up\uni\mlm\NBEM_Major_Revision_STAGE1_READY_TO_RUN\NBEM_Major_Revision_STAGE1_READY_TO_RUN\datasets\processed\bank_marketing\bank_marketing.csv,y,none,Hybrid NBEM,42,10,StratifiedKFold_10,10,True,False,45211,15,2,3,6,6,0.893607608936076,0.6003038686067788,0.872675689474777,0.893607608936076,0.869861181294331,0.7682272210389288,0.6003038686067788,0.6328759394402584,0.7925453932439548,28.921645868569613,0.1343959392979741,61.122300148010254,OK
without_duration,bank_duration_sensitivity:without_duration,bank_marketing,Bank,C:\inetpub\wwwroot\up\uni\mlm\NBEM_Major_Revision_STAGE1_READY_TO_RUN\NBEM_Major_Revision_STAGE1_READY_TO_RUN\datasets\processed\bank_marketing\bank_marketing.csv,y,none,WNB,87,1,StratifiedKFold_10,10,True,False,45211,15,2,3,6,6,0.883016364440513,0.5,0.7797178998697409,0.883016364440513,0.828158389479969,0.4415081822202565,0.5,0.46893716970052846,0.7400491029433836,0.15890558063983917,0.006957170553505421,6.89337158203125,OK
without_duration,bank_duration_sensitivity:without_duration,bank_marketing,Bank,C:\inetpub\wwwroot\up\uni\mlm\NBEM_Major_Revision_STAGE1_READY_TO_RUN\NBEM_Major_Revision_STAGE1_READY_TO_RUN\datasets\processed\bank_marketing\bank_marketing.csv,y,none,NBEM,87,1,StratifiedKFold_10,10,True,False,45211,15,2,3,6,6,0.8865546218487395,0.5577608167790798,0.856833092164626,0.8865546218487395,0.8535714653954336,0.7309707708617295,0.5577608167790798,0.5742226782212245,0.7172580371036839,0.06954180169850588,0.038194168359041214,3.364389419555664,OK
without_duration,bank_duration_sensitivity:without_duration,bank_marketing,Bank,C:\inetpub\wwwroot\up\uni\mlm\NBEM_Major_Revision_STAGE1_READY_TO_RUN\NBEM_Major_Revision_STAGE1_READY_TO_RUN\datasets\processed\bank_marketing\bank_marketing.csv,y,none,Adaptive Weighted NBEM,87,1,StratifiedKFold_10,10,True,False,45211,15,2,3,6,6,0.8850066342326405,0.5421249947332217,0.8518372446739503,0.8850066342326405,0.8473775097664041,0.7206742704373037,0.5421249947332217,0.5497809637594584,0.7224448077140666,0.0663201529532671,0.052516874857246876,3.3639888763427734,OK
without_duration,bank_duration_sensitivity:without_duration,bank_marketing,Bank,C:\inetpub\wwwroot\up\uni\mlm\NBEM_Major_Revision_STAGE1_READY_TO_RUN\NBEM_Major_Revision_STAGE1_READY_TO_RUN\datasets\processed\bank_marketing\bank_marketing.csv,y,none,Hybrid NBEM,87,1,StratifiedKFold_10,10,True,False,45211,15,2,3,6,6,0.894515701017249,0.6139262139746446,0.8744889685197387,0.894515701017249,0.8737746495005212,0.7657544836116265,0.6139262139746446,0.6485489364787503,0.7659282761846464,57.49561946373433,0.1387324770912528,61.12532138824463,OK
without_duration,bank_duration_sensitivity:without_duration,bank_marketing,Bank,C:\inetpub\wwwroot\up\uni\mlm\NBEM_Major_Revision_STAGE1_READY_TO_RUN\NBEM_Major_Revision_STAGE1_READY_TO_RUN\datasets\processed\bank_marketing\bank_marketing.csv,y,none,WNB,87,2,StratifiedKFold_10,10,True,False,45211,15,2,3,6,6,0.8832116788321168,0.5,0.7800628696254462,0.8832116788321168,0.8284388615402025,0.4416058394160584,0.5,0.4689922480620155,0.729761220393264,0.17185453604906797,0.006500535644590855,6.893685340881348,OK
without_duration,bank_duration_sensitivity:without_duration,bank_marketing,Bank,C:\inetpub\wwwroot\up\uni\mlm\NBEM_Major_Revision_STAGE1_READY_TO_RUN\NBEM_Major_Revision_STAGE1_READY_TO_RUN\datasets\processed\bank_marketing\bank_marketing.csv,y,none,NBEM,87,2,StratifiedKFold_10,10,True,False,45211,15,2,3,6,6,0.878345498783455,0.5358674555472076,0.8340895825482622,0.878345498783455,0.8424153130801862,0.6479891580883792,0.5358674555472076,0.5402354745806085,0.719619182053442,0.03712669387459755,0.019552437588572502,3.3642959594726562,OK
without_duration,bank_duration_sensitivity:without_duration,bank_marketing,Bank,C:\inetpub\wwwroot\up\uni\mlm\NBEM_Major_Revision_STAGE1_READY_TO_RUN\NBEM_Major_Revision_STAGE1_READY_TO_RUN\datasets\processed\bank_marketing\bank_marketing.csv,y,none,Adaptive Weighted NBEM,87,2,StratifiedKFold_10,10,True,False,45211,15,2,3,6,6,0.8785666887856669,0.5285969196093163,0.8311397262988043,0.8785666887856669,0.8398055336393412,0.6404965418243508,0.5285969196093163,0.5281874302007841,0.7227591466885231,0.03540779743343592,0.02766422461718321,3.364246368408203,OK
without_duration,bank_duration_sensitivity:without_duration,bank_marketing,Bank,C:\inetpub\wwwroot\up\uni\mlm\NBEM_Major_Revision_STAGE1_READY_TO_RUN\NBEM_Major_Revision_STAGE1_READY_TO_RUN\datasets\processed\bank_marketing\bank_marketing.csv,y,none,Hybrid NBEM,87,2,StratifiedKFold_10,10,True,False,45211,15,2,3,6,6,0.8876354788763547,0.5698879288755322,0.8597201585149534,0.8876354788763547,0.8581088673860042,0.7337740842281624,0.5698879288755322,0.5916773340160437,0.7554759655154095,26.319896557368338,0.14366533141583204,61.125715255737305,OK
without_duration,bank_duration_sensitivity:without_duration,bank_marketing,Bank,C:\inetpub\wwwroot\up\uni\mlm\NBEM_Major_Revision_STAGE1_READY_TO_RUN\NBEM_Major_Revision_STAGE1_READY_TO_RUN\datasets\processed\bank_marketing\bank_marketing.csv,y,none,WNB,87,3,StratifiedKFold_10,10,True,False,45211,15,2,3,6,6,0.8829904888299049,0.5,0.7796722033640744,0.8829904888299049,0.8281212337387478,0.44149524441495247,0.5,0.46892987196053093,0.7515588833621875,0.12422182038426399,0.0054574087262153625,6.892960548400879,OK
without_duration,bank_duration_sensitivity:without_duration,bank_marketing,Bank,C:\inetpub\wwwroot\up\uni\mlm\NBEM_Major_Revision_STAGE1_READY_TO_RUN\NBEM_Major_Revision_STAGE1_READY_TO_RUN\datasets\processed\bank_marketing\bank_marketing.csv,y,none,NBEM,87,3,StratifiedKFold_10,10,True,False,45211,15,2,3,6,6,0.8878566688785667,0.5486715396767069,0.8615390155086422,0.8878566688785667,0.8510125828325835,0.757737154893553,0.5486715396767069,0.5603723323149534,0.7448043535085294,0.030228043906390667,0.016200078651309013,3.3643360137939453,OK
without_duration,bank_duration_sensitivity:without_duration,bank_marketing,Bank,C:\inetpub\wwwroot\up\uni\mlm\NBEM_Major_Revision_STAGE1_READY_TO_RUN\NBEM_Major_Revision_STAGE1_READY_TO_RUN\datasets\processed\bank_marketing\bank_marketing.csv,y,none,Adaptive Weighted NBEM,87,3,StratifiedKFold_10,10,True,False,45211,15,2,3,6,6,0.8869719088697191,0.5350516723427953,0.8616465985172828,0.8869719088697191,0.8454382452292933,0.7677477229814293,0.5350516723427953,0.5374487865851938,0.7498806687098205,0.029540741816163063,0.023294366896152496,3.3641319274902344,OK
without_duration,bank_duration_sensitivity:without_duration,bank_marketing,Bank,C:\inetpub\wwwroot\up\uni\mlm\NBEM_Major_Revision_STAGE1_READY_TO_RUN\NBEM_Major_Revision_STAGE1_READY_TO_RUN\datasets\processed\bank_marketing\bank_marketing.csv,y,none,Hybrid NBEM,87,3,StratifiedKFold_10,10,True,False,45211,15,2,3,6,6,0.8909533289095333,0.5914215008466839,0.8675001062679241,0.8909533289095333,0.8659615848175174,0.7524597238204833,0.5914215008466839,0.6207876194049087,0.7860650412355903,39.85098832193762,0.14675754867494106,61.12646484375,OK
without_duration,bank_duration_sensitivity:without_duration,bank_marketing,Bank,C:\inetpub\wwwroot\up\uni\mlm\NBEM_Major_Revision_STAGE1_READY_TO_RUN\NBEM_Major_Revision_STAGE1_READY_TO_RUN\datasets\processed\bank_marketing\bank_marketing.csv,y,none,WNB,87,4,StratifiedKFold_10,10,True,False,45211,15,2,3,6,6,0.8829904888299049,0.5,0.7796722033640744,0.8829904888299049,0.8281212337387478,0.44149524441495247,0.5,0.46892987196053093,0.7411879524644752,0.1568624684587121,0.008322804234921932,6.892518043518066,OK
without_duration,bank_duration_sensitivity:without_duration,bank_marketing,Bank,C:\inetpub\wwwroot\up\uni\mlm\NBEM_Major_Revision_STAGE1_READY_TO_RUN\NBEM_Major_Revision_STAGE1_READY_TO_RUN\datasets\processed\bank_marketing\bank_marketing.csv,y,none,NBEM,87,4,StratifiedKFold_10,10,True,False,45211,15,2,3,6,6,0.8878566688785667,0.5585106886741347,0.8604192606790018,0.8878566688785667,0.8544378728531009,0.7459424599620221,0.5585106886741347,0.5755721122839736,0.7247259168620797,0.034518021158874035,0.02359167020767927,3.3676490783691406,OK
without_duration,bank_duration_sensitivity:without_duration,bank_marketing,Bank,C:\inetpub\wwwroot\up\uni\mlm\NBEM_Major_Revision_STAGE1_READY_TO_RUN\NBEM_Major_Revision_STAGE1_READY_TO_RUN\datasets\processed\bank_marketing\bank_marketing.csv,y,none,Adaptive Weighted NBEM,87,4,StratifiedKFold_10,10,True,False,45211,15,2,3,6,6,0.887193098871931,0.545016071841225,0.8596254238296918,0.887193098871931,0.8493776593640107,0.7521177001007797,0.545016071841225,0.554434265183992,0.7279729591508157,0.03378373198211193,0.030024715699255466,3.3638744354248047,OK
without_duration,bank_duration_sensitivity:without_duration,bank_marketing,Bank,C:\inetpub\wwwroot\up\uni\mlm\NBEM_Major_Revision_STAGE1_READY_TO_RUN\NBEM_Major_Revision_STAGE1_READY_TO_RUN\datasets\processed\bank_marketing\bank_marketing.csv,y,none,Hybrid NBEM,87,4,StratifiedKFold_10,10,True,False,45211,15,2,3,6,6,0.8929440389294404,0.5950085426050589,0.8714197749404342,0.8929440389294404,0.8680836826577168,0.766730833656827,0.5950085426050589,0.6262538686999118,0.7729580143273315,41.53122247569263,0.15450411289930344,61.12702560424805,OK
without_duration,bank_duration_sensitivity:without_duration,bank_marketing,Bank,C:\inetpub\wwwroot\up\uni\mlm\NBEM_Major_Revision_STAGE1_READY_TO_RUN\NBEM_Major_Revision_STAGE1_READY_TO_RUN\datasets\processed\bank_marketing\bank_marketing.csv,y,none,WNB,87,5,StratifiedKFold_10,10,True,False,45211,15,2,3,6,6,0.8829904888299049,0.5,0.7796722033640744,0.8829904888299049,0.8281212337387478,0.44149524441495247,0.5,0.46892987196053093,0.75066958112823,0.14730559661984444,0.006659867241978645,6.890481948852539,OK
without_duration,bank_duration_sensitivity:without_duration,bank_marketing,Bank,C:\inetpub\wwwroot\up\uni\mlm\NBEM_Major_Revision_STAGE1_READY_TO_RUN\NBEM_Major_Revision_STAGE1_READY_TO_RUN\datasets\processed\bank_marketing\bank_marketing.csv,y,none,NBEM,87,5,StratifiedKFold_10,10,True,False,45211,15,2,3,6,6,0.8832116788321168,0.5386619174075941,0.8460083802889151,0.8832116788321168,0.8453031732822777,0.6982617944459015,0.5386619174075941,0.5442087817247252,0.7330658481424096,0.031236997805535793,0.016254328191280365,3.3642282485961914,OK
without_duration,bank_duration_sensitivity:without_duration,bank_marketing,Bank,C:\inetpub\wwwroot\up\uni\mlm\NBEM_Major_Revision_STAGE1_READY_TO_RUN\NBEM_Major_Revision_STAGE1_READY_TO_RUN\datasets\processed\bank_marketing\bank_marketing.csv,y,none,Adaptive Weighted NBEM,87,5,StratifiedKFold_10,10,True,False,45211,15,2,3,6,6,0.8825481088254811,0.5325466623227552,0.8427981146472461,0.8825481088254811,0.8426985062000504,0.6888224660575057,0.5325466623227552,0.5339755221019149,0.7403308507373916,0.029459155164659023,0.023183305747807026,3.3638744354248047,OK
without_duration,bank_duration_sensitivity:without_duration,bank_marketing,Bank,C:\inetpub\wwwroot\up\uni\mlm\NBEM_Major_Revision_STAGE1_READY_TO_RUN\NBEM_Major_Revision_STAGE1_READY_TO_RUN\datasets\processed\bank_marketing\bank_marketing.csv,y,none,Hybrid NBEM,87,5,StratifiedKFold_10,10,True,False,45211,15,2,3,6,6,0.8905109489051095,0.5805119217641332,0.8664646788082874,0.8905109489051095,0.8626729552749658,0.7560240510293816,0.5805119217641332,0.6069621543699587,0.7772468377208102,30.00299866963178,0.14890915900468826,61.12381839752197,OK
without_duration,bank_duration_sensitivity:without_duration,bank_marketing,Bank,C:\inetpub\wwwroot\up\uni\mlm\NBEM_Major_Revision_STAGE1_READY_TO_RUN\NBEM_Major_Revision_STAGE1_READY_TO_RUN\datasets\processed\bank_marketing\bank_marketing.csv,y,none,WNB,87,6,StratifiedKFold_10,10,True,False,45211,15,2,3,6,6,0.8829904888299049,0.5,0.7796722033640744,0.8829904888299049,0.8281212337387478,0.44149524441495247,0.5,0.46892987196053093,0.7525263191790007,0.15291977301239967,0.0066555943340063095,6.8923444747924805,OK
without_duration,bank_duration_sensitivity:without_duration,bank_marketing,Bank,C:\inetpub\wwwroot\up\uni\mlm\NBEM_Major_Revision_STAGE1_READY_TO_RUN\NBEM_Major_Revision_STAGE1_READY_TO_RUN\datasets\processed\bank_marketing\bank_marketing.csv,y,none,NBEM,87,6,StratifiedKFold_10,10,True,False,45211,15,2,3,6,6,0.8838752488387525,0.5431373143261949,0.8485659338078035,0.8838752488387525,0.8472354242539489,0.7060529292015381,0.5431373143261949,0.5514691945635652,0.7416993722795308,0.036449216306209564,0.01984760630875826,3.3642845153808594,OK
without_duration,bank_duration_sensitivity:without_duration,bank_marketing,Bank,C:\inetpub\wwwroot\up\uni\mlm\NBEM_Major_Revision_STAGE1_READY_TO_RUN\NBEM_Major_Revision_STAGE1_READY_TO_RUN\datasets\processed\bank_marketing\bank_marketing.csv,y,none,Adaptive Weighted NBEM,87,6,StratifiedKFold_10,10,True,False,45211,15,2,3,6,6,0.8845388188453882,0.5361337040811301,0.8500710656667153,0.8845388188453882,0.8448908282488798,0.7174468109358882,0.5361337040811301,0.539777513947306,0.7466629857067633,0.03704382386058569,0.02935065608471632,3.364333152770996,OK
without_duration,bank_duration_sensitivity:without_duration,bank_marketing,Bank,C:\inetpub\wwwroot\up\uni\mlm\NBEM_Major_Revision_STAGE1_READY_TO_RUN\NBEM_Major_Revision_STAGE1_READY_TO_RUN\datasets\processed\bank_marketing\bank_marketing.csv,y,none,Hybrid NBEM,87,6,StratifiedKFold_10,10,True,False,45211,15,2,3,6,6,0.8918380889183809,0.6091410135961906,0.8700155336193696,0.8918380889183809,0.8709628102770972,0.750060757428138,0.6091410135961906,0.6414672866746662,0.7780485356345962,65.07025003340095,0.13803193252533674,61.128910064697266,OK
without_duration,bank_duration_sensitivity:without_duration,bank_marketing,Bank,C:\inetpub\wwwroot\up\uni\mlm\NBEM_Major_Revision_STAGE1_READY_TO_RUN\NBEM_Major_Revision_STAGE1_READY_TO_RUN\datasets\processed\bank_marketing\bank_marketing.csv,y,none,WNB,87,7,StratifiedKFold_10,10,True,False,45211,15,2,3,6,6,0.8829904888299049,0.5,0.7796722033640744,0.8829904888299049,0.8281212337387478,0.44149524441495247,0.5,0.46892987196053093,0.7569524682635593,0.16912839654833078,0.006552648730576038,6.892905235290527,OK
without_duration,bank_duration_sensitivity:without_duration,bank_marketing,Bank,C:\inetpub\wwwroot\up\uni\mlm\NBEM_Major_Revision_STAGE1_READY_TO_RUN\NBEM_Major_Revision_STAGE1_READY_TO_RUN\datasets\processed\bank_marketing\bank_marketing.csv,y,none,NBEM,87,7,StratifiedKFold_10,10,True,False,45211,15,2,3,6,6,0.8860871488608715,0.5484894647518098,0.855415041450486,0.8860871488608715,0.8501452256967309,0.7316184121239538,0.5484894647518098,0.5600126384766403,0.7416368654132461,0.03597165085375309,0.017824571579694748,3.3647994995117188,OK
without_duration,bank_duration_sensitivity:without_duration,bank_marketing,Bank,C:\inetpub\wwwroot\up\uni\mlm\NBEM_Major_Revision_STAGE1_READY_TO_RUN\NBEM_Major_Revision_STAGE1_READY_TO_RUN\datasets\processed\bank_marketing\bank_marketing.csv,y,none,Adaptive Weighted NBEM,87,7,StratifiedKFold_10,10,True,False,45211,15,2,3,6,6,0.8865295288652952,0.5438203912551,0.8572119913316438,0.8865295288652952,0.8486442303538893,0.7426221126871346,0.5438203912551,0.5524889510198057,0.7443341314007978,0.029201149009168148,0.02293170802295208,3.3642349243164062,OK
without_duration,bank_duration_sensitivity:without_duration,bank_marketing,Bank,C:\inetpub\wwwroot\up\uni\mlm\NBEM_Major_Revision_STAGE1_READY_TO_RUN\NBEM_Major_Revision_STAGE1_READY_TO_RUN\datasets\processed\bank_marketing\bank_marketing.csv,y,none,Hybrid NBEM,87,7,StratifiedKFold_10,10,True,False,45211,15,2,3,6,6,0.893607608936076,0.5880049323599941,0.8732679996938177,0.893607608936076,0.8665569524995123,0.7798514654684319,0.5880049323599941,0.6180783762665659,0.7785220725003884,29.899444604292512,0.15992478467524052,61.125372886657715,OK
without_duration,bank_duration_sensitivity:without_duration,bank_marketing,Bank,C:\inetpub\wwwroot\up\uni\mlm\NBEM_Major_Revision_STAGE1_READY_TO_RUN\NBEM_Major_Revision_STAGE1_READY_TO_RUN\datasets\processed\bank_marketing\bank_marketing.csv,y,none,WNB,87,8,StratifiedKFold_10,10,True,False,45211,15,2,3,6,6,0.8829904888299049,0.5,0.7796722033640744,0.8829904888299049,0.8281212337387478,0.44149524441495247,0.5,0.46892987196053093,0.7595256675922734,0.20680612605065107,0.006442014127969742,6.892692565917969,OK
without_duration,bank_duration_sensitivity:without_duration,bank_marketing,Bank,C:\inetpub\wwwroot\up\uni\mlm\NBEM_Major_Revision_STAGE1_READY_TO_RUN\NBEM_Major_Revision_STAGE1_READY_TO_RUN\datasets\processed\bank_marketing\bank_marketing.csv,y,none,NBEM,87,8,StratifiedKFold_10,10,True,False,45211,15,2,3,6,6,0.8840964388409643,0.5440824939103159,0.8493002360314639,0.8840964388409643,0.8476745917877981,0.7085300837776085,0.5440824939103159,0.5529810021964088,0.7355774876785708,0.04204502422362566,0.02094711735844612,3.3643875122070312,OK
without_duration,bank_duration_sensitivity:without_duration,bank_marketing,Bank,C:\inetpub\wwwroot\up\uni\mlm\NBEM_Major_Revision_STAGE1_READY_TO_RUN\NBEM_Major_Revision_STAGE1_READY_TO_RUN\datasets\processed\bank_marketing\bank_marketing.csv,y,none,Adaptive Weighted NBEM,87,8,StratifiedKFold_10,10,True,False,45211,15,2,3,6,6,0.8834328688343287,0.5338675934098821,0.8459303112782346,0.8834328688343287,0.8435651026699837,0.7013074195001125,0.5338675934098821,0.536077186796651,0.7415246371760533,0.035741837695240974,0.02843012474477291,3.364286422729492,OK
without_duration,bank_duration_sensitivity:without_duration,bank_marketing,Bank,C:\inetpub\wwwroot\up\uni\mlm\NBEM_Major_Revision_STAGE1_READY_TO_RUN\NBEM_Major_Revision_STAGE1_READY_TO_RUN\datasets\processed\bank_marketing\bank_marketing.csv,y,none,Hybrid NBEM,87,8,StratifiedKFold_10,10,True,False,45211,15,2,3,6,6,0.8922804689228047,0.5888932875202201,0.8701669433388186,0.8922804689228047,0.8660417418992178,0.765835691162601,0.5888932875202201,0.6184539716466793,0.7824656875187047,31.554718461818993,0.13860689103603363,61.125914573669434,OK
without_duration,bank_duration_sensitivity:without_duration,bank_marketing,Bank,C:\inetpub\wwwroot\up\uni\mlm\NBEM_Major_Revision_STAGE1_READY_TO_RUN\NBEM_Major_Revision_STAGE1_READY_TO_RUN\datasets\processed\bank_marketing\bank_marketing.csv,y,none,WNB,87,9,StratifiedKFold_10,10,True,False,45211,15,2,3,6,6,0.8829904888299049,0.5,0.7796722033640744,0.8829904888299049,0.8281212337387478,0.44149524441495247,0.5,0.46892987196053093,0.7391214375821586,0.1385851064696908,0.00646593514829874,6.892457008361816,OK
without_duration,bank_duration_sensitivity:without_duration,bank_marketing,Bank,C:\inetpub\wwwroot\up\uni\mlm\NBEM_Major_Revision_STAGE1_READY_TO_RUN\NBEM_Major_Revision_STAGE1_READY_TO_RUN\datasets\processed\bank_marketing\bank_marketing.csv,y,none,NBEM,87,9,StratifiedKFold_10,10,True,False,45211,15,2,3,6,6,0.8836540588365406,0.5479316383239068,0.8486998926427575,0.8836540588365406,0.8488403708077629,0.7032115783049323,0.5479316383239068,0.5590331553182021,0.7230974235806206,0.03336682263761759,0.016675508581101894,3.364593505859375,OK
without_duration,bank_duration_sensitivity:without_duration,bank_marketing,Bank,C:\inetpub\wwwroot\up\uni\mlm\NBEM_Major_Revision_STAGE1_READY_TO_RUN\NBEM_Major_Revision_STAGE1_READY_TO_RUN\datasets\processed\bank_marketing\bank_marketing.csv,y,none,Adaptive Weighted NBEM,87,9,StratifiedKFold_10,10,True,False,45211,15,2,3,6,6,0.8807785888077859,0.5323645873978581,0.8378455918990023,0.8807785888077859,0.8419237568869571,0.6677346441929182,0.5323645873978581,0.5340192192626324,0.7278981403260206,0.02922208048403263,0.023221750743687153,3.3639774322509766,OK
without_duration,bank_duration_sensitivity:without_duration,bank_marketing,Bank,C:\inetpub\wwwroot\up\uni\mlm\NBEM_Major_Revision_STAGE1_READY_TO_RUN\NBEM_Major_Revision_STAGE1_READY_TO_RUN\datasets\processed\bank_marketing\bank_marketing.csv,y,none,Hybrid NBEM,87,9,StratifiedKFold_10,10,True,False,45211,15,2,3,6,6,0.8891838088918381,0.5789404896750021,0.8635959047126178,0.8891838088918381,0.8614857282424748,0.7448145211031809,0.5789404896750021,0.6043316979777432,0.7686265726159314,30.155080781318247,0.11009389907121658,61.127203941345215,OK
without_duration,bank_duration_sensitivity:without_duration,bank_marketing,Bank,C:\inetpub\wwwroot\up\uni\mlm\NBEM_Major_Revision_STAGE1_READY_TO_RUN\NBEM_Major_Revision_STAGE1_READY_TO_RUN\datasets\processed\bank_marketing\bank_marketing.csv,y,none,WNB,87,10,StratifiedKFold_10,10,True,False,45211,15,2,3,6,6,0.8829904888299049,0.5,0.7796722033640744,0.8829904888299049,0.8281212337387478,0.44149524441495247,0.5,0.46892987196053093,0.7503721999765125,0.22604972682893276,0.012585869990289211,6.892887115478516,OK
without_duration,bank_duration_sensitivity:without_duration,bank_marketing,Bank,C:\inetpub\wwwroot\up\uni\mlm\NBEM_Major_Revision_STAGE1_READY_TO_RUN\NBEM_Major_Revision_STAGE1_READY_TO_RUN\datasets\processed\bank_marketing\bank_marketing.csv,y,none,NBEM,87,10,StratifiedKFold_10,10,True,False,45211,15,2,3,6,6,0.8876354788763547,0.54444664376011,0.8616024562496581,0.8876354788763547,0.8493587688281135,0.760985985985986,0.54444664376011,0.5534832177186051,0.7451940743490763,0.03757692128419876,0.01977883279323578,3.364593505859375,OK
without_duration,bank_duration_sensitivity:without_duration,bank_marketing,Bank,C:\inetpub\wwwroot\up\uni\mlm\NBEM_Major_Revision_STAGE1_READY_TO_RUN\NBEM_Major_Revision_STAGE1_READY_TO_RUN\datasets\processed\bank_marketing\bank_marketing.csv,y,none,Adaptive Weighted NBEM,87,10,StratifiedKFold_10,10,True,False,45211,15,2,3,6,6,0.8869719088697191,0.5366915305090332,0.8609266495722294,0.8869719088697191,0.8460931012546691,0.7635241301907969,0.5366915305090332,0.5403408101727728,0.7492409204041353,0.03525871969759464,0.027530523017048836,3.3638229370117188,OK
without_duration,bank_duration_sensitivity:without_duration,bank_marketing,Bank,C:\inetpub\wwwroot\up\uni\mlm\NBEM_Major_Revision_STAGE1_READY_TO_RUN\NBEM_Major_Revision_STAGE1_READY_TO_RUN\datasets\processed\bank_marketing\bank_marketing.csv,y,none,Hybrid NBEM,87,10,StratifiedKFold_10,10,True,False,45211,15,2,3,6,6,0.893607608936076,0.6011237976898978,0.8726727172867916,0.893607608936076,0.8700709826223748,0.7676038335455284,0.6011237976898978,0.6338178321170207,0.7675686912577518,45.56989121995866,0.1695628184825182,61.12705898284912,OK
without_duration,bank_duration_sensitivity:without_duration,bank_marketing,Bank,C:\inetpub\wwwroot\up\uni\mlm\NBEM_Major_Revision_STAGE1_READY_TO_RUN\NBEM_Major_Revision_STAGE1_READY_TO_RUN\datasets\processed\bank_marketing\bank_marketing.csv,y,none,WNB,123,1,StratifiedKFold_10,10,True,False,45211,15,2,3,6,6,0.883016364440513,0.5,0.7797178998697409,0.883016364440513,0.828158389479969,0.4415081822202565,0.5,0.46893716970052846,0.7490061766882214,0.13993066363036633,0.005518064834177494,6.893660545349121,OK
without_duration,bank_duration_sensitivity:without_duration,bank_marketing,Bank,C:\inetpub\wwwroot\up\uni\mlm\NBEM_Major_Revision_STAGE1_READY_TO_RUN\NBEM_Major_Revision_STAGE1_READY_TO_RUN\datasets\processed\bank_marketing\bank_marketing.csv,y,none,NBEM,123,1,StratifiedKFold_10,10,True,False,45211,15,2,3,6,6,0.8803626713843432,0.5337556697756045,0.837341860699738,0.8803626713843432,0.8423063705723633,0.6644600878326014,0.5337556697756045,0.5364432011693506,0.7311197241675768,0.029692383483052254,0.016244075261056423,3.3639211654663086,OK
without_duration,bank_duration_sensitivity:without_duration,bank_marketing,Bank,C:\inetpub\wwwroot\up\uni\mlm\NBEM_Major_Revision_STAGE1_READY_TO_RUN\NBEM_Major_Revision_STAGE1_READY_TO_RUN\datasets\processed\bank_marketing\bank_marketing.csv,y,none,Adaptive Weighted NBEM,123,1,StratifiedKFold_10,10,True,False,45211,15,2,3,6,6,0.8832375055285272,0.5304637558070668,0.8446596195204858,0.8832375055285272,0.8421686656357495,0.6981313331916976,0.5304637558070668,0.5301895836432455,0.7363595176246522,0.02890469878911972,0.022693351842463017,3.3640403747558594,OK
without_duration,bank_duration_sensitivity:without_duration,bank_marketing,Bank,C:\inetpub\wwwroot\up\uni\mlm\NBEM_Major_Revision_STAGE1_READY_TO_RUN\NBEM_Major_Revision_STAGE1_READY_TO_RUN\datasets\processed\bank_marketing\bank_marketing.csv,y,none,Hybrid NBEM,123,1,StratifiedKFold_10,10,True,False,45211,15,2,3,6,6,0.8905351614329943,0.5895333374047305,0.8666262207101939,0.8905351614329943,0.8652259154875387,0.7499775296344469,0.5895333374047305,0.6182647099803316,0.7775185023696951,35.674222288653255,0.13597472663968801,61.124074935913086,OK
without_duration,bank_duration_sensitivity:without_duration,bank_marketing,Bank,C:\inetpub\wwwroot\up\uni\mlm\NBEM_Major_Revision_STAGE1_READY_TO_RUN\NBEM_Major_Revision_STAGE1_READY_TO_RUN\datasets\processed\bank_marketing\bank_marketing.csv,y,none,WNB,123,2,StratifiedKFold_10,10,True,False,45211,15,2,3,6,6,0.8832116788321168,0.5,0.7800628696254462,0.8832116788321168,0.8284388615402025,0.4416058394160584,0.5,0.4689922480620155,0.754876194324917,0.2875848235562444,0.012305652722716331,6.891257286071777,OK
without_duration,bank_duration_sensitivity:without_duration,bank_marketing,Bank,C:\inetpub\wwwroot\up\uni\mlm\NBEM_Major_Revision_STAGE1_READY_TO_RUN\NBEM_Major_Revision_STAGE1_READY_TO_RUN\datasets\processed\bank_marketing\bank_marketing.csv,y,none,NBEM,123,2,StratifiedKFold_10,10,True,False,45211,15,2,3,6,6,0.8891838088918381,0.5592599549211119,0.863985821468258,0.8891838088918381,0.8555001459483189,0.7597960524674159,0.5592599549211119,0.5769467041838929,0.7375036996562166,0.06879597902297974,0.03553082048892975,3.3642959594726562,OK
without_duration,bank_duration_sensitivity:without_duration,bank_marketing,Bank,C:\inetpub\wwwroot\up\uni\mlm\NBEM_Major_Revision_STAGE1_READY_TO_RUN\NBEM_Major_Revision_STAGE1_READY_TO_RUN\datasets\processed\bank_marketing\bank_marketing.csv,y,none,Adaptive Weighted NBEM,123,2,StratifiedKFold_10,10,True,False,45211,15,2,3,6,6,0.887193098871931,0.5449849737039819,0.8590344662342974,0.887193098871931,0.8495479991816138,0.7486615453186859,0.5449849737039819,0.554434265183992,0.7396347964999355,0.03621384967118502,0.027081575244665146,3.3641433715820312,OK
without_duration,bank_duration_sensitivity:without_duration,bank_marketing,Bank,C:\inetpub\wwwroot\up\uni\mlm\NBEM_Major_Revision_STAGE1_READY_TO_RUN\NBEM_Major_Revision_STAGE1_READY_TO_RUN\datasets\processed\bank_marketing\bank_marketing.csv,y,none,Hybrid NBEM,123,2,StratifiedKFold_10,10,True,False,45211,15,2,3,6,6,0.8949347489493474,0.59949442774856,0.87519619716456,0.8949347489493474,0.8705670410865515,0.7788665042993655,0.59949442774856,0.632724484059544,0.7697874689798057,36.112380063161254,0.19475121796131134,61.12330913543701,OK
without_duration,bank_duration_sensitivity:without_duration,bank_marketing,Bank,C:\inetpub\wwwroot\up\uni\mlm\NBEM_Major_Revision_STAGE1_READY_TO_RUN\NBEM_Major_Revision_STAGE1_READY_TO_RUN\datasets\processed\bank_marketing\bank_marketing.csv,y,none,WNB,123,3,StratifiedKFold_10,10,True,False,45211,15,2,3,6,6,0.8829904888299049,0.5,0.7796722033640744,0.8829904888299049,0.8281212337387478,0.44149524441495247,0.5,0.46892987196053093,0.741250222562327,0.14318306650966406,0.005943517200648785,6.892189979553223,OK
without_duration,bank_duration_sensitivity:without_duration,bank_marketing,Bank,C:\inetpub\wwwroot\up\uni\mlm\NBEM_Major_Revision_STAGE1_READY_TO_RUN\NBEM_Major_Revision_STAGE1_READY_TO_RUN\datasets\processed\bank_marketing\bank_marketing.csv,y,none,NBEM,123,3,StratifiedKFold_10,10,True,False,45211,15,2,3,6,6,0.884981198849812,0.5495030704130378,0.8522630089187974,0.884981198849812,0.8499964472156828,0.7173783759055786,0.5495030704130378,0.5615388402895173,0.7261645218603558,0.030321593396365643,0.016979648731648922,3.364588737487793,OK
without_duration,bank_duration_sensitivity:without_duration,bank_marketing,Bank,C:\inetpub\wwwroot\up\uni\mlm\NBEM_Major_Revision_STAGE1_READY_TO_RUN\NBEM_Major_Revision_STAGE1_READY_TO_RUN\datasets\processed\bank_marketing\bank_marketing.csv,y,none,Adaptive Weighted NBEM,123,3,StratifiedKFold_10,10,True,False,45211,15,2,3,6,6,0.8845388188453882,0.5385934913304871,0.8501716225815975,0.8845388188453882,0.8458336042902226,0.7161472975123322,0.5385934913304871,0.5439503655412623,0.7312417841353784,0.030695357359945774,0.023613030090928078,3.362844467163086,OK
without_duration,bank_duration_sensitivity:without_duration,bank_marketing,Bank,C:\inetpub\wwwroot\up\uni\mlm\NBEM_Major_Revision_STAGE1_READY_TO_RUN\NBEM_Major_Revision_STAGE1_READY_TO_RUN\datasets\processed\bank_marketing\bank_marketing.csv,y,none,Hybrid NBEM,123,3,StratifiedKFold_10,10,True,False,45211,15,2,3,6,6,0.8925016589250165,0.5939381125199359,0.8705403396952945,0.8925016589250165,0.8675385739083686,0.7637256648462385,0.5939381125199359,0.6247094631986718,0.7720772357569581,32.050131608732045,0.14262903947383165,61.12370491027832,OK
without_duration,bank_duration_sensitivity:without_duration,bank_marketing,Bank,C:\inetpub\wwwroot\up\uni\mlm\NBEM_Major_Revision_STAGE1_READY_TO_RUN\NBEM_Major_Revision_STAGE1_READY_TO_RUN\datasets\processed\bank_marketing\bank_marketing.csv,y,none,WNB,123,4,StratifiedKFold_10,10,True,False,45211,15,2,3,6,6,0.8829904888299049,0.5,0.7796722033640744,0.8829904888299049,0.8281212337387478,0.44149524441495247,0.5,0.46892987196053093,0.7406377026264249,0.15823792666196823,0.007843956351280212,6.8932390213012695,OK
without_duration,bank_duration_sensitivity:without_duration,bank_marketing,Bank,C:\inetpub\wwwroot\up\uni\mlm\NBEM_Major_Revision_STAGE1_READY_TO_RUN\NBEM_Major_Revision_STAGE1_READY_TO_RUN\datasets\processed\bank_marketing\bank_marketing.csv,y,none,NBEM,123,4,StratifiedKFold_10,10,True,False,45211,15,2,3,6,6,0.8823269188232692,0.5422605608191808,0.8444343389424611,0.8823269188232692,0.8462413049242395,0.6889580307348326,0.5422605608191808,0.55011694252533,0.7309557678684402,0.0397246852517128,0.02154642529785633,3.364382743835449,OK
without_duration,bank_duration_sensitivity:without_duration,bank_marketing,Bank,C:\inetpub\wwwroot\up\uni\mlm\NBEM_Major_Revision_STAGE1_READY_TO_RUN\NBEM_Major_Revision_STAGE1_READY_TO_RUN\datasets\processed\bank_marketing\bank_marketing.csv,y,none,Adaptive Weighted NBEM,123,4,StratifiedKFold_10,10,True,False,45211,15,2,3,6,6,0.8821057288210573,0.5306563031545132,0.8409459737567352,0.8821057288210573,0.8417840601956383,0.6822196577347444,0.5306563031545132,0.5307953331358918,0.7342799966663005,0.03587596584111452,0.027841067872941494,3.3641786575317383,OK
without_duration,bank_duration_sensitivity:without_duration,bank_marketing,Bank,C:\inetpub\wwwroot\up\uni\mlm\NBEM_Major_Revision_STAGE1_READY_TO_RUN\NBEM_Major_Revision_STAGE1_READY_TO_RUN\datasets\processed\bank_marketing\bank_marketing.csv,y,none,Hybrid NBEM,123,4,StratifiedKFold_10,10,True,False,45211,15,2,3,6,6,0.8909533289095333,0.6061802243428255,0.8684383344967462,0.8909533289095333,0.8697103776593526,0.7454581678540309,0.6061802243428255,0.6376462130556437,0.7685924779615944,59.20843830797821,0.14945549797266722,61.12830924987793,OK
without_duration,bank_duration_sensitivity:without_duration,bank_marketing,Bank,C:\inetpub\wwwroot\up\uni\mlm\NBEM_Major_Revision_STAGE1_READY_TO_RUN\NBEM_Major_Revision_STAGE1_READY_TO_RUN\datasets\processed\bank_marketing\bank_marketing.csv,y,none,WNB,123,5,StratifiedKFold_10,10,True,False,45211,15,2,3,6,6,0.8829904888299049,0.5,0.7796722033640744,0.8829904888299049,0.8281212337387478,0.44149524441495247,0.5,0.46892987196053093,0.728740088873399,0.11907666549086571,0.005539422854781151,6.893118858337402,OK
without_duration,bank_duration_sensitivity:without_duration,bank_marketing,Bank,C:\inetpub\wwwroot\up\uni\mlm\NBEM_Major_Revision_STAGE1_READY_TO_RUN\NBEM_Major_Revision_STAGE1_READY_TO_RUN\datasets\processed\bank_marketing\bank_marketing.csv,y,none,NBEM,123,5,StratifiedKFold_10,10,True,False,45211,15,2,3,6,6,0.8854235788542358,0.5423742096669709,0.8532946611060614,0.8854235788542358,0.8476281178270957,0.7268600677402345,0.5423742096669709,0.5501606597884915,0.7101054661307491,0.029520664364099503,0.01609200704842806,3.364537239074707,OK
without_duration,bank_duration_sensitivity:without_duration,bank_marketing,Bank,C:\inetpub\wwwroot\up\uni\mlm\NBEM_Major_Revision_STAGE1_READY_TO_RUN\NBEM_Major_Revision_STAGE1_READY_TO_RUN\datasets\processed\bank_marketing\bank_marketing.csv,y,none,Adaptive Weighted NBEM,123,5,StratifiedKFold_10,10,True,False,45211,15,2,3,6,6,0.8843176288431763,0.5302689499982953,0.8491002085044701,0.8843176288431763,0.8424788492293385,0.7173961840628507,0.5302689499982953,0.5295464652061843,0.7156690507669403,0.05339127406477928,0.05302818585187197,3.364389419555664,OK
without_duration,bank_duration_sensitivity:without_duration,bank_marketing,Bank,C:\inetpub\wwwroot\up\uni\mlm\NBEM_Major_Revision_STAGE1_READY_TO_RUN\NBEM_Major_Revision_STAGE1_READY_TO_RUN\datasets\processed\bank_marketing\bank_marketing.csv,y,none,Hybrid NBEM,123,5,StratifiedKFold_10,10,True,False,45211,15,2,3,6,6,0.8922804689228047,0.5888932875202201,0.8701669433388186,0.8922804689228047,0.8660417418992178,0.765835691162601,0.5888932875202201,0.6184539716466793,0.7686450405536972,46.87529591564089,0.13681025244295597,61.12661170959473,OK
without_duration,bank_duration_sensitivity:without_duration,bank_marketing,Bank,C:\inetpub\wwwroot\up\uni\mlm\NBEM_Major_Revision_STAGE1_READY_TO_RUN\NBEM_Major_Revision_STAGE1_READY_TO_RUN\datasets\processed\bank_marketing\bank_marketing.csv,y,none,WNB,123,6,StratifiedKFold_10,10,True,False,45211,15,2,3,6,6,0.8829904888299049,0.5,0.7796722033640744,0.8829904888299049,0.8281212337387478,0.44149524441495247,0.5,0.46892987196053093,0.7469584727110175,0.27036767452955246,0.01322789303958416,6.89289665222168,OK
without_duration,bank_duration_sensitivity:without_duration,bank_marketing,Bank,C:\inetpub\wwwroot\up\uni\mlm\NBEM_Major_Revision_STAGE1_READY_TO_RUN\NBEM_Major_Revision_STAGE1_READY_TO_RUN\datasets\processed\bank_marketing\bank_marketing.csv,y,none,NBEM,123,6,StratifiedKFold_10,10,True,False,45211,15,2,3,6,6,0.8852023888520238,0.540609100999731,0.8525329763812329,0.8852023888520238,0.8468739874340517,0.7248420335072494,0.540609100999731,0.5472549036633122,0.7323782726132795,0.06724837329238653,0.037663208320736885,3.3632030487060547,OK
without_duration,bank_duration_sensitivity:without_duration,bank_marketing,Bank,C:\inetpub\wwwroot\up\uni\mlm\NBEM_Major_Revision_STAGE1_READY_TO_RUN\NBEM_Major_Revision_STAGE1_READY_TO_RUN\datasets\processed\bank_marketing\bank_marketing.csv,y,none,Adaptive Weighted NBEM,123,6,StratifiedKFold_10,10,True,False,45211,15,2,3,6,6,0.8832116788321168,0.5255430520776904,0.8438603335138074,0.8832116788321168,0.8401256158083968,0.6982687642431817,0.5255430520776904,0.5213071622803147,0.7368806611332305,0.03504642006009817,0.026348995976150036,3.362844467163086,OK
without_duration,bank_duration_sensitivity:without_duration,bank_marketing,Bank,C:\inetpub\wwwroot\up\uni\mlm\NBEM_Major_Revision_STAGE1_READY_TO_RUN\NBEM_Major_Revision_STAGE1_READY_TO_RUN\datasets\processed\bank_marketing\bank_marketing.csv,y,none,Hybrid NBEM,123,6,StratifiedKFold_10,10,True,False,45211,15,2,3,6,6,0.8907321389073214,0.5970357539275147,0.8673836685693906,0.8907321389073214,0.8673035137563684,0.7477745668234526,0.5970357539275147,0.6272640791476407,0.7732923313545806,45.045842912979424,0.14862253330647945,61.12401485443115,OK
without_duration,bank_duration_sensitivity:without_duration,bank_marketing,Bank,C:\inetpub\wwwroot\up\uni\mlm\NBEM_Major_Revision_STAGE1_READY_TO_RUN\NBEM_Major_Revision_STAGE1_READY_TO_RUN\datasets\processed\bank_marketing\bank_marketing.csv,y,none,WNB,123,7,StratifiedKFold_10,10,True,False,45211,15,2,3,6,6,0.8829904888299049,0.5,0.7796722033640744,0.8829904888299049,0.8281212337387478,0.44149524441495247,0.5,0.46892987196053093,0.7303624261756025,0.2585882842540741,0.02138666622340679,6.8901824951171875,OK
without_duration,bank_duration_sensitivity:without_duration,bank_marketing,Bank,C:\inetpub\wwwroot\up\uni\mlm\NBEM_Major_Revision_STAGE1_READY_TO_RUN\NBEM_Major_Revision_STAGE1_READY_TO_RUN\datasets\processed\bank_marketing\bank_marketing.csv,y,none,NBEM,123,7,StratifiedKFold_10,10,True,False,45211,15,2,3,6,6,0.8863083388630834,0.5469748570865739,0.8561694637677737,0.8863083388630834,0.8497020893014098,0.7359264632435132,0.5469748570865739,0.5576112085823418,0.7220580101602069,0.08488456811755896,0.03752822428941727,3.3632030487060547,OK
without_duration,bank_duration_sensitivity:without_duration,bank_marketing,Bank,C:\inetpub\wwwroot\up\uni\mlm\NBEM_Major_Revision_STAGE1_READY_TO_RUN\NBEM_Major_Revision_STAGE1_READY_TO_RUN\datasets\processed\bank_marketing\bank_marketing.csv,y,none,Adaptive Weighted NBEM,123,7,StratifiedKFold_10,10,True,False,45211,15,2,3,6,6,0.8838752488387525,0.5324782362456482,0.8473639061528214,0.8838752488387525,0.8431941827374848,0.7084201921732841,0.5324782362456482,0.5335710356854193,0.7276769986096958,0.06607069168239832,0.027869262732565403,3.362844467163086,OK
without_duration,bank_duration_sensitivity:without_duration,bank_marketing,Bank,C:\inetpub\wwwroot\up\uni\mlm\NBEM_Major_Revision_STAGE1_READY_TO_RUN\NBEM_Major_Revision_STAGE1_READY_TO_RUN\datasets\processed\bank_marketing\bank_marketing.csv,y,none,Hybrid NBEM,123,7,StratifiedKFold_10,10,True,False,45211,15,2,3,6,6,0.8920592789205928,0.6002470441828838,0.8698332859958432,0.8920592789205928,0.8689152119698539,0.7559743902881395,0.6002470441828838,0.6317912360810702,0.7545180152365221,51.289734297432005,0.14603607542812824,61.12687587738037,OK
without_duration,bank_duration_sensitivity:without_duration,bank_marketing,Bank,C:\inetpub\wwwroot\up\uni\mlm\NBEM_Major_Revision_STAGE1_READY_TO_RUN\NBEM_Major_Revision_STAGE1_READY_TO_RUN\datasets\processed\bank_marketing\bank_marketing.csv,y,none,WNB,123,8,StratifiedKFold_10,10,True,False,45211,15,2,3,6,6,0.8829904888299049,0.5,0.7796722033640744,0.8829904888299049,0.8281212337387478,0.44149524441495247,0.5,0.46892987196053093,0.746872999306742,0.26225845143198967,0.012764424085617065,6.89198112487793,OK
without_duration,bank_duration_sensitivity:without_duration,bank_marketing,Bank,C:\inetpub\wwwroot\up\uni\mlm\NBEM_Major_Revision_STAGE1_READY_TO_RUN\NBEM_Major_Revision_STAGE1_READY_TO_RUN\datasets\processed\bank_marketing\bank_marketing.csv,y,none,NBEM,123,8,StratifiedKFold_10,10,True,False,45211,15,2,3,6,6,0.8847600088476001,0.5485578908289168,0.8515872530959012,0.8847600088476001,0.8495644890819072,0.715153460734698,0.5485578908289168,0.5600583490614934,0.7346739793386395,0.06790235824882984,0.038066874258220196,3.3642330169677734,OK
without_duration,bank_duration_sensitivity:without_duration,bank_marketing,Bank,C:\inetpub\wwwroot\up\uni\mlm\NBEM_Major_Revision_STAGE1_READY_TO_RUN\NBEM_Major_Revision_STAGE1_READY_TO_RUN\datasets\processed\bank_marketing\bank_marketing.csv,y,none,Adaptive Weighted NBEM,123,8,StratifiedKFold_10,10,True,False,45211,15,2,3,6,6,0.8823269188232692,0.5332413409048722,0.8422934548748521,0.8823269188232692,0.8428802250620661,0.6861719620219594,0.5332413409048722,0.5352137825056543,0.7412656125104651,0.04455416742712259,0.03393836412578821,3.3640804290771484,OK
without_duration,bank_duration_sensitivity:without_duration,bank_marketing,Bank,C:\inetpub\wwwroot\up\uni\mlm\NBEM_Major_Revision_STAGE1_READY_TO_RUN\NBEM_Major_Revision_STAGE1_READY_TO_RUN\datasets\processed\bank_marketing\bank_marketing.csv,y,none,Hybrid NBEM,123,8,StratifiedKFold_10,10,True,False,45211,15,2,3,6,6,0.8902897589028976,0.6131838345878904,0.868236495086503,0.8902897589028976,0.8709422124480961,0.7392323521875601,0.6131838345878904,0.6445889915934422,0.7745704073553534,81.52059556357563,0.14175848476588726,61.1265869140625,OK
without_duration,bank_duration_sensitivity:without_duration,bank_marketing,Bank,C:\inetpub\wwwroot\up\uni\mlm\NBEM_Major_Revision_STAGE1_READY_TO_RUN\NBEM_Major_Revision_STAGE1_READY_TO_RUN\datasets\processed\bank_marketing\bank_marketing.csv,y,none,WNB,123,9,StratifiedKFold_10,10,True,False,45211,15,2,3,6,6,0.8829904888299049,0.5,0.7796722033640744,0.8829904888299049,0.8281212337387478,0.44149524441495247,0.5,0.46892987196053093,0.764441453796061,0.16073852684348822,0.006683787330985069,6.892205238342285,OK
without_duration,bank_duration_sensitivity:without_duration,bank_marketing,Bank,C:\inetpub\wwwroot\up\uni\mlm\NBEM_Major_Revision_STAGE1_READY_TO_RUN\NBEM_Major_Revision_STAGE1_READY_TO_RUN\datasets\processed\bank_marketing\bank_marketing.csv,y,none,NBEM,123,9,StratifiedKFold_10,10,True,False,45211,15,2,3,6,6,0.88940499889405,0.5634870875967436,0.8645696150419793,0.88940499889405,0.8568513652041074,0.7601946947995994,0.5634870875967436,0.5832270121257801,0.7511772126483591,0.03681785613298416,0.020016761496663094,3.364490509033203,OK
without_duration,bank_duration_sensitivity:without_duration,bank_marketing,Bank,C:\inetpub\wwwroot\up\uni\mlm\NBEM_Major_Revision_STAGE1_READY_TO_RUN\NBEM_Major_Revision_STAGE1_READY_TO_RUN\datasets\processed\bank_marketing\bank_marketing.csv,y,none,Adaptive Weighted NBEM,123,9,StratifiedKFold_10,10,True,False,45211,15,2,3,6,6,0.887193098871931,0.5532153626724148,0.8587039754208907,0.887193098871931,0.8523165016874941,0.7423621894409937,0.5532153626724148,0.5674635393061138,0.7546880149713415,0.03590672183781862,0.02704142313450575,3.3638744354248047,OK
without_duration,bank_duration_sensitivity:without_duration,bank_marketing,Bank,C:\inetpub\wwwroot\up\uni\mlm\NBEM_Major_Revision_STAGE1_READY_TO_RUN\NBEM_Major_Revision_STAGE1_READY_TO_RUN\datasets\processed\bank_marketing\bank_marketing.csv,y,none,Hybrid NBEM,123,9,StratifiedKFold_10,10,True,False,45211,15,2,3,6,6,0.8942711789427118,0.6047792655253796,0.8739158730868701,0.8942711789427118,0.8713971789702366,0.7702534845886646,0.6047792655253796,0.6384187616035252,0.7868842600134107,43.50686618499458,0.13984651304781437,61.12614345550537,OK
without_duration,bank_duration_sensitivity:without_duration,bank_marketing,Bank,C:\inetpub\wwwroot\up\uni\mlm\NBEM_Major_Revision_STAGE1_READY_TO_RUN\NBEM_Major_Revision_STAGE1_READY_TO_RUN\datasets\processed\bank_marketing\bank_marketing.csv,y,none,WNB,123,10,StratifiedKFold_10,10,True,False,45211,15,2,3,6,6,0.8829904888299049,0.5,0.7796722033640744,0.8829904888299049,0.8281212337387478,0.44149524441495247,0.5,0.46892987196053093,0.7672455023468487,0.16323357447981834,0.006534707732498646,6.892486572265625,OK
without_duration,bank_duration_sensitivity:without_duration,bank_marketing,Bank,C:\inetpub\wwwroot\up\uni\mlm\NBEM_Major_Revision_STAGE1_READY_TO_RUN\NBEM_Major_Revision_STAGE1_READY_TO_RUN\datasets\processed\bank_marketing\bank_marketing.csv,y,none,NBEM,123,10,StratifiedKFold_10,10,True,False,45211,15,2,3,6,6,0.8858659588586596,0.5500040724170459,0.8547609888612745,0.8858659588586596,0.8505790487661704,0.727736801242236,0.5500040724170459,0.5623748750626563,0.7502230358637881,0.07128333766013384,0.04079258907586336,3.3642845153808594,OK
without_duration,bank_duration_sensitivity:without_duration,bank_marketing,Bank,C:\inetpub\wwwroot\up\uni\mlm\NBEM_Major_Revision_STAGE1_READY_TO_RUN\NBEM_Major_Revision_STAGE1_READY_TO_RUN\datasets\processed\bank_marketing\bank_marketing.csv,y,none,Adaptive Weighted NBEM,123,10,StratifiedKFold_10,10,True,False,45211,15,2,3,6,6,0.8869719088697191,0.546530679506461,0.8585402528115366,0.8869719088697191,0.8498371396991128,0.7464003610923042,0.546530679506461,0.556903869453533,0.7540908849835777,0.04654901009052992,0.029176801443099976,3.3638744354248047,OK
without_duration,bank_duration_sensitivity:without_duration,bank_marketing,Bank,C:\inetpub\wwwroot\up\uni\mlm\NBEM_Major_Revision_STAGE1_READY_TO_RUN\NBEM_Major_Revision_STAGE1_READY_TO_RUN\datasets\processed\bank_marketing\bank_marketing.csv,y,none,Hybrid NBEM,123,10,StratifiedKFold_10,10,True,False,45211,15,2,3,6,6,0.8900685689006856,0.586820853427081,0.8656497270387624,0.8900685689006856,0.864203860074768,0.7478747279192073,0.586820853427081,0.6147066827372951,0.7925605464236601,39.47760523390025,0.13977005053311586,61.12656021118164,OK
